{
"type": "FeatureCollection",
"name": "intersections",
"crs": { "type": "name", "properties": { "name": "urn:ogc:def:crs:OGC:1.3:CRS84" } },
"features": [
{ "type": "Feature", "properties": { "int_id": 2, "names": "Hamilton Street Northeast & North Capitol Street", "crashes": 1, "ksi": 0, "mu": 0.28, "eb": 0.65, "n_approaches": 4 }, "geometry": { "type": "Point", "coordinates": [ -77.00905, 38.95345 ] } },
{ "type": "Feature", "properties": { "int_id": 4, "names": "Hamilton Street Northwest & 3rd Street Northwest", "crashes": 1, "ksi": 0, "mu": 0.04, "eb": 0.18, "n_approaches": 4 }, "geometry": { "type": "Point", "coordinates": [ -77.01545, 38.95326 ] } },
{ "type": "Feature", "properties": { "int_id": 10, "names": "Hamilton Street Northwest & Georgia Avenue Northwest", "crashes": 1, "ksi": 0, "mu": 0.19, "eb": 0.53, "n_approaches": 4 }, "geometry": { "type": "Point", "coordinates": [ -77.02703, 38.95292 ] } },
{ "type": "Feature", "properties": { "int_id": 27, "names": "Ayers Place Southeast & 51st Street Southeast", "crashes": 1, "ksi": 0, "mu": 0.1, "eb": 0.35, "n_approaches": 4 }, "geometry": { "type": "Point", "coordinates": [ -76.92687, 38.88834 ] } },
{ "type": "Feature", "properties": { "int_id": 61, "names": "Sheridan Road Southeast & Ramp-36002332", "crashes": 1, "ksi": 0, "mu": 0.14, "eb": 0.43, "n_approaches": 6 }, "geometry": { "type": "Point", "coordinates": [ -76.99328, 38.85842 ] } },
{ "type": "Feature", "properties": { "int_id": 79, "names": "A Street Northeast & Massachusetts Avenue Northeast", "crashes": 1, "ksi": 0, "mu": 0.13, "eb": 0.41, "n_approaches": 3 }, "geometry": { "type": "Point", "coordinates": [ -76.99376, 38.89094 ] } },
{ "type": "Feature", "properties": { "int_id": 81, "names": "Hobart Place Northwest & Hobart Pl NW", "crashes": 1, "ksi": 0, "mu": 0.37, "eb": 0.74, "n_approaches": 8 }, "geometry": { "type": "Point", "coordinates": [ -77.01992, 38.92801 ] } },
{ "type": "Feature", "properties": { "int_id": 99, "names": "Marion Barry Avenue Southeast & 25th Street Southeast", "crashes": 1, "ksi": 0, "mu": 0.15, "eb": 0.46, "n_approaches": 4 }, "geometry": { "type": "Point", "coordinates": [ -76.96916, 38.86103 ] } },
{ "type": "Feature", "properties": { "int_id": 121, "names": "Florida Avenue Northwest & Ramp-36001512", "crashes": 1, "ksi": 0, "mu": 0.13, "eb": 0.41, "n_approaches": 6 }, "geometry": { "type": "Point", "coordinates": [ -77.04078, 38.91733 ] } },
{ "type": "Feature", "properties": { "int_id": 163, "names": "Morgan Street Northwest & New Jersey Avenue Northwest", "crashes": 1, "ksi": 1, "mu": 0.35, "eb": 0.72, "n_approaches": 6 }, "geometry": { "type": "Point", "coordinates": [ -77.01508, 38.90646 ] } },
{ "type": "Feature", "properties": { "int_id": 164, "names": "N Street Northwest & 3rd Street Northwest", "crashes": 3, "ksi": 1, "mu": 0.37, "eb": 1.9, "n_approaches": 7 }, "geometry": { "type": "Point", "coordinates": [ -77.01544, 38.90724 ] } },
{ "type": "Feature", "properties": { "int_id": 165, "names": "S Street Northwest & 11th Street Northwest", "crashes": 2, "ksi": 0, "mu": 0.14, "eb": 0.77, "n_approaches": 14 }, "geometry": { "type": "Point", "coordinates": [ -77.02698, 38.91416 ] } },
{ "type": "Feature", "properties": { "int_id": 173, "names": "Harry Thomas Way Northeast & Eckington Place Northeast", "crashes": 2, "ksi": 1, "mu": 0.5, "eb": 1.48, "n_approaches": 18 }, "geometry": { "type": "Point", "coordinates": [ -77.00487, 38.91061 ] } },
{ "type": "Feature", "properties": { "int_id": 189, "names": "Joyce Road Northwest & Rittenhouse Street Northwest", "crashes": 1, "ksi": 0, "mu": 0.16, "eb": 0.47, "n_approaches": 7 }, "geometry": { "type": "Point", "coordinates": [ -77.03644, 38.96543 ] } },
{ "type": "Feature", "properties": { "int_id": 203, "names": "Warder Street Northwest & Warder St NW", "crashes": 1, "ksi": 1, "mu": 0.21, "eb": 0.56, "n_approaches": 4 }, "geometry": { "type": "Point", "coordinates": [ -77.01944, 38.92879 ] } },
{ "type": "Feature", "properties": { "int_id": 209, "names": "T Street Northwest & 2nd Street Northwest", "crashes": 1, "ksi": 0, "mu": 0.04, "eb": 0.16, "n_approaches": 6 }, "geometry": { "type": "Point", "coordinates": [ -77.01481, 38.9159 ] } },
{ "type": "Feature", "properties": { "int_id": 307, "names": "Bladensburg Road Northeast & Maryland Avenue Northeast", "crashes": 7, "ksi": 1, "mu": 0.16, "eb": 2.71, "n_approaches": 14 }, "geometry": { "type": "Point", "coordinates": [ -76.98347, 38.90014 ] } },
{ "type": "Feature", "properties": { "int_id": 309, "names": "N Street Northwest & Ramp-36003462", "crashes": 1, "ksi": 0, "mu": 0.2, "eb": 0.54, "n_approaches": 7 }, "geometry": { "type": "Point", "coordinates": [ -77.01076, 38.90724 ] } },
{ "type": "Feature", "properties": { "int_id": 331, "names": "Florida Avenue Northwest & primary link", "crashes": 1, "ksi": 0, "mu": 0.15, "eb": 0.47, "n_approaches": 3 }, "geometry": { "type": "Point", "coordinates": [ -77.04599, 38.91451 ] } },
{ "type": "Feature", "properties": { "int_id": 351, "names": "9th Street Northeast & Monroe Street Northeast", "crashes": 1, "ksi": 0, "mu": 0.35, "eb": 0.72, "n_approaches": 6 }, "geometry": { "type": "Point", "coordinates": [ -76.99369, 38.93237 ] } },
{ "type": "Feature", "properties": { "int_id": 352, "names": "Martin Luther King Junior Avenue Southeast & Shannon Place Southeast", "crashes": 1, "ksi": 0, "mu": 0.13, "eb": 0.42, "n_approaches": 3 }, "geometry": { "type": "Point", "coordinates": [ -76.989, 38.86658 ] } },
{ "type": "Feature", "properties": { "int_id": 396, "names": "36th Street Northeast", "crashes": 1, "ksi": 0, "mu": 0.03, "eb": 0.12, "n_approaches": 3 }, "geometry": { "type": "Point", "coordinates": [ -76.9548, 38.89578 ] } },
{ "type": "Feature", "properties": { "int_id": 411, "names": "Piney Branch Road Northwest & Rock Creek Ford Road Northwest", "crashes": 1, "ksi": 0, "mu": 0.22, "eb": 0.57, "n_approaches": 8 }, "geometry": { "type": "Point", "coordinates": [ -77.02861, 38.96138 ] } },
{ "type": "Feature", "properties": { "int_id": 425, "names": "16th Street Northwest & Harvard Street Northwest", "crashes": 1, "ksi": 0, "mu": 0.16, "eb": 0.47, "n_approaches": 9 }, "geometry": { "type": "Point", "coordinates": [ -77.03647, 38.92652 ] } },
{ "type": "Feature", "properties": { "int_id": 428, "names": "Foxhall Road Northwest & Ramp-36004392", "crashes": 1, "ksi": 0, "mu": 0.23, "eb": 0.59, "n_approaches": 4 }, "geometry": { "type": "Point", "coordinates": [ -77.08488, 38.912 ] } },
{ "type": "Feature", "properties": { "int_id": 438, "names": "Alabama Avenue Southeast & Ramp-36004522", "crashes": 3, "ksi": 0, "mu": 0.16, "eb": 1.24, "n_approaches": 7 }, "geometry": { "type": "Point", "coordinates": [ -76.97328, 38.85116 ] } },
{ "type": "Feature", "properties": { "int_id": 452, "names": "S Street Northwest & Phelps Place Northwest", "crashes": 1, "ksi": 0, "mu": 0.03, "eb": 0.12, "n_approaches": 3 }, "geometry": { "type": "Point", "coordinates": [ -77.04879, 38.9141 ] } },
{ "type": "Feature", "properties": { "int_id": 465, "names": "4th Street Southeast", "crashes": 1, "ksi": 0, "mu": 0.06, "eb": 0.23, "n_approaches": 3 }, "geometry": { "type": "Point", "coordinates": [ -77.00076, 38.83629 ] } },
{ "type": "Feature", "properties": { "int_id": 479, "names": "14th Street Northwest & Monroe Street Northwest", "crashes": 3, "ksi": 0, "mu": 0.13, "eb": 1.05, "n_approaches": 3 }, "geometry": { "type": "Point", "coordinates": [ -77.03272, 38.93125 ] } },
{ "type": "Feature", "properties": { "int_id": 480, "names": "14th Street Northwest & Monroe Street Northwest", "crashes": 2, "ksi": 0, "mu": 0.17, "eb": 0.88, "n_approaches": 6 }, "geometry": { "type": "Point", "coordinates": [ -77.03272, 38.93077 ] } },
{ "type": "Feature", "properties": { "int_id": 481, "names": "14th Street Northwest & Meridian Place Northwest", "crashes": 1, "ksi": 0, "mu": 0.13, "eb": 0.41, "n_approaches": 3 }, "geometry": { "type": "Point", "coordinates": [ -77.03272, 38.93366 ] } },
{ "type": "Feature", "properties": { "int_id": 484, "names": "Quincy Street Northwest & 14th Street Northwest", "crashes": 1, "ksi": 0, "mu": 0.13, "eb": 0.41, "n_approaches": 3 }, "geometry": { "type": "Point", "coordinates": [ -77.0333, 38.9379 ] } },
{ "type": "Feature", "properties": { "int_id": 493, "names": "West Virginia Avenue Northeast & L Street Northeast", "crashes": 1, "ksi": 0, "mu": 0.35, "eb": 0.72, "n_approaches": 5 }, "geometry": { "type": "Point", "coordinates": [ -76.9935, 38.90375 ] } },
{ "type": "Feature", "properties": { "int_id": 494, "names": "10th Street Northeast & Florida Avenue Northeast", "crashes": 1, "ksi": 0, "mu": 0.45, "eb": 0.8, "n_approaches": 9 }, "geometry": { "type": "Point", "coordinates": [ -76.99272, 38.90379 ] } },
{ "type": "Feature", "properties": { "int_id": 513, "names": "D Street Northwest & 2nd Street Northwest", "crashes": 1, "ksi": 1, "mu": 0.08, "eb": 0.29, "n_approaches": 6 }, "geometry": { "type": "Point", "coordinates": [ -77.01367, 38.89479 ] } },
{ "type": "Feature", "properties": { "int_id": 527, "names": "G Street Northwest", "crashes": 1, "ksi": 0, "mu": 0.03, "eb": 0.12, "n_approaches": 3 }, "geometry": { "type": "Point", "coordinates": [ -77.01147, 38.89893 ] } },
{ "type": "Feature", "properties": { "int_id": 539, "names": "New Mexico Avenue Northwest & 43rd Street Northwest", "crashes": 1, "ksi": 0, "mu": 0.35, "eb": 0.72, "n_approaches": 8 }, "geometry": { "type": "Point", "coordinates": [ -77.0838, 38.9299 ] } },
{ "type": "Feature", "properties": { "int_id": 582, "names": "Minnesota Avenue Northeast & Ramp-36002672", "crashes": 1, "ksi": 0, "mu": 0.23, "eb": 0.59, "n_approaches": 10 }, "geometry": { "type": "Point", "coordinates": [ -76.95242, 38.89064 ] } },
{ "type": "Feature", "properties": { "int_id": 584, "names": "Piney Branch Parkway Northwest & Ramp-36002502", "crashes": 1, "ksi": 0, "mu": 0.13, "eb": 0.41, "n_approaches": 3 }, "geometry": { "type": "Point", "coordinates": [ -77.03512, 38.9405 ] } },
{ "type": "Feature", "properties": { "int_id": 604, "names": "Monroe Street Northeast & 14th Street Northeast", "crashes": 1, "ksi": 0, "mu": 0.21, "eb": 0.55, "n_approaches": 4 }, "geometry": { "type": "Point", "coordinates": [ -76.98868, 38.93265 ] } },
{ "type": "Feature", "properties": { "int_id": 613, "names": "14th Street Northeast & W Street Northeast", "crashes": 1, "ksi": 0, "mu": 0.03, "eb": 0.12, "n_approaches": 3 }, "geometry": { "type": "Point", "coordinates": [ -76.98318, 38.91966 ] } },
{ "type": "Feature", "properties": { "int_id": 618, "names": "14th Street Southeast & East Capitol Street", "crashes": 1, "ksi": 0, "mu": 0.1, "eb": 0.35, "n_approaches": 4 }, "geometry": { "type": "Point", "coordinates": [ -76.9855, 38.88981 ] } },
{ "type": "Feature", "properties": { "int_id": 619, "names": "A Street Northeast & 14th Street Northeast", "crashes": 1, "ksi": 0, "mu": 0.09, "eb": 0.33, "n_approaches": 4 }, "geometry": { "type": "Point", "coordinates": [ -76.98366, 38.89094 ] } },
{ "type": "Feature", "properties": { "int_id": 622, "names": "14th Street Northeast & D Street Northeast", "crashes": 1, "ksi": 0, "mu": 0.09, "eb": 0.33, "n_approaches": 4 }, "geometry": { "type": "Point", "coordinates": [ -76.9855, 38.89478 ] } },
{ "type": "Feature", "properties": { "int_id": 656, "names": "Columbia Road Northwest & Euclid Street Northwest", "crashes": 2, "ksi": 0, "mu": 0.13, "eb": 0.73, "n_approaches": 3 }, "geometry": { "type": "Point", "coordinates": [ -77.04154, 38.92343 ] } },
{ "type": "Feature", "properties": { "int_id": 669, "names": "N Street Southeast & 1st Street Southeast", "crashes": 2, "ksi": 0, "mu": 0.19, "eb": 0.94, "n_approaches": 10 }, "geometry": { "type": "Point", "coordinates": [ -77.00592, 38.87464 ] } },
{ "type": "Feature", "properties": { "int_id": 693, "names": "4th Street Southeast & East Capitol Street", "crashes": 1, "ksi": 0, "mu": 0.1, "eb": 0.35, "n_approaches": 4 }, "geometry": { "type": "Point", "coordinates": [ -77.00057, 38.88982 ] } },
{ "type": "Feature", "properties": { "int_id": 707, "names": "4th Street Northeast & L Street Northeast", "crashes": 1, "ksi": 0, "mu": 0.09, "eb": 0.33, "n_approaches": 4 }, "geometry": { "type": "Point", "coordinates": [ -77.00057, 38.90373 ] } },
{ "type": "Feature", "properties": { "int_id": 708, "names": "4th Street Northeast & Florida Avenue Northeast", "crashes": 1, "ksi": 0, "mu": 0.5, "eb": 0.83, "n_approaches": 17 }, "geometry": { "type": "Point", "coordinates": [ -77.00053, 38.90715 ] } },
{ "type": "Feature", "properties": { "int_id": 709, "names": "Morse Street Northeast & 4th Street Northeast", "crashes": 1, "ksi": 0, "mu": 0.18, "eb": 0.51, "n_approaches": 10 }, "geometry": { "type": "Point", "coordinates": [ -77.00004, 38.90786 ] } },
{ "type": "Feature", "properties": { "int_id": 715, "names": "4th Street Northeast & U Street Northeast", "crashes": 1, "ksi": 0, "mu": 0.06, "eb": 0.24, "n_approaches": 3 }, "geometry": { "type": "Point", "coordinates": [ -77.00057, 38.91783 ] } },
{ "type": "Feature", "properties": { "int_id": 718, "names": "4th Street Northeast & Rhode Island Avenue Northeast", "crashes": 1, "ksi": 0, "mu": 0.28, "eb": 0.65, "n_approaches": 4 }, "geometry": { "type": "Point", "coordinates": [ -77.00057, 38.91969 ] } },
{ "type": "Feature", "properties": { "int_id": 719, "names": "Adams Street Northeast & 4th Street Northeast", "crashes": 1, "ksi": 0, "mu": 0.13, "eb": 0.41, "n_approaches": 3 }, "geometry": { "type": "Point", "coordinates": [ -77.00096, 38.92023 ] } },
{ "type": "Feature", "properties": { "int_id": 722, "names": "4th Street Northeast & Edgewood Street Northeast", "crashes": 1, "ksi": 1, "mu": 0.13, "eb": 0.41, "n_approaches": 3 }, "geometry": { "type": "Point", "coordinates": [ -77.00057, 38.92268 ] } },
{ "type": "Feature", "properties": { "int_id": 743, "names": "34th Street Northeast & Eads Street Northeast", "crashes": 1, "ksi": 1, "mu": 0.03, "eb": 0.12, "n_approaches": 3 }, "geometry": { "type": "Point", "coordinates": [ -76.9575, 38.89601 ] } },
{ "type": "Feature", "properties": { "int_id": 757, "names": "I Street Northwest & 21st Street Northwest", "crashes": 1, "ksi": 0, "mu": 0.24, "eb": 0.6, "n_approaches": 4 }, "geometry": { "type": "Point", "coordinates": [ -77.04665, 38.9007 ] } },
{ "type": "Feature", "properties": { "int_id": 760, "names": "21st Street Northwest & New Hampshire Avenue Northwest", "crashes": 1, "ksi": 0, "mu": 0.21, "eb": 0.55, "n_approaches": 4 }, "geometry": { "type": "Point", "coordinates": [ -77.04664, 38.90623 ] } },
{ "type": "Feature", "properties": { "int_id": 782, "names": "Mills Avenue Northeast & Girard Place Northeast", "crashes": 1, "ksi": 1, "mu": 0.03, "eb": 0.12, "n_approaches": 3 }, "geometry": { "type": "Point", "coordinates": [ -76.97307, 38.92719 ] } },
{ "type": "Feature", "properties": { "int_id": 788, "names": "Arizona Avenue Northwest & Canal Road Northwest", "crashes": 2, "ksi": 1, "mu": 0.1, "eb": 0.64, "n_approaches": 6 }, "geometry": { "type": "Point", "coordinates": [ -77.1067, 38.92636 ] } },
{ "type": "Feature", "properties": { "int_id": 796, "names": "Constitution Avenue Northeast & Massachusetts Avenue Northeast", "crashes": 2, "ksi": 0, "mu": 0.21, "eb": 0.99, "n_approaches": 4 }, "geometry": { "type": "Point", "coordinates": [ -76.99496, 38.89201 ] } },
{ "type": "Feature", "properties": { "int_id": 808, "names": "17th Place Northeast & Constitution Avenue Northeast", "crashes": 1, "ksi": 0, "mu": 0.03, "eb": 0.12, "n_approaches": 3 }, "geometry": { "type": "Point", "coordinates": [ -76.97987, 38.89238 ] } },
{ "type": "Feature", "properties": { "int_id": 824, "names": "Abbey Place Northeast & M Street Northeast", "crashes": 1, "ksi": 0, "mu": 0.06, "eb": 0.24, "n_approaches": 3 }, "geometry": { "type": "Point", "coordinates": [ -77.0013, 38.90565 ] } },
{ "type": "Feature", "properties": { "int_id": 827, "names": "Nebraska Avenue Northwest & MacArthur Boulevard Northwest", "crashes": 1, "ksi": 0, "mu": 0.23, "eb": 0.59, "n_approaches": 13 }, "geometry": { "type": "Point", "coordinates": [ -77.09943, 38.92218 ] } },
{ "type": "Feature", "properties": { "int_id": 835, "names": "Macomb Street Northwest & MacArthur Boulevard Northwest", "crashes": 1, "ksi": 0, "mu": 0.19, "eb": 0.52, "n_approaches": 9 }, "geometry": { "type": "Point", "coordinates": [ -77.10787, 38.93162 ] } },
{ "type": "Feature", "properties": { "int_id": 893, "names": "Stanton Road Southeast & Alabama Avenue Southeast", "crashes": 1, "ksi": 0, "mu": 0.19, "eb": 0.52, "n_approaches": 7 }, "geometry": { "type": "Point", "coordinates": [ -76.98055, 38.8476 ] } },
{ "type": "Feature", "properties": { "int_id": 912, "names": "Alabama Avenue Southeast & 32nd Place Southeast", "crashes": 1, "ksi": 0, "mu": 0.14, "eb": 0.44, "n_approaches": 3 }, "geometry": { "type": "Point", "coordinates": [ -76.96017, 38.86183 ] } },
{ "type": "Feature", "properties": { "int_id": 931, "names": "Martin Luther King Junior Avenue Southeast & W Street Southeast", "crashes": 1, "ksi": 0, "mu": 0.17, "eb": 0.49, "n_approaches": 6 }, "geometry": { "type": "Point", "coordinates": [ -76.98977, 38.86489 ] } },
{ "type": "Feature", "properties": { "int_id": 943, "names": "C Street Northeast & 5th Street Northeast", "crashes": 1, "ksi": 1, "mu": 0.12, "eb": 0.39, "n_approaches": 3 }, "geometry": { "type": "Point", "coordinates": [ -76.99951, 38.89309 ] } },
{ "type": "Feature", "properties": { "int_id": 946, "names": "5th Street Northeast & C Street Northeast", "crashes": 1, "ksi": 0, "mu": 0.13, "eb": 0.41, "n_approaches": 3 }, "geometry": { "type": "Point", "coordinates": [ -76.99951, 38.89443 ] } },
{ "type": "Feature", "properties": { "int_id": 947, "names": "C Street Northeast & 6th St NE", "crashes": 1, "ksi": 0, "mu": 0.19, "eb": 0.52, "n_approaches": 6 }, "geometry": { "type": "Point", "coordinates": [ -76.99845, 38.89409 ] } },
{ "type": "Feature", "properties": { "int_id": 953, "names": "10th Street Northeast & C Street Northeast", "crashes": 1, "ksi": 0, "mu": 0.21, "eb": 0.55, "n_approaches": 4 }, "geometry": { "type": "Point", "coordinates": [ -76.99265, 38.8942 ] } },
{ "type": "Feature", "properties": { "int_id": 962, "names": "16th Street Northeast & 16th St NE", "crashes": 1, "ksi": 1, "mu": 0.37, "eb": 0.74, "n_approaches": 7 }, "geometry": { "type": "Point", "coordinates": [ -76.98221, 38.89339 ] } },
{ "type": "Feature", "properties": { "int_id": 975, "names": "Ellicott Street Northwest & 41st Street Northwest", "crashes": 1, "ksi": 0, "mu": 0.03, "eb": 0.14, "n_approaches": 4 }, "geometry": { "type": "Point", "coordinates": [ -77.08129, 38.95332 ] } },
{ "type": "Feature", "properties": { "int_id": 984, "names": "Rhode Island Avenue Northwest & 14th Street Northwest", "crashes": 3, "ksi": 0, "mu": 0.48, "eb": 2.1, "n_approaches": 9 }, "geometry": { "type": "Point", "coordinates": [ -77.03205, 38.90878 ] } },
{ "type": "Feature", "properties": { "int_id": 985, "names": "P Street Northwest & 14th Street Northwest", "crashes": 3, "ksi": 0, "mu": 0.48, "eb": 2.1, "n_approaches": 14 }, "geometry": { "type": "Point", "coordinates": [ -77.03197, 38.90964 ] } },
{ "type": "Feature", "properties": { "int_id": 987, "names": "Q Street Northwest & 14th Street Northwest", "crashes": 3, "ksi": 0, "mu": 0.28, "eb": 1.68, "n_approaches": 4 }, "geometry": { "type": "Point", "coordinates": [ -77.03195, 38.91114 ] } },
{ "type": "Feature", "properties": { "int_id": 989, "names": "R Street Northwest & 14th Street Northwest", "crashes": 4, "ksi": 1, "mu": 0.5, "eb": 2.79, "n_approaches": 11 }, "geometry": { "type": "Point", "coordinates": [ -77.03198, 38.91261 ] } },
{ "type": "Feature", "properties": { "int_id": 991, "names": "S Street Northwest & 14th Street Northwest", "crashes": 2, "ksi": 0, "mu": 0.48, "eb": 1.46, "n_approaches": 10 }, "geometry": { "type": "Point", "coordinates": [ -77.03198, 38.9141 ] } },
{ "type": "Feature", "properties": { "int_id": 992, "names": "Swann Street Northwest & 14th Street Northwest", "crashes": 1, "ksi": 0, "mu": 0.5, "eb": 0.83, "n_approaches": 9 }, "geometry": { "type": "Point", "coordinates": [ -77.0319, 38.91484 ] } },
{ "type": "Feature", "properties": { "int_id": 993, "names": "T Street Northwest & 14th Street Northwest", "crashes": 2, "ksi": 0, "mu": 0.5, "eb": 1.48, "n_approaches": 8 }, "geometry": { "type": "Point", "coordinates": [ -77.03201, 38.91559 ] } },
{ "type": "Feature", "properties": { "int_id": 995, "names": "U Street Northwest & 14th Street Northwest", "crashes": 5, "ksi": 0, "mu": 0.48, "eb": 3.39, "n_approaches": 7 }, "geometry": { "type": "Point", "coordinates": [ -77.03186, 38.91701 ] } },
{ "type": "Feature", "properties": { "int_id": 999, "names": "14th Street Northwest & Belmont Street Northwest", "crashes": 5, "ksi": 2, "mu": 0.18, "eb": 2.11, "n_approaches": 6 }, "geometry": { "type": "Point", "coordinates": [ -77.03189, 38.9213 ] } },
{ "type": "Feature", "properties": { "int_id": 1005, "names": "Girard Street Northwest & 14th Street Northwest", "crashes": 2, "ksi": 0, "mu": 0.14, "eb": 0.78, "n_approaches": 3 }, "geometry": { "type": "Point", "coordinates": [ -77.03232, 38.9255 ] } },
{ "type": "Feature", "properties": { "int_id": 1007, "names": "Park Road Northwest & 14th Street Northwest", "crashes": 3, "ksi": 0, "mu": 0.37, "eb": 1.9, "n_approaches": 5 }, "geometry": { "type": "Point", "coordinates": [ -77.03272, 38.93022 ] } },
{ "type": "Feature", "properties": { "int_id": 1009, "names": "Farragut Street Northwest & 14th Street Northwest", "crashes": 3, "ksi": 0, "mu": 0.12, "eb": 1.02, "n_approaches": 3 }, "geometry": { "type": "Point", "coordinates": [ -77.03286, 38.9508 ] } },
{ "type": "Feature", "properties": { "int_id": 1012, "names": "14th Street Northwest & Jefferson Street Northwest", "crashes": 1, "ksi": 0, "mu": 0.13, "eb": 0.41, "n_approaches": 3 }, "geometry": { "type": "Point", "coordinates": [ -77.03342, 38.95572 ] } },
{ "type": "Feature", "properties": { "int_id": 1031, "names": "Otis Place Northwest & 14th Street Northwest", "crashes": 3, "ksi": 0, "mu": 0.13, "eb": 1.05, "n_approaches": 3 }, "geometry": { "type": "Point", "coordinates": [ -77.0322, 38.93457 ] } },
{ "type": "Feature", "properties": { "int_id": 1033, "names": "Parkwood Place Northwest & 14th Street Northwest", "crashes": 2, "ksi": 0, "mu": 0.13, "eb": 0.73, "n_approaches": 3 }, "geometry": { "type": "Point", "coordinates": [ -77.0322, 38.9353 ] } },
{ "type": "Feature", "properties": { "int_id": 1035, "names": "Perry Place Northwest & 14th Street Northwest", "crashes": 3, "ksi": 1, "mu": 0.21, "eb": 1.43, "n_approaches": 4 }, "geometry": { "type": "Point", "coordinates": [ -77.03272, 38.93626 ] } },
{ "type": "Feature", "properties": { "int_id": 1036, "names": "14th Street Northwest & Spring Road Northwest", "crashes": 1, "ksi": 0, "mu": 0.21, "eb": 0.55, "n_approaches": 4 }, "geometry": { "type": "Point", "coordinates": [ -77.03272, 38.93684 ] } },
{ "type": "Feature", "properties": { "int_id": 1056, "names": "14th Street Northwest & L Street Northwest", "crashes": 1, "ksi": 0, "mu": 0.5, "eb": 0.83, "n_approaches": 7 }, "geometry": { "type": "Point", "coordinates": [ -77.03196, 38.9038 ] } },
{ "type": "Feature", "properties": { "int_id": 1060, "names": "Upshur Street Northwest & 14th Street Northwest", "crashes": 2, "ksi": 0, "mu": 0.21, "eb": 0.99, "n_approaches": 4 }, "geometry": { "type": "Point", "coordinates": [ -77.0332, 38.94187 ] } },
{ "type": "Feature", "properties": { "int_id": 1061, "names": "Arkansas Avenue Northwest & 14th Street Northwest", "crashes": 1, "ksi": 1, "mu": 0.37, "eb": 0.74, "n_approaches": 9 }, "geometry": { "type": "Point", "coordinates": [ -77.03265, 38.94336 ] } },
{ "type": "Feature", "properties": { "int_id": 1064, "names": "Buchanan Street Northwest & 14th Street Northwest", "crashes": 1, "ksi": 1, "mu": 0.21, "eb": 0.55, "n_approaches": 4 }, "geometry": { "type": "Point", "coordinates": [ -77.03325, 38.94612 ] } },
{ "type": "Feature", "properties": { "int_id": 1068, "names": "14th Street Northwest & Newton Street Northwest", "crashes": 1, "ksi": 0, "mu": 0.13, "eb": 0.41, "n_approaches": 3 }, "geometry": { "type": "Point", "coordinates": [ -77.03272, 38.93248 ] } },
{ "type": "Feature", "properties": { "int_id": 1069, "names": "Newton Street Northwest & 14th Street Northwest", "crashes": 1, "ksi": 0, "mu": 0.13, "eb": 0.41, "n_approaches": 3 }, "geometry": { "type": "Point", "coordinates": [ -77.0322, 38.93248 ] } },
{ "type": "Feature", "properties": { "int_id": 1129, "names": "Farragut Street Northwest & 1st Street Northwest", "crashes": 1, "ksi": 0, "mu": 0.03, "eb": 0.12, "n_approaches": 3 }, "geometry": { "type": "Point", "coordinates": [ -77.0128, 38.95101 ] } },
{ "type": "Feature", "properties": { "int_id": 1149, "names": "N Street Southwest & 4th Street Southwest", "crashes": 1, "ksi": 1, "mu": 0.17, "eb": 0.49, "n_approaches": 13 }, "geometry": { "type": "Point", "coordinates": [ -77.0176, 38.87467 ] } },
{ "type": "Feature", "properties": { "int_id": 1159, "names": "Lowell Street Northwest & 44th Street Northwest", "crashes": 1, "ksi": 0, "mu": 0.04, "eb": 0.18, "n_approaches": 4 }, "geometry": { "type": "Point", "coordinates": [ -77.08556, 38.93242 ] } },
{ "type": "Feature", "properties": { "int_id": 1163, "names": "Upshur Street Northeast & 12th Street Northeast", "crashes": 1, "ksi": 0, "mu": 0.21, "eb": 0.55, "n_approaches": 4 }, "geometry": { "type": "Point", "coordinates": [ -76.98975, 38.9418 ] } },
{ "type": "Feature", "properties": { "int_id": 1175, "names": "K Street Southeast & 11th Street Southeast", "crashes": 1, "ksi": 0, "mu": 0.14, "eb": 0.44, "n_approaches": 3 }, "geometry": { "type": "Point", "coordinates": [ -76.99153, 38.8784 ] } },
{ "type": "Feature", "properties": { "int_id": 1178, "names": "15th St Southeast & K Street Southeast", "crashes": 1, "ksi": 0, "mu": 0.04, "eb": 0.18, "n_approaches": 4 }, "geometry": { "type": "Point", "coordinates": [ -76.98366, 38.87912 ] } },
{ "type": "Feature", "properties": { "int_id": 1183, "names": "K Street Southeast & Half Street Southeast", "crashes": 1, "ksi": 0, "mu": 0.19, "eb": 0.53, "n_approaches": 13 }, "geometry": { "type": "Point", "coordinates": [ -77.00596, 38.87841 ] } },
{ "type": "Feature", "properties": { "int_id": 1187, "names": "3rd Street Southeast & K Street Southeast", "crashes": 1, "ksi": 0, "mu": 0.05, "eb": 0.19, "n_approaches": 4 }, "geometry": { "type": "Point", "coordinates": [ -77.00204, 38.87929 ] } },
{ "type": "Feature", "properties": { "int_id": 1188, "names": "5th Street Southeast & K Street Southeast", "crashes": 1, "ksi": 0, "mu": 0.04, "eb": 0.18, "n_approaches": 4 }, "geometry": { "type": "Point", "coordinates": [ -76.99952, 38.87841 ] } },
{ "type": "Feature", "properties": { "int_id": 1189, "names": "Potomac Avenue Southeast & Pennsylvania Avenue Southeast", "crashes": 1, "ksi": 0, "mu": 0.06, "eb": 0.23, "n_approaches": 3 }, "geometry": { "type": "Point", "coordinates": [ -76.98571, 38.8806 ] } },
{ "type": "Feature", "properties": { "int_id": 1209, "names": "Gallatin Street Northwest & 4th Street Northwest", "crashes": 1, "ksi": 0, "mu": 0.05, "eb": 0.19, "n_approaches": 4 }, "geometry": { "type": "Point", "coordinates": [ -77.01832, 38.95212 ] } },
{ "type": "Feature", "properties": { "int_id": 1227, "names": "5th Street Northwest & Howard Place Northwest", "crashes": 1, "ksi": 0, "mu": 0.35, "eb": 0.72, "n_approaches": 9 }, "geometry": { "type": "Point", "coordinates": [ -77.02041, 38.927 ] } },
{ "type": "Feature", "properties": { "int_id": 1228, "names": "4th St NW & Butternut Street Northwest", "crashes": 1, "ksi": 0, "mu": 0.18, "eb": 0.51, "n_approaches": 8 }, "geometry": { "type": "Point", "coordinates": [ -77.01803, 38.97361 ] } },
{ "type": "Feature", "properties": { "int_id": 1229, "names": "4th Street Northwest & Blair Road Northwest", "crashes": 2, "ksi": 0, "mu": 0.18, "eb": 0.91, "n_approaches": 8 }, "geometry": { "type": "Point", "coordinates": [ -77.01826, 38.97476 ] } },
{ "type": "Feature", "properties": { "int_id": 1233, "names": "E Street Northwest & 4th Street Northwest", "crashes": 4, "ksi": 0, "mu": 0.21, "eb": 1.87, "n_approaches": 4 }, "geometry": { "type": "Point", "coordinates": [ -77.01572, 38.89614 ] } },
{ "type": "Feature", "properties": { "int_id": 1235, "names": "I Street Northwest & 4th Street Northwest", "crashes": 1, "ksi": 0, "mu": 0.08, "eb": 0.29, "n_approaches": 9 }, "geometry": { "type": "Point", "coordinates": [ -77.01516, 38.90133 ] } },
{ "type": "Feature", "properties": { "int_id": 1236, "names": "4th Street Northwest & K Street Northwest", "crashes": 4, "ksi": 0, "mu": 0.35, "eb": 2.43, "n_approaches": 10 }, "geometry": { "type": "Point", "coordinates": [ -77.01618, 38.90255 ] } },
{ "type": "Feature", "properties": { "int_id": 1258, "names": "M Street Northwest & 34th Street Northwest", "crashes": 1, "ksi": 0, "mu": 0.28, "eb": 0.65, "n_approaches": 4 }, "geometry": { "type": "Point", "coordinates": [ -77.06827, 38.90506 ] } },
{ "type": "Feature", "properties": { "int_id": 1259, "names": "Prospect Street Northwest & 34th Street Northwest", "crashes": 1, "ksi": 1, "mu": 0.08, "eb": 0.3, "n_approaches": 8 }, "geometry": { "type": "Point", "coordinates": [ -77.06711, 38.90594 ] } },
{ "type": "Feature", "properties": { "int_id": 1268, "names": "Wisconsin Avenue Northwest & 34th Street Northwest", "crashes": 1, "ksi": 0, "mu": 0.23, "eb": 0.59, "n_approaches": 6 }, "geometry": { "type": "Point", "coordinates": [ -77.06853, 38.91669 ] } },
{ "type": "Feature", "properties": { "int_id": 1274, "names": "3rd Street Northwest & Constitution Avenue Northwest", "crashes": 1, "ksi": 0, "mu": 0.22, "eb": 0.57, "n_approaches": 9 }, "geometry": { "type": "Point", "coordinates": [ -77.01522, 38.89209 ] } },
{ "type": "Feature", "properties": { "int_id": 1284, "names": "Florida Avenue Northeast & Porter Street Northeast", "crashes": 1, "ksi": 0, "mu": 0.17, "eb": 0.5, "n_approaches": 3 }, "geometry": { "type": "Point", "coordinates": [ -77.00665, 38.90977 ] } },
{ "type": "Feature", "properties": { "int_id": 1352, "names": "16th Street Southeast & Marion Barry Avenue Southeast", "crashes": 1, "ksi": 0, "mu": 0.09, "eb": 0.33, "n_approaches": 3 }, "geometry": { "type": "Point", "coordinates": [ -76.98223, 38.86625 ] } },
{ "type": "Feature", "properties": { "int_id": 1360, "names": "Marion Barry Avenue Southeast & Naylor Road Southeast", "crashes": 1, "ksi": 0, "mu": 0.14, "eb": 0.44, "n_approaches": 3 }, "geometry": { "type": "Point", "coordinates": [ -76.96869, 38.86059 ] } },
{ "type": "Feature", "properties": { "int_id": 1362, "names": "4th Street Southeast & Virginia Avenue Southeast", "crashes": 1, "ksi": 0, "mu": 0.17, "eb": 0.49, "n_approaches": 7 }, "geometry": { "type": "Point", "coordinates": [ -77.00055, 38.87973 ] } },
{ "type": "Feature", "properties": { "int_id": 1405, "names": "Massachusetts Avenue Northwest & Edmunds Street Northwest", "crashes": 2, "ksi": 0, "mu": 0.12, "eb": 0.7, "n_approaches": 3 }, "geometry": { "type": "Point", "coordinates": [ -77.06757, 38.92457 ] } },
{ "type": "Feature", "properties": { "int_id": 1493, "names": "9th Street Northwest & Upshur Street Northwest", "crashes": 1, "ksi": 0, "mu": 0.22, "eb": 0.57, "n_approaches": 4 }, "geometry": { "type": "Point", "coordinates": [ -77.02506, 38.94188 ] } },
{ "type": "Feature", "properties": { "int_id": 1494, "names": "Upshur Street Northwest & Georgia Avenue Northwest", "crashes": 4, "ksi": 1, "mu": 0.42, "eb": 2.62, "n_approaches": 4 }, "geometry": { "type": "Point", "coordinates": [ -77.02594, 38.94187 ] } },
{ "type": "Feature", "properties": { "int_id": 1511, "names": "K Street Southwest & Delaware Avenue Southwest", "crashes": 1, "ksi": 0, "mu": 0.35, "eb": 0.72, "n_approaches": 7 }, "geometry": { "type": "Point", "coordinates": [ -77.0152, 38.87841 ] } },
{ "type": "Feature", "properties": { "int_id": 1521, "names": "Hillside Road Southeast & 45th Place Southeast", "crashes": 1, "ksi": 0, "mu": 0.04, "eb": 0.15, "n_approaches": 8 }, "geometry": { "type": "Point", "coordinates": [ -76.93461, 38.87648 ] } },
{ "type": "Feature", "properties": { "int_id": 1525, "names": "Porter Street Northwest & Idaho Avenue Northwest", "crashes": 1, "ksi": 0, "mu": 0.21, "eb": 0.55, "n_approaches": 4 }, "geometry": { "type": "Point", "coordinates": [ -77.07242, 38.93733 ] } },
{ "type": "Feature", "properties": { "int_id": 1530, "names": "Kingman Place Northwest & Q Street Northwest", "crashes": 1, "ksi": 0, "mu": 0.13, "eb": 0.41, "n_approaches": 3 }, "geometry": { "type": "Point", "coordinates": [ -77.0309, 38.91065 ] } },
{ "type": "Feature", "properties": { "int_id": 1531, "names": "Prospect Street Northwest & Potomac Street Northwest", "crashes": 1, "ksi": 0, "mu": 0.21, "eb": 0.55, "n_approaches": 7 }, "geometry": { "type": "Point", "coordinates": [ -77.06334, 38.90603 ] } },
{ "type": "Feature", "properties": { "int_id": 1532, "names": "Bank Alley Northwest & Prospect Street Northwest", "crashes": 2, "ksi": 0, "mu": 0.06, "eb": 0.43, "n_approaches": 3 }, "geometry": { "type": "Point", "coordinates": [ -77.06708, 38.90509 ] } },
{ "type": "Feature", "properties": { "int_id": 1562, "names": "Naylor Road Southeast & Ridge Place Southeast", "crashes": 1, "ksi": 0, "mu": 0.03, "eb": 0.12, "n_approaches": 3 }, "geometry": { "type": "Point", "coordinates": [ -76.97215, 38.86949 ] } },
{ "type": "Feature", "properties": { "int_id": 1565, "names": "17th Street Southeast & Bay Street Southeast", "crashes": 1, "ksi": 0, "mu": 0.12, "eb": 0.39, "n_approaches": 3 }, "geometry": { "type": "Point", "coordinates": [ -76.98076, 38.88665 ] } },
{ "type": "Feature", "properties": { "int_id": 1571, "names": "4th Street Southwest & Virginia Avenue Southwest", "crashes": 1, "ksi": 0, "mu": 0.35, "eb": 0.72, "n_approaches": 11 }, "geometry": { "type": "Point", "coordinates": [ -77.01752, 38.88508 ] } },
{ "type": "Feature", "properties": { "int_id": 1597, "names": "Trinidad Avenue Northeast & Queen Street Northeast", "crashes": 2, "ksi": 1, "mu": 0.1, "eb": 0.62, "n_approaches": 4 }, "geometry": { "type": "Point", "coordinates": [ -76.98439, 38.90588 ] } },
{ "type": "Feature", "properties": { "int_id": 1598, "names": "Trinidad Avenue Northeast & Childress Street Northeast", "crashes": 1, "ksi": 0, "mu": 0.06, "eb": 0.24, "n_approaches": 3 }, "geometry": { "type": "Point", "coordinates": [ -76.98395, 38.90652 ] } },
{ "type": "Feature", "properties": { "int_id": 1602, "names": "Mount Olivet Road Northeast & Trinidad Avenue Northeast", "crashes": 1, "ksi": 1, "mu": 0.37, "eb": 0.74, "n_approaches": 12 }, "geometry": { "type": "Point", "coordinates": [ -76.98174, 38.90873 ] } },
{ "type": "Feature", "properties": { "int_id": 1605, "names": "Sherman Avenue Northwest & Gresham Place Northwest", "crashes": 2, "ksi": 0, "mu": 0.13, "eb": 0.73, "n_approaches": 3 }, "geometry": { "type": "Point", "coordinates": [ -77.02583, 38.92612 ] } },
{ "type": "Feature", "properties": { "int_id": 1607, "names": "Decatur Street Northwest & 3rd Place Northwest", "crashes": 1, "ksi": 0, "mu": 0.03, "eb": 0.12, "n_approaches": 3 }, "geometry": { "type": "Point", "coordinates": [ -77.01694, 38.94854 ] } },
{ "type": "Feature", "properties": { "int_id": 1613, "names": "Decatur Street Northwest & 9th Street Northwest", "crashes": 1, "ksi": 0, "mu": 0.04, "eb": 0.18, "n_approaches": 4 }, "geometry": { "type": "Point", "coordinates": [ -77.02587, 38.94829 ] } },
{ "type": "Feature", "properties": { "int_id": 1686, "names": "35th Place Northwest & Fulton Street Northwest", "crashes": 1, "ksi": 0, "mu": 0.16, "eb": 0.47, "n_approaches": 5 }, "geometry": { "type": "Point", "coordinates": [ -77.06987, 38.92576 ] } },
{ "type": "Feature", "properties": { "int_id": 1709, "names": "Macomb Street Northwest & New Mexico Avenue Northwest", "crashes": 1, "ksi": 0, "mu": 0.12, "eb": 0.39, "n_approaches": 3 }, "geometry": { "type": "Point", "coordinates": [ -77.08589, 38.93349 ] } },
{ "type": "Feature", "properties": { "int_id": 1716, "names": "2nd Street Northeast & G Street Northeast", "crashes": 1, "ksi": 0, "mu": 0.06, "eb": 0.23, "n_approaches": 3 }, "geometry": { "type": "Point", "coordinates": [ -77.00351, 38.89781 ] } },
{ "type": "Feature", "properties": { "int_id": 1719, "names": "6th Street Northeast & G Street Northeast", "crashes": 1, "ksi": 1, "mu": 0.1, "eb": 0.35, "n_approaches": 4 }, "geometry": { "type": "Point", "coordinates": [ -76.99845, 38.89892 ] } },
{ "type": "Feature", "properties": { "int_id": 1727, "names": "13th Street Northeast & G Street Northeast", "crashes": 1, "ksi": 0, "mu": 0.08, "eb": 0.3, "n_approaches": 7 }, "geometry": { "type": "Point", "coordinates": [ -76.9883, 38.89929 ] } },
{ "type": "Feature", "properties": { "int_id": 1739, "names": "9th Street Northwest & Westminster Street Northwest", "crashes": 1, "ksi": 0, "mu": 0.13, "eb": 0.41, "n_approaches": 3 }, "geometry": { "type": "Point", "coordinates": [ -77.02397, 38.91436 ] } },
{ "type": "Feature", "properties": { "int_id": 1741, "names": "1st Street Northwest & Pierce Street Northwest", "crashes": 2, "ksi": 0, "mu": 0.09, "eb": 0.6, "n_approaches": 4 }, "geometry": { "type": "Point", "coordinates": [ -77.01217, 38.90565 ] } },
{ "type": "Feature", "properties": { "int_id": 1746, "names": "North Carolina Avenue Southeast & D Street Southeast", "crashes": 2, "ksi": 0, "mu": 0.08, "eb": 0.51, "n_approaches": 8 }, "geometry": { "type": "Point", "coordinates": [ -77.00057, 38.88561 ] } },
{ "type": "Feature", "properties": { "int_id": 1750, "names": "3rd Street Southeast & Atlantic Street Southeast", "crashes": 1, "ksi": 0, "mu": 0.13, "eb": 0.41, "n_approaches": 3 }, "geometry": { "type": "Point", "coordinates": [ -77.00202, 38.8305 ] } },
{ "type": "Feature", "properties": { "int_id": 1769, "names": "Eastern Avenue Northeast & Michigan Avenue Northeast", "crashes": 1, "ksi": 0, "mu": 0.23, "eb": 0.59, "n_approaches": 4 }, "geometry": { "type": "Point", "coordinates": [ -76.97857, 38.94659 ] } },
{ "type": "Feature", "properties": { "int_id": 1797, "names": "Whittier Street Northwest & 16th Street Northwest", "crashes": 1, "ksi": 0, "mu": 0.16, "eb": 0.47, "n_approaches": 6 }, "geometry": { "type": "Point", "coordinates": [ -77.03642, 38.97072 ] } },
{ "type": "Feature", "properties": { "int_id": 1809, "names": "15th Street Northeast & D Street Northeast", "crashes": 3, "ksi": 0, "mu": 0.09, "eb": 0.86, "n_approaches": 4 }, "geometry": { "type": "Point", "coordinates": [ -76.98365, 38.89478 ] } },
{ "type": "Feature", "properties": { "int_id": 1814, "names": "Hamlin Street Northeast & 15th Street Northeast", "crashes": 1, "ksi": 0, "mu": 0.04, "eb": 0.18, "n_approaches": 4 }, "geometry": { "type": "Point", "coordinates": [ -76.98232, 38.92802 ] } },
{ "type": "Feature", "properties": { "int_id": 1829, "names": "New Hampshire Avenue Northwest & Swann Street Northwest", "crashes": 2, "ksi": 0, "mu": 0.37, "eb": 1.32, "n_approaches": 23 }, "geometry": { "type": "Point", "coordinates": [ -77.03849, 38.91493 ] } },
{ "type": "Feature", "properties": { "int_id": 1833, "names": "16th Street Northwest & Swann Street Northwest", "crashes": 1, "ksi": 0, "mu": 0.28, "eb": 0.65, "n_approaches": 4 }, "geometry": { "type": "Point", "coordinates": [ -77.03651, 38.91559 ] } },
{ "type": "Feature", "properties": { "int_id": 1856, "names": "East Capitol Street Southeast & 11th Street Southeast", "crashes": 1, "ksi": 0, "mu": 0.19, "eb": 0.52, "n_approaches": 6 }, "geometry": { "type": "Point", "coordinates": [ -76.99153, 38.88925 ] } },
{ "type": "Feature", "properties": { "int_id": 1900, "names": "Piney Branch Road Northwest & Georgia Avenue Northwest", "crashes": 1, "ksi": 0, "mu": 0.16, "eb": 0.47, "n_approaches": 5 }, "geometry": { "type": "Point", "coordinates": [ -77.02764, 38.96744 ] } },
{ "type": "Feature", "properties": { "int_id": 1908, "names": "Blair Road Northwest & Piney Branch Road Northwest", "crashes": 1, "ksi": 0, "mu": 0.25, "eb": 0.62, "n_approaches": 9 }, "geometry": { "type": "Point", "coordinates": [ -77.0205, 38.97647 ] } },
{ "type": "Feature", "properties": { "int_id": 1956, "names": "27th Street Northwest & O Street Northwest", "crashes": 1, "ksi": 0, "mu": 0.04, "eb": 0.18, "n_approaches": 4 }, "geometry": { "type": "Point", "coordinates": [ -77.05583, 38.90899 ] } },
{ "type": "Feature", "properties": { "int_id": 1985, "names": "Nebraska Avenue Northwest & Brandywine Street Northwest", "crashes": 1, "ksi": 0, "mu": 0.16, "eb": 0.47, "n_approaches": 6 }, "geometry": { "type": "Point", "coordinates": [ -77.07495, 38.95073 ] } },
{ "type": "Feature", "properties": { "int_id": 2024, "names": "7th Street Northwest & G Street Northwest", "crashes": 1, "ksi": 0, "mu": 0.15, "eb": 0.45, "n_approaches": 3 }, "geometry": { "type": "Point", "coordinates": [ -77.02192, 38.89777 ] } },
{ "type": "Feature", "properties": { "int_id": 2025, "names": "G Street Northwest & 11th Street Northwest", "crashes": 1, "ksi": 0, "mu": 0.39, "eb": 0.75, "n_approaches": 10 }, "geometry": { "type": "Point", "coordinates": [ -77.027, 38.89832 ] } },
{ "type": "Feature", "properties": { "int_id": 2026, "names": "12th Street Northwest & G Street Northwest", "crashes": 3, "ksi": 0, "mu": 0.19, "eb": 1.39, "n_approaches": 4 }, "geometry": { "type": "Point", "coordinates": [ -77.02811, 38.89832 ] } },
{ "type": "Feature", "properties": { "int_id": 2031, "names": "19th Street Northwest & G Street Northwest", "crashes": 1, "ksi": 0, "mu": 0.37, "eb": 0.74, "n_approaches": 7 }, "geometry": { "type": "Point", "coordinates": [ -77.0434, 38.89832 ] } },
{ "type": "Feature", "properties": { "int_id": 2034, "names": "23rd Street Northwest & G Street Northwest", "crashes": 1, "ksi": 0, "mu": 0.27, "eb": 0.63, "n_approaches": 4 }, "geometry": { "type": "Point", "coordinates": [ -77.05013, 38.8983 ] } },
{ "type": "Feature", "properties": { "int_id": 2035, "names": "24th Street Northwest & G Street Northwest", "crashes": 1, "ksi": 0, "mu": 0.27, "eb": 0.64, "n_approaches": 10 }, "geometry": { "type": "Point", "coordinates": [ -77.05139, 38.8983 ] } },
{ "type": "Feature", "properties": { "int_id": 2104, "names": "Lamont Street Northwest & Warder Street Northwest", "crashes": 1, "ksi": 0, "mu": 0.22, "eb": 0.57, "n_approaches": 4 }, "geometry": { "type": "Point", "coordinates": [ -77.02042, 38.93119 ] } },
{ "type": "Feature", "properties": { "int_id": 2113, "names": "18th Street Northwest & Lamont Street Northwest", "crashes": 1, "ksi": 0, "mu": 0.04, "eb": 0.18, "n_approaches": 4 }, "geometry": { "type": "Point", "coordinates": [ -77.0413, 38.9319 ] } },
{ "type": "Feature", "properties": { "int_id": 2139, "names": "3rd Street Southwest & I Street Southwest", "crashes": 3, "ksi": 0, "mu": 0.35, "eb": 1.86, "n_approaches": 10 }, "geometry": { "type": "Point", "coordinates": [ -77.01519, 38.87931 ] } },
{ "type": "Feature", "properties": { "int_id": 2143, "names": "15th Street Northwest & Pennsylvania Avenue Northwest", "crashes": 1, "ksi": 0, "mu": 0.48, "eb": 0.81, "n_approaches": 11 }, "geometry": { "type": "Point", "coordinates": [ -77.03362, 38.89553 ] } },
{ "type": "Feature", "properties": { "int_id": 2149, "names": "N Street Northwest & 15th Street Northwest", "crashes": 1, "ksi": 0, "mu": 0.37, "eb": 0.74, "n_approaches": 9 }, "geometry": { "type": "Point", "coordinates": [ -77.03467, 38.90722 ] } },
{ "type": "Feature", "properties": { "int_id": 2152, "names": "P Street Northwest & 15th Street Northwest", "crashes": 2, "ksi": 0, "mu": 0.21, "eb": 0.99, "n_approaches": 4 }, "geometry": { "type": "Point", "coordinates": [ -77.03464, 38.90965 ] } },
{ "type": "Feature", "properties": { "int_id": 2154, "names": "Q Street Northwest & 15th Street Northwest", "crashes": 1, "ksi": 0, "mu": 0.21, "eb": 0.55, "n_approaches": 4 }, "geometry": { "type": "Point", "coordinates": [ -77.03454, 38.91114 ] } },
{ "type": "Feature", "properties": { "int_id": 2156, "names": "R Street Northwest & 15th Street Northwest", "crashes": 1, "ksi": 0, "mu": 0.21, "eb": 0.55, "n_approaches": 4 }, "geometry": { "type": "Point", "coordinates": [ -77.03453, 38.91261 ] } },
{ "type": "Feature", "properties": { "int_id": 2157, "names": "S Street Northwest & 15th Street Northwest", "crashes": 1, "ksi": 0, "mu": 0.14, "eb": 0.44, "n_approaches": 4 }, "geometry": { "type": "Point", "coordinates": [ -77.03462, 38.9141 ] } },
{ "type": "Feature", "properties": { "int_id": 2158, "names": "15th Street Northwest & T Street Northwest", "crashes": 1, "ksi": 0, "mu": 0.14, "eb": 0.44, "n_approaches": 4 }, "geometry": { "type": "Point", "coordinates": [ -77.03453, 38.91559 ] } },
{ "type": "Feature", "properties": { "int_id": 2160, "names": "U Street Northwest & 15th Street Northwest", "crashes": 3, "ksi": 1, "mu": 0.19, "eb": 1.37, "n_approaches": 4 }, "geometry": { "type": "Point", "coordinates": [ -77.03461, 38.91701 ] } },
{ "type": "Feature", "properties": { "int_id": 2161, "names": "V Street Northwest & 15th Street Northwest", "crashes": 2, "ksi": 0, "mu": 0.14, "eb": 0.79, "n_approaches": 4 }, "geometry": { "type": "Point", "coordinates": [ -77.03451, 38.91812 ] } },
{ "type": "Feature", "properties": { "int_id": 2163, "names": "Fuller Street Northwest & 15th Street Northwest", "crashes": 1, "ksi": 1, "mu": 0.16, "eb": 0.47, "n_approaches": 9 }, "geometry": { "type": "Point", "coordinates": [ -77.03648, 38.92476 ] } },
{ "type": "Feature", "properties": { "int_id": 2164, "names": "15th Street Northwest & Girard Street Northwest", "crashes": 2, "ksi": 0, "mu": 0.13, "eb": 0.73, "n_approaches": 3 }, "geometry": { "type": "Point", "coordinates": [ -77.03542, 38.92532 ] } },
{ "type": "Feature", "properties": { "int_id": 2165, "names": "Harvard Street Northwest & 15th Street Northwest", "crashes": 2, "ksi": 0, "mu": 0.21, "eb": 0.99, "n_approaches": 4 }, "geometry": { "type": "Point", "coordinates": [ -77.03548, 38.92633 ] } },
{ "type": "Feature", "properties": { "int_id": 2181, "names": "P Street Northwest & Hopkins Street Northwest", "crashes": 1, "ksi": 0, "mu": 0.34, "eb": 0.71, "n_approaches": 14 }, "geometry": { "type": "Point", "coordinates": [ -77.04493, 38.9097 ] } },
{ "type": "Feature", "properties": { "int_id": 2183, "names": "New Hampshire Avenue Northwest & 20th Street Northwest", "crashes": 2, "ksi": 0, "mu": 0.37, "eb": 1.32, "n_approaches": 17 }, "geometry": { "type": "Point", "coordinates": [ -77.04496, 38.90801 ] } },
{ "type": "Feature", "properties": { "int_id": 2191, "names": "L Street Southeast & 5th Street Southeast", "crashes": 1, "ksi": 1, "mu": 0.04, "eb": 0.18, "n_approaches": 4 }, "geometry": { "type": "Point", "coordinates": [ -76.99987, 38.87753 ] } },
{ "type": "Feature", "properties": { "int_id": 2209, "names": "Riggs Place Northwest & New Hampshire Avenue Northwest", "crashes": 2, "ksi": 0, "mu": 0.12, "eb": 0.7, "n_approaches": 3 }, "geometry": { "type": "Point", "coordinates": [ -77.04048, 38.91336 ] } },
{ "type": "Feature", "properties": { "int_id": 2213, "names": "Monroe Street Northwest & New Hampshire Avenue Northwest", "crashes": 1, "ksi": 0, "mu": 0.19, "eb": 0.52, "n_approaches": 10 }, "geometry": { "type": "Point", "coordinates": [ -77.02692, 38.93275 ] } },
{ "type": "Feature", "properties": { "int_id": 2226, "names": "New Hampshire Avenue Northwest & 1st Place Northwest", "crashes": 2, "ksi": 0, "mu": 0.1, "eb": 0.6, "n_approaches": 3 }, "geometry": { "type": "Point", "coordinates": [ -77.01029, 38.95519 ] } },
{ "type": "Feature", "properties": { "int_id": 2265, "names": "17th Street Northeast & Gales Street Northeast", "crashes": 1, "ksi": 0, "mu": 0.21, "eb": 0.55, "n_approaches": 4 }, "geometry": { "type": "Point", "coordinates": [ -76.97967, 38.89811 ] } },
{ "type": "Feature", "properties": { "int_id": 2293, "names": "Gallatin Street Northwest & North Capitol Street", "crashes": 1, "ksi": 0, "mu": 0.23, "eb": 0.59, "n_approaches": 6 }, "geometry": { "type": "Point", "coordinates": [ -77.00901, 38.95241 ] } },
{ "type": "Feature", "properties": { "int_id": 2318, "names": "8th Street Northwest & D Street Northwest", "crashes": 3, "ksi": 0, "mu": 0.06, "eb": 0.59, "n_approaches": 3 }, "geometry": { "type": "Point", "coordinates": [ -77.02297, 38.89614 ] } },
{ "type": "Feature", "properties": { "int_id": 2334, "names": "7th Street Northeast & Acker Place Northeast", "crashes": 1, "ksi": 0, "mu": 0.03, "eb": 0.12, "n_approaches": 3 }, "geometry": { "type": "Point", "coordinates": [ -76.99617, 38.89733 ] } },
{ "type": "Feature", "properties": { "int_id": 2341, "names": "7th Street Northeast & Florida Avenue Northeast", "crashes": 2, "ksi": 0, "mu": 0.5, "eb": 1.48, "n_approaches": 6 }, "geometry": { "type": "Point", "coordinates": [ -76.99615, 38.90524 ] } },
{ "type": "Feature", "properties": { "int_id": 2348, "names": "7th Street Northeast & Lawrence Street Northeast", "crashes": 2, "ksi": 0, "mu": 0.37, "eb": 1.32, "n_approaches": 11 }, "geometry": { "type": "Point", "coordinates": [ -76.99617, 38.93241 ] } },
{ "type": "Feature", "properties": { "int_id": 2378, "names": "Georgia Avenue Northwest & Rock Creek Church Road Northwest", "crashes": 4, "ksi": 1, "mu": 0.16, "eb": 1.59, "n_approaches": 9 }, "geometry": { "type": "Point", "coordinates": [ -77.02432, 38.9363 ] } },
{ "type": "Feature", "properties": { "int_id": 2418, "names": "E Street Northeast & 11th Street Northeast", "crashes": 1, "ksi": 0, "mu": 0.1, "eb": 0.35, "n_approaches": 4 }, "geometry": { "type": "Point", "coordinates": [ -76.99105, 38.89612 ] } },
{ "type": "Feature", "properties": { "int_id": 2438, "names": "16th Street Northwest & Euclid Street Northwest", "crashes": 1, "ksi": 0, "mu": 0.23, "eb": 0.59, "n_approaches": 7 }, "geometry": { "type": "Point", "coordinates": [ -77.03648, 38.92273 ] } },
{ "type": "Feature", "properties": { "int_id": 2445, "names": "Euclid Street Northwest & Sherman Avenue Northwest", "crashes": 1, "ksi": 0, "mu": 0.15, "eb": 0.46, "n_approaches": 4 }, "geometry": { "type": "Point", "coordinates": [ -77.0255, 38.92391 ] } },
{ "type": "Feature", "properties": { "int_id": 2455, "names": "42nd Street Northeast & Benning Road Northeast", "crashes": 1, "ksi": 0, "mu": 0.19, "eb": 0.53, "n_approaches": 4 }, "geometry": { "type": "Point", "coordinates": [ -76.94262, 38.8924 ] } },
{ "type": "Feature", "properties": { "int_id": 2461, "names": "Benning Road Northeast & 24th Street Northeast", "crashes": 2, "ksi": 0, "mu": 0.12, "eb": 0.7, "n_approaches": 3 }, "geometry": { "type": "Point", "coordinates": [ -76.97215, 38.89821 ] } },
{ "type": "Feature", "properties": { "int_id": 2462, "names": "25th Place Northeast & Benning Road Northeast", "crashes": 1, "ksi": 0, "mu": 0.12, "eb": 0.39, "n_approaches": 3 }, "geometry": { "type": "Point", "coordinates": [ -76.97127, 38.89793 ] } },
{ "type": "Feature", "properties": { "int_id": 2463, "names": "26th Street Northeast & Benning Road Northeast", "crashes": 1, "ksi": 0, "mu": 0.19, "eb": 0.53, "n_approaches": 4 }, "geometry": { "type": "Point", "coordinates": [ -76.97044, 38.89779 ] } },
{ "type": "Feature", "properties": { "int_id": 2471, "names": "1st Street Northwest & Louisiana Avenue Northwest", "crashes": 1, "ksi": 0, "mu": 0.22, "eb": 0.57, "n_approaches": 8 }, "geometry": { "type": "Point", "coordinates": [ -77.01217, 38.89314 ] } },
{ "type": "Feature", "properties": { "int_id": 2486, "names": "3rd Street Northeast & Rhode Island Avenue Northeast", "crashes": 1, "ksi": 0, "mu": 0.22, "eb": 0.57, "n_approaches": 7 }, "geometry": { "type": "Point", "coordinates": [ -77.00203, 38.91918 ] } },
{ "type": "Feature", "properties": { "int_id": 2487, "names": "5th Street Northeast & Rhode Island Avenue Northeast", "crashes": 1, "ksi": 0, "mu": 0.16, "eb": 0.47, "n_approaches": 9 }, "geometry": { "type": "Point", "coordinates": [ -76.99953, 38.92006 ] } },
{ "type": "Feature", "properties": { "int_id": 2490, "names": "Brentwood Road Northeast & Rhode Island Avenue Northeast", "crashes": 1, "ksi": 0, "mu": 0.16, "eb": 0.47, "n_approaches": 7 }, "geometry": { "type": "Point", "coordinates": [ -76.988, 38.92388 ] } },
{ "type": "Feature", "properties": { "int_id": 2512, "names": "17th Street Northwest & Fuller Street Northwest", "crashes": 1, "ksi": 0, "mu": 0.17, "eb": 0.49, "n_approaches": 6 }, "geometry": { "type": "Point", "coordinates": [ -77.03912, 38.9249 ] } },
{ "type": "Feature", "properties": { "int_id": 2515, "names": "17th Street Northwest & Desales Street Northwest", "crashes": 1, "ksi": 0, "mu": 0.13, "eb": 0.42, "n_approaches": 3 }, "geometry": { "type": "Point", "coordinates": [ -77.03851, 38.90513 ] } },
{ "type": "Feature", "properties": { "int_id": 2522, "names": "Q Street Northwest & 17th Street Northwest", "crashes": 3, "ksi": 0, "mu": 0.37, "eb": 1.9, "n_approaches": 7 }, "geometry": { "type": "Point", "coordinates": [ -77.03849, 38.91114 ] } },
{ "type": "Feature", "properties": { "int_id": 2523, "names": "Corcoran Street Northwest & 17th Street Northwest", "crashes": 1, "ksi": 0, "mu": 0.37, "eb": 0.74, "n_approaches": 7 }, "geometry": { "type": "Point", "coordinates": [ -77.03849, 38.91188 ] } },
{ "type": "Feature", "properties": { "int_id": 2526, "names": "S Street Northwest & 17th Street Northwest", "crashes": 1, "ksi": 0, "mu": 0.37, "eb": 0.74, "n_approaches": 13 }, "geometry": { "type": "Point", "coordinates": [ -77.03854, 38.91412 ] } },
{ "type": "Feature", "properties": { "int_id": 2527, "names": "T Street Northwest & 17th Street Northwest", "crashes": 1, "ksi": 0, "mu": 0.18, "eb": 0.51, "n_approaches": 11 }, "geometry": { "type": "Point", "coordinates": [ -77.03847, 38.91559 ] } },
{ "type": "Feature", "properties": { "int_id": 2569, "names": "S Street Northeast & Lincoln Road Northeast", "crashes": 1, "ksi": 0, "mu": 0.15, "eb": 0.47, "n_approaches": 6 }, "geometry": { "type": "Point", "coordinates": [ -77.0089, 38.91408 ] } },
{ "type": "Feature", "properties": { "int_id": 2581, "names": "North Capitol Street & Massachusetts Avenue Northwest", "crashes": 1, "ksi": 0, "mu": 0.23, "eb": 0.59, "n_approaches": 13 }, "geometry": { "type": "Point", "coordinates": [ -77.00911, 38.89751 ] } },
{ "type": "Feature", "properties": { "int_id": 2602, "names": "Irving Street Northwest & Sherman Avenue Northwest", "crashes": 3, "ksi": 0, "mu": 0.17, "eb": 1.27, "n_approaches": 7 }, "geometry": { "type": "Point", "coordinates": [ -77.02623, 38.92882 ] } },
{ "type": "Feature", "properties": { "int_id": 2606, "names": "16th Street Northwest & Irving Street Northwest", "crashes": 1, "ksi": 0, "mu": 0.19, "eb": 0.53, "n_approaches": 4 }, "geometry": { "type": "Point", "coordinates": [ -77.03647, 38.92832 ] } },
{ "type": "Feature", "properties": { "int_id": 2621, "names": "Peabody Street Northwest & 7th Street Northwest", "crashes": 1, "ksi": 0, "mu": 0.04, "eb": 0.18, "n_approaches": 4 }, "geometry": { "type": "Point", "coordinates": [ -77.0199, 38.9627 ] } },
{ "type": "Feature", "properties": { "int_id": 2634, "names": "Rock Creek Church Road Northwest & 7th Street Northwest", "crashes": 1, "ksi": 0, "mu": 0.18, "eb": 0.51, "n_approaches": 7 }, "geometry": { "type": "Point", "coordinates": [ -77.02132, 38.93703 ] } },
{ "type": "Feature", "properties": { "int_id": 2640, "names": "E Street Northwest & 7th Street Northwest", "crashes": 4, "ksi": 0, "mu": 0.24, "eb": 2.03, "n_approaches": 4 }, "geometry": { "type": "Point", "coordinates": [ -77.02178, 38.89614 ] } },
{ "type": "Feature", "properties": { "int_id": 2641, "names": "7th Street Northwest & H Street Northwest", "crashes": 1, "ksi": 1, "mu": 0.28, "eb": 0.65, "n_approaches": 4 }, "geometry": { "type": "Point", "coordinates": [ -77.02191, 38.90042 ] } },
{ "type": "Feature", "properties": { "int_id": 2644, "names": "7th Street Northwest & N Street Northwest", "crashes": 1, "ksi": 0, "mu": 0.24, "eb": 0.6, "n_approaches": 4 }, "geometry": { "type": "Point", "coordinates": [ -77.02192, 38.90857 ] } },
{ "type": "Feature", "properties": { "int_id": 2645, "names": "7th Street Northwest & O Street Northwest", "crashes": 2, "ksi": 0, "mu": 0.24, "eb": 1.08, "n_approaches": 4 }, "geometry": { "type": "Point", "coordinates": [ -77.02192, 38.90964 ] } },
{ "type": "Feature", "properties": { "int_id": 2647, "names": "7th Street Northwest & Rhode Island Avenue Northwest", "crashes": 5, "ksi": 3, "mu": 0.28, "eb": 2.71, "n_approaches": 4 }, "geometry": { "type": "Point", "coordinates": [ -77.02192, 38.91226 ] } },
{ "type": "Feature", "properties": { "int_id": 2648, "names": "R Street Northwest & 7th Street Northwest", "crashes": 1, "ksi": 0, "mu": 0.25, "eb": 0.62, "n_approaches": 4 }, "geometry": { "type": "Point", "coordinates": [ -77.02192, 38.9126 ] } },
{ "type": "Feature", "properties": { "int_id": 2650, "names": "7th Street Northwest & T Street Northwest", "crashes": 1, "ksi": 0, "mu": 0.25, "eb": 0.62, "n_approaches": 4 }, "geometry": { "type": "Point", "coordinates": [ -77.02191, 38.91628 ] } },
{ "type": "Feature", "properties": { "int_id": 2651, "names": "Florida Avenue Northwest & Georgia Avenue Northwest", "crashes": 2, "ksi": 0, "mu": 0.23, "eb": 1.05, "n_approaches": 8 }, "geometry": { "type": "Point", "coordinates": [ -77.02252, 38.91654 ] } },
{ "type": "Feature", "properties": { "int_id": 2668, "names": "E Street Northwest & 11th Street Northwest", "crashes": 1, "ksi": 0, "mu": 0.39, "eb": 0.75, "n_approaches": 10 }, "geometry": { "type": "Point", "coordinates": [ -77.027, 38.89614 ] } },
{ "type": "Feature", "properties": { "int_id": 2669, "names": "H Street Northwest & 11th Street Northwest", "crashes": 5, "ksi": 0, "mu": 0.41, "eb": 3.2, "n_approaches": 10 }, "geometry": { "type": "Point", "coordinates": [ -77.02707, 38.89982 ] } },
{ "type": "Feature", "properties": { "int_id": 2671, "names": "I Street Northwest & 11th Street Northwest", "crashes": 2, "ksi": 0, "mu": 0.48, "eb": 1.46, "n_approaches": 10 }, "geometry": { "type": "Point", "coordinates": [ -77.02707, 38.90135 ] } },
{ "type": "Feature", "properties": { "int_id": 2673, "names": "Massachusetts Avenue Northwest & 11th Street Northwest", "crashes": 1, "ksi": 0, "mu": 0.22, "eb": 0.57, "n_approaches": 6 }, "geometry": { "type": "Point", "coordinates": [ -77.02635, 38.90371 ] } },
{ "type": "Feature", "properties": { "int_id": 2676, "names": "11th Street Northwest & Rhode Island Avenue Northwest", "crashes": 1, "ksi": 1, "mu": 0.34, "eb": 0.71, "n_approaches": 9 }, "geometry": { "type": "Point", "coordinates": [ -77.02704, 38.91047 ] } },
{ "type": "Feature", "properties": { "int_id": 2677, "names": "11th Street Northwest & T Street Northwest", "crashes": 1, "ksi": 0, "mu": 0.07, "eb": 0.26, "n_approaches": 4 }, "geometry": { "type": "Point", "coordinates": [ -77.02704, 38.91559 ] } },
{ "type": "Feature", "properties": { "int_id": 2682, "names": "11th Street Northwest & Clifton Street Northwest", "crashes": 1, "ksi": 0, "mu": 0.04, "eb": 0.17, "n_approaches": 3 }, "geometry": { "type": "Point", "coordinates": [ -77.02703, 38.92284 ] } },
{ "type": "Feature", "properties": { "int_id": 2698, "names": "4th Street Southeast & Oakwood Street Southeast", "crashes": 1, "ksi": 0, "mu": 0.04, "eb": 0.15, "n_approaches": 7 }, "geometry": { "type": "Point", "coordinates": [ -77.00377, 38.84709 ] } },
{ "type": "Feature", "properties": { "int_id": 2700, "names": "Independence Avenue Southeast & 4th Street Southeast", "crashes": 1, "ksi": 0, "mu": 0.24, "eb": 0.6, "n_approaches": 4 }, "geometry": { "type": "Point", "coordinates": [ -77.00057, 38.8876 ] } },
{ "type": "Feature", "properties": { "int_id": 2710, "names": "H Street Northeast & 3rd Street Northeast", "crashes": 2, "ksi": 1, "mu": 0.23, "eb": 1.05, "n_approaches": 5 }, "geometry": { "type": "Point", "coordinates": [ -77.00204, 38.90021 ] } },
{ "type": "Feature", "properties": { "int_id": 2712, "names": "6th Street Northeast & H Street Northeast", "crashes": 2, "ksi": 0, "mu": 0.23, "eb": 1.05, "n_approaches": 7 }, "geometry": { "type": "Point", "coordinates": [ -76.99845, 38.90021 ] } },
{ "type": "Feature", "properties": { "int_id": 2714, "names": "9th Street Northeast & H Street Northeast", "crashes": 3, "ksi": 0, "mu": 0.17, "eb": 1.29, "n_approaches": 3 }, "geometry": { "type": "Point", "coordinates": [ -76.99376, 38.90058 ] } },
{ "type": "Feature", "properties": { "int_id": 2781, "names": "Bruce Place Southeast & Fort Place Southeast", "crashes": 1, "ksi": 0, "mu": 0.03, "eb": 0.12, "n_approaches": 3 }, "geometry": { "type": "Point", "coordinates": [ -76.9752, 38.85654 ] } },
{ "type": "Feature", "properties": { "int_id": 2791, "names": "Rhode Island Avenue Northwest & Scott Circle Northwest", "crashes": 1, "ksi": 0, "mu": 0.21, "eb": 0.55, "n_approaches": 5 }, "geometry": { "type": "Point", "coordinates": [ -77.03697, 38.90724 ] } },
{ "type": "Feature", "properties": { "int_id": 2801, "names": "9th Street Northwest & Rhode Island Avenue Northwest", "crashes": 7, "ksi": 1, "mu": 0.5, "eb": 4.76, "n_approaches": 11 }, "geometry": { "type": "Point", "coordinates": [ -77.02394, 38.91154 ] } },
{ "type": "Feature", "properties": { "int_id": 2824, "names": "S Street Northwest & New Jersey Avenue Northwest", "crashes": 1, "ksi": 0, "mu": 0.5, "eb": 0.83, "n_approaches": 9 }, "geometry": { "type": "Point", "coordinates": [ -77.01794, 38.91409 ] } },
{ "type": "Feature", "properties": { "int_id": 2826, "names": "6th Street Northwest & S Street Northwest", "crashes": 2, "ksi": 0, "mu": 0.21, "eb": 0.99, "n_approaches": 4 }, "geometry": { "type": "Point", "coordinates": [ -77.01996, 38.91545 ] } },
{ "type": "Feature", "properties": { "int_id": 2827, "names": "8th Street Northwest & S Street Northwest", "crashes": 1, "ksi": 0, "mu": 0.05, "eb": 0.19, "n_approaches": 4 }, "geometry": { "type": "Point", "coordinates": [ -77.02294, 38.9144 ] } },
{ "type": "Feature", "properties": { "int_id": 2828, "names": "S Street Northwest & 9th Street Northwest", "crashes": 4, "ksi": 0, "mu": 0.21, "eb": 1.87, "n_approaches": 4 }, "geometry": { "type": "Point", "coordinates": [ -77.02389, 38.9141 ] } },
{ "type": "Feature", "properties": { "int_id": 2832, "names": "S Street Northwest & Johnson Avenue Northwest", "crashes": 2, "ksi": 0, "mu": 0.03, "eb": 0.22, "n_approaches": 3 }, "geometry": { "type": "Point", "coordinates": [ -77.03268, 38.9141 ] } },
{ "type": "Feature", "properties": { "int_id": 2833, "names": "16th Street Northwest & S Street Northwest", "crashes": 1, "ksi": 1, "mu": 0.27, "eb": 0.63, "n_approaches": 4 }, "geometry": { "type": "Point", "coordinates": [ -77.03651, 38.91455 ] } },
{ "type": "Feature", "properties": { "int_id": 2841, "names": "Massachusetts Avenue Northwest & S Street Northwest", "crashes": 1, "ksi": 1, "mu": 0.15, "eb": 0.47, "n_approaches": 3 }, "geometry": { "type": "Point", "coordinates": [ -77.05342, 38.91418 ] } },
{ "type": "Feature", "properties": { "int_id": 2882, "names": "Wisconsin Avenue Northwest & Hall Place Northwest", "crashes": 1, "ksi": 0, "mu": 0.17, "eb": 0.5, "n_approaches": 3 }, "geometry": { "type": "Point", "coordinates": [ -77.07064, 38.9192 ] } },
{ "type": "Feature", "properties": { "int_id": 2887, "names": "P Street Northeast & Florida Avenue Northeast", "crashes": 6, "ksi": 0, "mu": 0.23, "eb": 2.91, "n_approaches": 6 }, "geometry": { "type": "Point", "coordinates": [ -77.00905, 38.90964 ] } },
{ "type": "Feature", "properties": { "int_id": 2908, "names": "Nebraska Avenue Northwest & Ward Circle Northwest", "crashes": 1, "ksi": 0, "mu": 0.19, "eb": 0.53, "n_approaches": 4 }, "geometry": { "type": "Point", "coordinates": [ -77.08555, 38.93817 ] } },
{ "type": "Feature", "properties": { "int_id": 2918, "names": "South Dakota Avenue Northeast & Carlton Avenue Northeast", "crashes": 1, "ksi": 1, "mu": 0.16, "eb": 0.48, "n_approaches": 3 }, "geometry": { "type": "Point", "coordinates": [ -76.9679, 38.92777 ] } },
{ "type": "Feature", "properties": { "int_id": 2922, "names": "School Street Southwest & 4th Street Southwest", "crashes": 2, "ksi": 0, "mu": 0.35, "eb": 1.29, "n_approaches": 8 }, "geometry": { "type": "Point", "coordinates": [ -77.01764, 38.88396 ] } },
{ "type": "Feature", "properties": { "int_id": 2929, "names": "8th Street Southeast & Malcolm X Avenue Southeast", "crashes": 1, "ksi": 0, "mu": 0.07, "eb": 0.26, "n_approaches": 4 }, "geometry": { "type": "Point", "coordinates": [ -76.99471, 38.8456 ] } },
{ "type": "Feature", "properties": { "int_id": 2933, "names": "22nd Street Northwest & H Street Northwest", "crashes": 1, "ksi": 0, "mu": 0.09, "eb": 0.33, "n_approaches": 4 }, "geometry": { "type": "Point", "coordinates": [ -77.04884, 38.89958 ] } },
{ "type": "Feature", "properties": { "int_id": 2935, "names": "24th Street Northwest & H Street Northwest", "crashes": 1, "ksi": 0, "mu": 0.09, "eb": 0.33, "n_approaches": 4 }, "geometry": { "type": "Point", "coordinates": [ -77.05143, 38.9007 ] } },
{ "type": "Feature", "properties": { "int_id": 2937, "names": "6th Street Northwest & H Street Northwest", "crashes": 2, "ksi": 0, "mu": 0.23, "eb": 1.05, "n_approaches": 4 }, "geometry": { "type": "Point", "coordinates": [ -77.01991, 38.8997 ] } },
{ "type": "Feature", "properties": { "int_id": 2954, "names": "E Street Northeast & Rosedale Street Northeast", "crashes": 1, "ksi": 0, "mu": 0.03, "eb": 0.12, "n_approaches": 3 }, "geometry": { "type": "Point", "coordinates": [ -76.97511, 38.89611 ] } },
{ "type": "Feature", "properties": { "int_id": 2955, "names": "E Street Northeast & 21st Street Northeast", "crashes": 1, "ksi": 0, "mu": 0.1, "eb": 0.35, "n_approaches": 4 }, "geometry": { "type": "Point", "coordinates": [ -76.97415, 38.89611 ] } },
{ "type": "Feature", "properties": { "int_id": 2982, "names": "Lyman Place Northeast & Bladensburg Road Northeast", "crashes": 1, "ksi": 0, "mu": 0.19, "eb": 0.52, "n_approaches": 6 }, "geometry": { "type": "Point", "coordinates": [ -76.98023, 38.905 ] } },
{ "type": "Feature", "properties": { "int_id": 3021, "names": "36th Street Northeast & Dix Street Northeast", "crashes": 1, "ksi": 0, "mu": 0.03, "eb": 0.12, "n_approaches": 3 }, "geometry": { "type": "Point", "coordinates": [ -76.95481, 38.8953 ] } },
{ "type": "Feature", "properties": { "int_id": 3027, "names": "Wisconsin Avenue Northwest & P Street Northwest", "crashes": 2, "ksi": 0, "mu": 0.21, "eb": 0.99, "n_approaches": 6 }, "geometry": { "type": "Point", "coordinates": [ -77.06387, 38.90842 ] } },
{ "type": "Feature", "properties": { "int_id": 3038, "names": "Wisconsin Avenue Northwest & P Street Northwest", "crashes": 2, "ksi": 0, "mu": 0.21, "eb": 0.99, "n_approaches": 6 }, "geometry": { "type": "Point", "coordinates": [ -77.06463, 38.90983 ] } },
{ "type": "Feature", "properties": { "int_id": 3040, "names": "P Street Northwest", "crashes": 1, "ksi": 1, "mu": 0.06, "eb": 0.23, "n_approaches": 3 }, "geometry": { "type": "Point", "coordinates": [ -77.03074, 38.90967 ] } },
{ "type": "Feature", "properties": { "int_id": 3042, "names": "18th Street Northwest & P Street Northwest", "crashes": 1, "ksi": 1, "mu": 0.21, "eb": 0.55, "n_approaches": 4 }, "geometry": { "type": "Point", "coordinates": [ -77.04166, 38.91005 ] } },
{ "type": "Feature", "properties": { "int_id": 3045, "names": "5th Street Northwest & P Street Northwest", "crashes": 1, "ksi": 0, "mu": 0.1, "eb": 0.35, "n_approaches": 4 }, "geometry": { "type": "Point", "coordinates": [ -77.01893, 38.90964 ] } },
{ "type": "Feature", "properties": { "int_id": 3049, "names": "P Street Northwest & 9th Street Northwest", "crashes": 4, "ksi": 0, "mu": 0.37, "eb": 2.48, "n_approaches": 11 }, "geometry": { "type": "Point", "coordinates": [ -77.02389, 38.90965 ] } },
{ "type": "Feature", "properties": { "int_id": 3050, "names": "10th Street Northwest & P Street Northwest", "crashes": 1, "ksi": 0, "mu": 0.18, "eb": 0.51, "n_approaches": 7 }, "geometry": { "type": "Point", "coordinates": [ -77.02598, 38.90965 ] } },
{ "type": "Feature", "properties": { "int_id": 3051, "names": "12th Street Northwest & P Street Northwest", "crashes": 3, "ksi": 1, "mu": 0.1, "eb": 0.89, "n_approaches": 4 }, "geometry": { "type": "Point", "coordinates": [ -77.02809, 38.90964 ] } },
{ "type": "Feature", "properties": { "int_id": 3062, "names": "Central Avenue Southeast & 53rd Place Southeast", "crashes": 1, "ksi": 0, "mu": 0.17, "eb": 0.49, "n_approaches": 7 }, "geometry": { "type": "Point", "coordinates": [ -76.92555, 38.88747 ] } },
{ "type": "Feature", "properties": { "int_id": 3067, "names": "Connecticut Avenue Northwest & 18th Street Northwest", "crashes": 1, "ksi": 0, "mu": 0.28, "eb": 0.65, "n_approaches": 4 }, "geometry": { "type": "Point", "coordinates": [ -77.04168, 38.90678 ] } },
{ "type": "Feature", "properties": { "int_id": 3076, "names": "Prout Street Southeast & Nicholson Street Southeast", "crashes": 1, "ksi": 0, "mu": 0.16, "eb": 0.47, "n_approaches": 6 }, "geometry": { "type": "Point", "coordinates": [ -76.97278, 38.87433 ] } },
{ "type": "Feature", "properties": { "int_id": 3086, "names": "Clay Place Northeast & 56th Street Northeast", "crashes": 1, "ksi": 0, "mu": 0.03, "eb": 0.12, "n_approaches": 3 }, "geometry": { "type": "Point", "coordinates": [ -76.92188, 38.89434 ] } },
{ "type": "Feature", "properties": { "int_id": 3130, "names": "E Street Northwest & 9th Street Northwest", "crashes": 1, "ksi": 0, "mu": 0.21, "eb": 0.55, "n_approaches": 4 }, "geometry": { "type": "Point", "coordinates": [ -77.0239, 38.89614 ] } },
{ "type": "Feature", "properties": { "int_id": 3131, "names": "E Street Northwest & Pennsylvania Avenue Northwest", "crashes": 1, "ksi": 0, "mu": 0.22, "eb": 0.57, "n_approaches": 4 }, "geometry": { "type": "Point", "coordinates": [ -77.02918, 38.89614 ] } },
{ "type": "Feature", "properties": { "int_id": 3133, "names": "10th Street Northeast & Monroe Street Northeast", "crashes": 2, "ksi": 1, "mu": 0.35, "eb": 1.29, "n_approaches": 10 }, "geometry": { "type": "Point", "coordinates": [ -76.99262, 38.93244 ] } },
{ "type": "Feature", "properties": { "int_id": 3229, "names": "Georgia Avenue Northwest & Hobart Place Northwest", "crashes": 2, "ksi": 0, "mu": 0.16, "eb": 0.84, "n_approaches": 6 }, "geometry": { "type": "Point", "coordinates": [ -77.0231, 38.92812 ] } },
{ "type": "Feature", "properties": { "int_id": 3230, "names": "Esther Place Southeast & Brothers Place Southeast", "crashes": 1, "ksi": 0, "mu": 0.03, "eb": 0.12, "n_approaches": 3 }, "geometry": { "type": "Point", "coordinates": [ -77.00046, 38.84344 ] } },
{ "type": "Feature", "properties": { "int_id": 3236, "names": "Summit Place Northeast & Todd Place Northeast", "crashes": 1, "ksi": 0, "mu": 0.04, "eb": 0.18, "n_approaches": 4 }, "geometry": { "type": "Point", "coordinates": [ -77.00509, 38.91699 ] } },
{ "type": "Feature", "properties": { "int_id": 3238, "names": "Pennsylvania Avenue Southeast & 27th Street Southeast", "crashes": 1, "ksi": 0, "mu": 0.16, "eb": 0.47, "n_approaches": 5 }, "geometry": { "type": "Point", "coordinates": [ -76.96897, 38.87278 ] } },
{ "type": "Feature", "properties": { "int_id": 3240, "names": "R Street Southeast & 27th Street Southeast", "crashes": 1, "ksi": 0, "mu": 0.19, "eb": 0.54, "n_approaches": 4 }, "geometry": { "type": "Point", "coordinates": [ -76.96776, 38.86949 ] } },
{ "type": "Feature", "properties": { "int_id": 3247, "names": "Legation Street Northwest & Chevy Chase Parkway Northwest", "crashes": 1, "ksi": 0, "mu": 0.04, "eb": 0.18, "n_approaches": 4 }, "geometry": { "type": "Point", "coordinates": [ -77.07393, 38.96208 ] } },
{ "type": "Feature", "properties": { "int_id": 3269, "names": "48th Street Northeast & Nannie Helen Burroughs Avenue Northeast", "crashes": 1, "ksi": 0, "mu": 0.09, "eb": 0.31, "n_approaches": 3 }, "geometry": { "type": "Point", "coordinates": [ -76.9338, 38.89906 ] } },
{ "type": "Feature", "properties": { "int_id": 3272, "names": "3rd Street Northeast & Parker Street Northeast", "crashes": 2, "ksi": 1, "mu": 0.03, "eb": 0.21, "n_approaches": 3 }, "geometry": { "type": "Point", "coordinates": [ -77.00204, 38.90209 ] } },
{ "type": "Feature", "properties": { "int_id": 3297, "names": "Mintwood Place Northwest & Columbia Road Northwest", "crashes": 1, "ksi": 0, "mu": 0.37, "eb": 0.74, "n_approaches": 6 }, "geometry": { "type": "Point", "coordinates": [ -77.04374, 38.92112 ] } },
{ "type": "Feature", "properties": { "int_id": 3302, "names": "Fairmont Street Northwest & Sherman Avenue Northwest", "crashes": 1, "ksi": 0, "mu": 0.21, "eb": 0.55, "n_approaches": 4 }, "geometry": { "type": "Point", "coordinates": [ -77.02657, 38.9248 ] } },
{ "type": "Feature", "properties": { "int_id": 3310, "names": "Holbrook Street Northeast & Queen Street Northeast", "crashes": 1, "ksi": 0, "mu": 0.03, "eb": 0.12, "n_approaches": 3 }, "geometry": { "type": "Point", "coordinates": [ -76.9823, 38.90495 ] } },
{ "type": "Feature", "properties": { "int_id": 3312, "names": "Pennsylvania Avenue Northwest & 24th Street Northwest", "crashes": 1, "ksi": 0, "mu": 0.23, "eb": 0.59, "n_approaches": 5 }, "geometry": { "type": "Point", "coordinates": [ -77.05142, 38.90299 ] } },
{ "type": "Feature", "properties": { "int_id": 3313, "names": "L Street Northwest & 24th Street Northwest", "crashes": 1, "ksi": 0, "mu": 0.21, "eb": 0.55, "n_approaches": 4 }, "geometry": { "type": "Point", "coordinates": [ -77.05141, 38.90373 ] } },
{ "type": "Feature", "properties": { "int_id": 3316, "names": "Connecticut Avenue Northwest & 24th Street Northwest", "crashes": 1, "ksi": 0, "mu": 0.16, "eb": 0.47, "n_approaches": 5 }, "geometry": { "type": "Point", "coordinates": [ -77.05224, 38.92478 ] } },
{ "type": "Feature", "properties": { "int_id": 3336, "names": "30th Street Northwest & M Street Northwest", "crashes": 1, "ksi": 0, "mu": 0.27, "eb": 0.63, "n_approaches": 4 }, "geometry": { "type": "Point", "coordinates": [ -77.05917, 38.90608 ] } },
{ "type": "Feature", "properties": { "int_id": 3365, "names": "Monroe Street Northwest & 10th Street Northwest", "crashes": 1, "ksi": 0, "mu": 0.06, "eb": 0.23, "n_approaches": 3 }, "geometry": { "type": "Point", "coordinates": [ -77.02749, 38.93285 ] } },
{ "type": "Feature", "properties": { "int_id": 3366, "names": "13th Street Northwest & Monroe Street Northwest", "crashes": 1, "ksi": 0, "mu": 0.17, "eb": 0.49, "n_approaches": 10 }, "geometry": { "type": "Point", "coordinates": [ -77.02973, 38.93457 ] } },
{ "type": "Feature", "properties": { "int_id": 3368, "names": "Monroe Street Northwest & 16th Street Northwest", "crashes": 1, "ksi": 0, "mu": 0.19, "eb": 0.53, "n_approaches": 4 }, "geometry": { "type": "Point", "coordinates": [ -77.03646, 38.93261 ] } },
{ "type": "Feature", "properties": { "int_id": 3390, "names": "Harvard Street Northwest & Georgia Avenue Northwest", "crashes": 2, "ksi": 0, "mu": 0.19, "eb": 0.95, "n_approaches": 4 }, "geometry": { "type": "Point", "coordinates": [ -77.02297, 38.92723 ] } },
{ "type": "Feature", "properties": { "int_id": 3391, "names": "Georgia Avenue Northwest & Kenyon Street Northwest", "crashes": 1, "ksi": 0, "mu": 0.19, "eb": 0.53, "n_approaches": 4 }, "geometry": { "type": "Point", "coordinates": [ -77.02337, 38.93 ] } },
{ "type": "Feature", "properties": { "int_id": 3393, "names": "Morton Street Northwest & Georgia Avenue Northwest", "crashes": 1, "ksi": 0, "mu": 0.16, "eb": 0.47, "n_approaches": 7 }, "geometry": { "type": "Point", "coordinates": [ -77.02372, 38.93205 ] } },
{ "type": "Feature", "properties": { "int_id": 3394, "names": "Georgia Avenue Northwest & Park Road Northwest", "crashes": 1, "ksi": 0, "mu": 0.12, "eb": 0.39, "n_approaches": 3 }, "geometry": { "type": "Point", "coordinates": [ -77.0238, 38.93302 ] } },
{ "type": "Feature", "properties": { "int_id": 3402, "names": "Kansas Avenue Northwest & Georgia Avenue Northwest", "crashes": 1, "ksi": 0, "mu": 0.16, "eb": 0.47, "n_approaches": 9 }, "geometry": { "type": "Point", "coordinates": [ -77.0252, 38.94287 ] } },
{ "type": "Feature", "properties": { "int_id": 3408, "names": "Kennedy Street Northwest & Georgia Avenue Northwest", "crashes": 1, "ksi": 0, "mu": 0.19, "eb": 0.53, "n_approaches": 4 }, "geometry": { "type": "Point", "coordinates": [ -77.02744, 38.95623 ] } },
{ "type": "Feature", "properties": { "int_id": 3413, "names": "Rittenhouse Street Northwest & Georgia Avenue Northwest", "crashes": 1, "ksi": 0, "mu": 0.19, "eb": 0.53, "n_approaches": 4 }, "geometry": { "type": "Point", "coordinates": [ -77.0282, 38.96495 ] } },
{ "type": "Feature", "properties": { "int_id": 3416, "names": "Underwood Street Northwest & Georgia Avenue Northwest", "crashes": 1, "ksi": 0, "mu": 0.12, "eb": 0.39, "n_approaches": 3 }, "geometry": { "type": "Point", "coordinates": [ -77.02798, 38.96898 ] } },
{ "type": "Feature", "properties": { "int_id": 3419, "names": "15th Street Southeast & Anderson Place Southeast", "crashes": 1, "ksi": 0, "mu": 0.08, "eb": 0.3, "n_approaches": 6 }, "geometry": { "type": "Point", "coordinates": [ -76.98257, 38.84162 ] } },
{ "type": "Feature", "properties": { "int_id": 3436, "names": "Gallatin Street Northwest & Farragut Place Northwest", "crashes": 1, "ksi": 0, "mu": 0.03, "eb": 0.12, "n_approaches": 3 }, "geometry": { "type": "Point", "coordinates": [ -77.01063, 38.95236 ] } },
{ "type": "Feature", "properties": { "int_id": 3460, "names": "Randolph Street Northwest & 13th Street Northwest", "crashes": 1, "ksi": 1, "mu": 0.21, "eb": 0.55, "n_approaches": 4 }, "geometry": { "type": "Point", "coordinates": [ -77.03035, 38.93868 ] } },
{ "type": "Feature", "properties": { "int_id": 3474, "names": "I Street Northeast & 6th Street Northeast", "crashes": 1, "ksi": 0, "mu": 0.1, "eb": 0.35, "n_approaches": 4 }, "geometry": { "type": "Point", "coordinates": [ -76.99845, 38.90132 ] } },
{ "type": "Feature", "properties": { "int_id": 3475, "names": "I Street Northeast & 8th Street Northeast", "crashes": 1, "ksi": 0, "mu": 0.1, "eb": 0.35, "n_approaches": 4 }, "geometry": { "type": "Point", "coordinates": [ -76.99496, 38.90133 ] } },
{ "type": "Feature", "properties": { "int_id": 3479, "names": "I Street Northeast & 13th Street Northeast", "crashes": 1, "ksi": 0, "mu": 0.1, "eb": 0.35, "n_approaches": 4 }, "geometry": { "type": "Point", "coordinates": [ -76.98831, 38.90132 ] } },
{ "type": "Feature", "properties": { "int_id": 3493, "names": "Ingraham Street Northwest & 1st Street Northwest", "crashes": 1, "ksi": 0, "mu": 0.11, "eb": 0.38, "n_approaches": 8 }, "geometry": { "type": "Point", "coordinates": [ -77.01109, 38.95456 ] } },
{ "type": "Feature", "properties": { "int_id": 3499, "names": "Ingraham Street Northwest & Illinois Avenue Northwest", "crashes": 1, "ksi": 0, "mu": 0.1, "eb": 0.35, "n_approaches": 4 }, "geometry": { "type": "Point", "coordinates": [ -77.02654, 38.95412 ] } },
{ "type": "Feature", "properties": { "int_id": 3521, "names": "Tenley Circle Northwest & Wisconsin Avenue Northwest", "crashes": 1, "ksi": 0, "mu": 0.19, "eb": 0.53, "n_approaches": 4 }, "geometry": { "type": "Point", "coordinates": [ -77.07889, 38.9465 ] } },
{ "type": "Feature", "properties": { "int_id": 3532, "names": "Cloisters", "crashes": 1, "ksi": 0, "mu": 0.03, "eb": 0.12, "n_approaches": 2 }, "geometry": { "type": "Point", "coordinates": [ -77.00595, 38.92857 ] } },
{ "type": "Feature", "properties": { "int_id": 3541, "names": "6th Street Northwest & T Street Northwest", "crashes": 1, "ksi": 0, "mu": 0.06, "eb": 0.24, "n_approaches": 3 }, "geometry": { "type": "Point", "coordinates": [ -77.02001, 38.91565 ] } },
{ "type": "Feature", "properties": { "int_id": 3542, "names": "Florida Avenue Northwest & T Street Northwest", "crashes": 1, "ksi": 0, "mu": 0.17, "eb": 0.5, "n_approaches": 3 }, "geometry": { "type": "Point", "coordinates": [ -77.02122, 38.91598 ] } },
{ "type": "Feature", "properties": { "int_id": 3543, "names": "T Street Northwest & 9th Street Northwest", "crashes": 4, "ksi": 0, "mu": 0.37, "eb": 2.48, "n_approaches": 11 }, "geometry": { "type": "Point", "coordinates": [ -77.02391, 38.91558 ] } },
{ "type": "Feature", "properties": { "int_id": 3547, "names": "T Street Northwest & 19th Street Northwest", "crashes": 3, "ksi": 0, "mu": 0.04, "eb": 0.47, "n_approaches": 4 }, "geometry": { "type": "Point", "coordinates": [ -77.04342, 38.91559 ] } },
{ "type": "Feature", "properties": { "int_id": 3548, "names": "Florida Avenue Northwest & T Street Northwest", "crashes": 2, "ksi": 0, "mu": 0.12, "eb": 0.7, "n_approaches": 7 }, "geometry": { "type": "Point", "coordinates": [ -77.04418, 38.91554 ] } },
{ "type": "Feature", "properties": { "int_id": 3552, "names": "Spring Road Northwest & Spring Place Northwest", "crashes": 3, "ksi": 0, "mu": 0.06, "eb": 0.61, "n_approaches": 3 }, "geometry": { "type": "Point", "coordinates": [ -77.03331, 38.93723 ] } },
{ "type": "Feature", "properties": { "int_id": 3554, "names": "D Street Southeast & 9th Street Southeast", "crashes": 1, "ksi": 0, "mu": 0.03, "eb": 0.12, "n_approaches": 3 }, "geometry": { "type": "Point", "coordinates": [ -76.99265, 38.88411 ] } },
{ "type": "Feature", "properties": { "int_id": 3555, "names": "D Street Southeast & 10th Street Southeast", "crashes": 1, "ksi": 0, "mu": 0.04, "eb": 0.18, "n_approaches": 4 }, "geometry": { "type": "Point", "coordinates": [ -76.99212, 38.88411 ] } },
{ "type": "Feature", "properties": { "int_id": 3559, "names": "D Street Southeast & 16th Street Southeast", "crashes": 1, "ksi": 0, "mu": 0.04, "eb": 0.18, "n_approaches": 4 }, "geometry": { "type": "Point", "coordinates": [ -76.98076, 38.88411 ] } },
{ "type": "Feature", "properties": { "int_id": 3567, "names": "D Street Southeast & New Jersey Avenue Southeast", "crashes": 1, "ksi": 1, "mu": 0.09, "eb": 0.33, "n_approaches": 4 }, "geometry": { "type": "Point", "coordinates": [ -77.00589, 38.88508 ] } },
{ "type": "Feature", "properties": { "int_id": 3572, "names": "Q Street Northeast & 1st Street Northeast", "crashes": 1, "ksi": 0, "mu": 0.03, "eb": 0.12, "n_approaches": 3 }, "geometry": { "type": "Point", "coordinates": [ -77.00845, 38.91111 ] } },
{ "type": "Feature", "properties": { "int_id": 3610, "names": "Calvert Street Northwest & Cliffbourne Place Northwest", "crashes": 1, "ksi": 0, "mu": 0.13, "eb": 0.41, "n_approaches": 3 }, "geometry": { "type": "Point", "coordinates": [ -77.04515, 38.92324 ] } },
{ "type": "Feature", "properties": { "int_id": 3611, "names": "New Jersey Avenue Northwest & I Street Northwest", "crashes": 1, "ksi": 0, "mu": 0.35, "eb": 0.72, "n_approaches": 7 }, "geometry": { "type": "Point", "coordinates": [ -77.01345, 38.90174 ] } },
{ "type": "Feature", "properties": { "int_id": 3613, "names": "6th Street Northwest & I Street Northwest", "crashes": 2, "ksi": 0, "mu": 0.22, "eb": 1.02, "n_approaches": 4 }, "geometry": { "type": "Point", "coordinates": [ -77.01991, 38.90113 ] } },
{ "type": "Feature", "properties": { "int_id": 3616, "names": "I Street Northwest & 23rd Street Northwest", "crashes": 1, "ksi": 0, "mu": 0.22, "eb": 0.57, "n_approaches": 6 }, "geometry": { "type": "Point", "coordinates": [ -77.04883, 38.9007 ] } },
{ "type": "Feature", "properties": { "int_id": 3621, "names": "I Street Northwest & 18th Street Northwest", "crashes": 1, "ksi": 0, "mu": 0.27, "eb": 0.63, "n_approaches": 4 }, "geometry": { "type": "Point", "coordinates": [ -77.0417, 38.90134 ] } },
{ "type": "Feature", "properties": { "int_id": 3626, "names": "Clay Street Northeast & 61st Street Northeast", "crashes": 1, "ksi": 0, "mu": 0.04, "eb": 0.18, "n_approaches": 4 }, "geometry": { "type": "Point", "coordinates": [ -76.9123, 38.89289 ] } },
{ "type": "Feature", "properties": { "int_id": 3642, "names": "F Street Northeast & 2nd Street Northeast", "crashes": 1, "ksi": 0, "mu": 0.09, "eb": 0.33, "n_approaches": 4 }, "geometry": { "type": "Point", "coordinates": [ -77.00204, 38.89733 ] } },
{ "type": "Feature", "properties": { "int_id": 3643, "names": "3rd Street Northeast & F Street Northeast", "crashes": 1, "ksi": 0, "mu": 0.09, "eb": 0.33, "n_approaches": 4 }, "geometry": { "type": "Point", "coordinates": [ -77.00204, 38.89814 ] } },
{ "type": "Feature", "properties": { "int_id": 3694, "names": "Queens Chapel Road Northeast & Channing Street Northeast", "crashes": 1, "ksi": 0, "mu": 0.09, "eb": 0.33, "n_approaches": 4 }, "geometry": { "type": "Point", "coordinates": [ -76.9749, 38.92272 ] } },
{ "type": "Feature", "properties": { "int_id": 3698, "names": "18th Street Northeast & Benning Road Northeast", "crashes": 1, "ksi": 1, "mu": 0.16, "eb": 0.47, "n_approaches": 7 }, "geometry": { "type": "Point", "coordinates": [ -76.97765, 38.89865 ] } },
{ "type": "Feature", "properties": { "int_id": 3699, "names": "West Virginia Avenue Northeast & 8th Street Northeast", "crashes": 1, "ksi": 0, "mu": 0.37, "eb": 0.74, "n_approaches": 11 }, "geometry": { "type": "Point", "coordinates": [ -76.99381, 38.90369 ] } },
{ "type": "Feature", "properties": { "int_id": 3701, "names": "15th Street Northeast & West Virginia Avenue Northeast", "crashes": 1, "ksi": 0, "mu": 0.35, "eb": 0.72, "n_approaches": 6 }, "geometry": { "type": "Point", "coordinates": [ -76.98217, 38.91361 ] } },
{ "type": "Feature", "properties": { "int_id": 3711, "names": "17th Street Southeast & Minnesota Avenue Southeast", "crashes": 1, "ksi": 0, "mu": 0.16, "eb": 0.48, "n_approaches": 7 }, "geometry": { "type": "Point", "coordinates": [ -76.98079, 38.86824 ] } },
{ "type": "Feature", "properties": { "int_id": 3728, "names": "Gallatin Street Northeast & Fort Totten Drive Northeast", "crashes": 1, "ksi": 0, "mu": 0.09, "eb": 0.33, "n_approaches": 4 }, "geometry": { "type": "Point", "coordinates": [ -77.00783, 38.95237 ] } },
{ "type": "Feature", "properties": { "int_id": 3737, "names": "Q Street Northwest & New Jersey Avenue Northwest", "crashes": 2, "ksi": 0, "mu": 0.37, "eb": 1.32, "n_approaches": 10 }, "geometry": { "type": "Point", "coordinates": [ -77.01683, 38.91114 ] } },
{ "type": "Feature", "properties": { "int_id": 3739, "names": "Q Street Northwest & 9th Street Northwest", "crashes": 2, "ksi": 0, "mu": 0.15, "eb": 0.83, "n_approaches": 4 }, "geometry": { "type": "Point", "coordinates": [ -77.02397, 38.91114 ] } },
{ "type": "Feature", "properties": { "int_id": 3741, "names": "Q Street Northwest & Vermont Avenue Northwest", "crashes": 2, "ksi": 0, "mu": 0.21, "eb": 0.99, "n_approaches": 4 }, "geometry": { "type": "Point", "coordinates": [ -77.02962, 38.91114 ] } },
{ "type": "Feature", "properties": { "int_id": 3742, "names": "13th Street Northwest & Q Street Northwest", "crashes": 1, "ksi": 0, "mu": 0.17, "eb": 0.49, "n_approaches": 7 }, "geometry": { "type": "Point", "coordinates": [ -77.02962, 38.91065 ] } },
{ "type": "Feature", "properties": { "int_id": 3743, "names": "Q Street Northwest & 16th Street Northwest", "crashes": 1, "ksi": 0, "mu": 0.28, "eb": 0.65, "n_approaches": 4 }, "geometry": { "type": "Point", "coordinates": [ -77.03652, 38.91114 ] } },
{ "type": "Feature", "properties": { "int_id": 3744, "names": "19th Street Northwest & Q Street Northwest", "crashes": 2, "ksi": 0, "mu": 0.17, "eb": 0.88, "n_approaches": 6 }, "geometry": { "type": "Point", "coordinates": [ -77.04345, 38.91046 ] } },
{ "type": "Feature", "properties": { "int_id": 3757, "names": "North Carolina Avenue Southeast & 7th Street Southeast", "crashes": 1, "ksi": 0, "mu": 0.08, "eb": 0.3, "n_approaches": 7 }, "geometry": { "type": "Point", "coordinates": [ -76.99845, 38.88648 ] } },
{ "type": "Feature", "properties": { "int_id": 3764, "names": "O Street Northwest & 20th Street Northwest", "crashes": 4, "ksi": 0, "mu": 0.08, "eb": 1.03, "n_approaches": 7 }, "geometry": { "type": "Point", "coordinates": [ -77.04495, 38.90861 ] } },
{ "type": "Feature", "properties": { "int_id": 3773, "names": "Missouri Avenue Northwest & Military Road Northwest", "crashes": 1, "ksi": 0, "mu": 0.19, "eb": 0.53, "n_approaches": 4 }, "geometry": { "type": "Point", "coordinates": [ -77.02969, 38.96151 ] } },
{ "type": "Feature", "properties": { "int_id": 3779, "names": "Chicago Street Southeast & Shannon Place Southeast", "crashes": 1, "ksi": 0, "mu": 0.03, "eb": 0.12, "n_approaches": 3 }, "geometry": { "type": "Point", "coordinates": [ -76.99102, 38.86343 ] } },
{ "type": "Feature", "properties": { "int_id": 3780, "names": "Martin Luther King Junior Avenue Southeast & Chicago Street Southeast", "crashes": 1, "ksi": 0, "mu": 0.14, "eb": 0.44, "n_approaches": 3 }, "geometry": { "type": "Point", "coordinates": [ -76.99122, 38.86332 ] } },
{ "type": "Feature", "properties": { "int_id": 3813, "names": "M Street Northwest & Potomac Street Northwest", "crashes": 1, "ksi": 0, "mu": 0.17, "eb": 0.5, "n_approaches": 3 }, "geometry": { "type": "Point", "coordinates": [ -77.0653, 38.90513 ] } },
{ "type": "Feature", "properties": { "int_id": 3818, "names": "Reservoir Road Northwest & 39th Street Northwest", "crashes": 2, "ksi": 1, "mu": 0.17, "eb": 0.88, "n_approaches": 6 }, "geometry": { "type": "Point", "coordinates": [ -77.07601, 38.91264 ] } },
{ "type": "Feature", "properties": { "int_id": 3823, "names": "Wisconsin Avenue Northwest & Reservoir Road Northwest", "crashes": 1, "ksi": 0, "mu": 0.15, "eb": 0.47, "n_approaches": 3 }, "geometry": { "type": "Point", "coordinates": [ -77.06598, 38.9124 ] } },
{ "type": "Feature", "properties": { "int_id": 3824, "names": "F Street Northwest & 12th Street Northwest", "crashes": 1, "ksi": 0, "mu": 0.18, "eb": 0.51, "n_approaches": 8 }, "geometry": { "type": "Point", "coordinates": [ -77.02715, 38.89736 ] } },
{ "type": "Feature", "properties": { "int_id": 3833, "names": "Arizona Avenue Northwest & Cathedral Avenue Northwest", "crashes": 1, "ksi": 0, "mu": 0.34, "eb": 0.71, "n_approaches": 3 }, "geometry": { "type": "Point", "coordinates": [ -77.09826, 38.93152 ] } },
{ "type": "Feature", "properties": { "int_id": 3848, "names": "Massachusetts Avenue Northwest & 12th Street Northwest", "crashes": 2, "ksi": 1, "mu": 0.22, "eb": 1.02, "n_approaches": 9 }, "geometry": { "type": "Point", "coordinates": [ -77.02965, 38.90486 ] } },
{ "type": "Feature", "properties": { "int_id": 3850, "names": "18th Street Northwest & Massachusetts Avenue Northwest", "crashes": 2, "ksi": 0, "mu": 0.21, "eb": 0.99, "n_approaches": 6 }, "geometry": { "type": "Point", "coordinates": [ -77.04168, 38.90898 ] } },
{ "type": "Feature", "properties": { "int_id": 3906, "names": "S Street Southeast & 28th Place Southeast", "crashes": 1, "ksi": 0, "mu": 0.03, "eb": 0.12, "n_approaches": 3 }, "geometry": { "type": "Point", "coordinates": [ -76.96627, 38.86854 ] } },
{ "type": "Feature", "properties": { "int_id": 3907, "names": "S Street Southeast & 29th Street Southeast", "crashes": 1, "ksi": 0, "mu": 0.04, "eb": 0.18, "n_approaches": 4 }, "geometry": { "type": "Point", "coordinates": [ -76.96478, 38.86854 ] } },
{ "type": "Feature", "properties": { "int_id": 3909, "names": "Minnesota Avenue Southeast & S Street Southeast", "crashes": 1, "ksi": 0, "mu": 0.19, "eb": 0.54, "n_approaches": 4 }, "geometry": { "type": "Point", "coordinates": [ -76.98223, 38.86775 ] } },
{ "type": "Feature", "properties": { "int_id": 3946, "names": "Van Buren Street Northwest & Blair Road Northwest", "crashes": 1, "ksi": 0, "mu": 0.19, "eb": 0.54, "n_approaches": 4 }, "geometry": { "type": "Point", "coordinates": [ -77.0149, 38.96994 ] } },
{ "type": "Feature", "properties": { "int_id": 3951, "names": "Randle Circle Southeast & Minnesota Avenue Southeast", "crashes": 2, "ksi": 0, "mu": 0.35, "eb": 1.29, "n_approaches": 13 }, "geometry": { "type": "Point", "coordinates": [ -76.96116, 38.87855 ] } },
{ "type": "Feature", "properties": { "int_id": 3966, "names": "33rd Street Northeast & Baker Street Northeast", "crashes": 1, "ksi": 0, "mu": 0.03, "eb": 0.12, "n_approaches": 3 }, "geometry": { "type": "Point", "coordinates": [ -76.96022, 38.892 ] } },
{ "type": "Feature", "properties": { "int_id": 3976, "names": "U Street Northeast & 1st Street Northeast", "crashes": 1, "ksi": 0, "mu": 0.03, "eb": 0.12, "n_approaches": 3 }, "geometry": { "type": "Point", "coordinates": [ -77.0065, 38.91699 ] } },
{ "type": "Feature", "properties": { "int_id": 3977, "names": "2nd Street Northeast & U Street Northeast", "crashes": 1, "ksi": 0, "mu": 0.06, "eb": 0.24, "n_approaches": 3 }, "geometry": { "type": "Point", "coordinates": [ -77.00351, 38.917 ] } },
{ "type": "Feature", "properties": { "int_id": 3978, "names": "U Street Northeast & 3rd Street Northeast", "crashes": 2, "ksi": 0, "mu": 0.03, "eb": 0.21, "n_approaches": 3 }, "geometry": { "type": "Point", "coordinates": [ -77.00168, 38.917 ] } },
{ "type": "Feature", "properties": { "int_id": 3980, "names": "Hamlin Street Northeast & 8th Street Northeast", "crashes": 1, "ksi": 0, "mu": 0.08, "eb": 0.29, "n_approaches": 6 }, "geometry": { "type": "Point", "coordinates": [ -76.99499, 38.92745 ] } },
{ "type": "Feature", "properties": { "int_id": 4016, "names": "Ordway Street Northwest & Connecticut Avenue Northwest", "crashes": 1, "ksi": 0, "mu": 0.19, "eb": 0.53, "n_approaches": 4 }, "geometry": { "type": "Point", "coordinates": [ -77.05898, 38.93559 ] } },
{ "type": "Feature", "properties": { "int_id": 4033, "names": "6th Street Northeast & Peabody Street Northeast", "crashes": 1, "ksi": 0, "mu": 0.04, "eb": 0.16, "n_approaches": 8 }, "geometry": { "type": "Point", "coordinates": [ -76.9991, 38.96235 ] } },
{ "type": "Feature", "properties": { "int_id": 4034, "names": "13th Street Northeast & Evarts Street Northeast", "crashes": 1, "ksi": 0, "mu": 0.06, "eb": 0.24, "n_approaches": 3 }, "geometry": { "type": "Point", "coordinates": [ -76.98811, 38.92559 ] } },
{ "type": "Feature", "properties": { "int_id": 4045, "names": "Wylie Street Northeast & 13th Street Northeast", "crashes": 1, "ksi": 0, "mu": 0.06, "eb": 0.24, "n_approaches": 3 }, "geometry": { "type": "Point", "coordinates": [ -76.98831, 38.90076 ] } },
{ "type": "Feature", "properties": { "int_id": 4066, "names": "West Virginia Ave NE & Central Place Northeast", "crashes": 1, "ksi": 0, "mu": 0.43, "eb": 0.78, "n_approaches": 4 }, "geometry": { "type": "Point", "coordinates": [ -76.98489, 38.91136 ] } },
{ "type": "Feature", "properties": { "int_id": 4070, "names": "Park Road Northwest & Pine Street Northwest", "crashes": 3, "ksi": 0, "mu": 0.12, "eb": 1.02, "n_approaches": 3 }, "geometry": { "type": "Point", "coordinates": [ -77.03595, 38.93146 ] } },
{ "type": "Feature", "properties": { "int_id": 4077, "names": "Florida Avenue Northwest & 1st Street Northwest", "crashes": 2, "ksi": 0, "mu": 0.23, "eb": 1.05, "n_approaches": 7 }, "geometry": { "type": "Point", "coordinates": [ -77.0117, 38.91193 ] } },
{ "type": "Feature", "properties": { "int_id": 4098, "names": "U Street Northwest & 9th Street Northwest", "crashes": 2, "ksi": 0, "mu": 0.28, "eb": 1.17, "n_approaches": 4 }, "geometry": { "type": "Point", "coordinates": [ -77.02435, 38.91701 ] } },
{ "type": "Feature", "properties": { "int_id": 4102, "names": "18th Street Northwest & Vernon Street Northwest", "crashes": 2, "ksi": 1, "mu": 0.13, "eb": 0.73, "n_approaches": 3 }, "geometry": { "type": "Point", "coordinates": [ -77.04166, 38.91704 ] } },
{ "type": "Feature", "properties": { "int_id": 4106, "names": "U Street Northwest & 5th Street Northwest", "crashes": 2, "ksi": 0, "mu": 0.04, "eb": 0.29, "n_approaches": 6 }, "geometry": { "type": "Point", "coordinates": [ -77.02016, 38.91649 ] } },
{ "type": "Feature", "properties": { "int_id": 4140, "names": "N Street Northwest & 9th Street Northwest", "crashes": 3, "ksi": 0, "mu": 0.21, "eb": 1.43, "n_approaches": 4 }, "geometry": { "type": "Point", "coordinates": [ -77.02389, 38.90725 ] } },
{ "type": "Feature", "properties": { "int_id": 4141, "names": "O Street Northwest & 9th Street Northwest", "crashes": 1, "ksi": 0, "mu": 0.27, "eb": 0.64, "n_approaches": 8 }, "geometry": { "type": "Point", "coordinates": [ -77.02389, 38.90857 ] } },
{ "type": "Feature", "properties": { "int_id": 4145, "names": "9th Street Northwest & Jefferson Street Northwest", "crashes": 1, "ksi": 0, "mu": 0.04, "eb": 0.18, "n_approaches": 4 }, "geometry": { "type": "Point", "coordinates": [ -77.02576, 38.95628 ] } },
{ "type": "Feature", "properties": { "int_id": 4211, "names": "P Street Northwest & Columbia Street Northwest", "crashes": 1, "ksi": 0, "mu": 0.06, "eb": 0.24, "n_approaches": 3 }, "geometry": { "type": "Point", "coordinates": [ -77.02546, 38.90964 ] } },
{ "type": "Feature", "properties": { "int_id": 4230, "names": "Columbia Road Northwest & 13th Street Northwest", "crashes": 1, "ksi": 0, "mu": 0.21, "eb": 0.55, "n_approaches": 4 }, "geometry": { "type": "Point", "coordinates": [ -77.02971, 38.92764 ] } },
{ "type": "Feature", "properties": { "int_id": 4259, "names": "B Street Southeast & Minnesota Avenue Southeast", "crashes": 1, "ksi": 0, "mu": 0.18, "eb": 0.51, "n_approaches": 9 }, "geometry": { "type": "Point", "coordinates": [ -76.95471, 38.88758 ] } },
{ "type": "Feature", "properties": { "int_id": 4263, "names": "P Street Southwest & Carrollsburg Place Southwest", "crashes": 1, "ksi": 0, "mu": 0.06, "eb": 0.23, "n_approaches": 3 }, "geometry": { "type": "Point", "coordinates": [ -77.00954, 38.87204 ] } },
{ "type": "Feature", "properties": { "int_id": 4264, "names": "Half Street Southwest & P Street Southwest", "crashes": 1, "ksi": 0, "mu": 0.09, "eb": 0.33, "n_approaches": 4 }, "geometry": { "type": "Point", "coordinates": [ -77.01066, 38.87076 ] } },
{ "type": "Feature", "properties": { "int_id": 4307, "names": "Morse Street Northeast & Orren Street Northeast", "crashes": 1, "ksi": 1, "mu": 0.04, "eb": 0.18, "n_approaches": 4 }, "geometry": { "type": "Point", "coordinates": [ -76.98567, 38.90198 ] } },
{ "type": "Feature", "properties": { "int_id": 4342, "names": "3rd Street Northwest & R Street Northwest", "crashes": 3, "ksi": 0, "mu": 0.21, "eb": 1.43, "n_approaches": 4 }, "geometry": { "type": "Point", "coordinates": [ -77.01518, 38.91296 ] } },
{ "type": "Feature", "properties": { "int_id": 4343, "names": "R Street Northwest & New Jersey Avenue Northwest", "crashes": 1, "ksi": 0, "mu": 0.37, "eb": 0.74, "n_approaches": 11 }, "geometry": { "type": "Point", "coordinates": [ -77.01736, 38.9126 ] } },
{ "type": "Feature", "properties": { "int_id": 4346, "names": "R Street Northwest & 10th Street Northwest", "crashes": 1, "ksi": 0, "mu": 0.13, "eb": 0.41, "n_approaches": 3 }, "geometry": { "type": "Point", "coordinates": [ -77.02599, 38.91261 ] } },
{ "type": "Feature", "properties": { "int_id": 4349, "names": "R Street Northwest & 18th Street Northwest", "crashes": 1, "ksi": 0, "mu": 0.21, "eb": 0.55, "n_approaches": 4 }, "geometry": { "type": "Point", "coordinates": [ -77.04166, 38.91261 ] } },
{ "type": "Feature", "properties": { "int_id": 4376, "names": "Kansas Avenue Northwest & Gallatin Street Northwest", "crashes": 2, "ksi": 0, "mu": 0.17, "eb": 0.88, "n_approaches": 8 }, "geometry": { "type": "Point", "coordinates": [ -77.01762, 38.95306 ] } },
{ "type": "Feature", "properties": { "int_id": 4378, "names": "Kansas Avenue Northwest & Shepherd Street Northwest", "crashes": 1, "ksi": 0, "mu": 0.21, "eb": 0.55, "n_approaches": 4 }, "geometry": { "type": "Point", "coordinates": [ -77.02772, 38.93946 ] } },
{ "type": "Feature", "properties": { "int_id": 4399, "names": "L Street Northeast & 5th Street Northeast", "crashes": 1, "ksi": 0, "mu": 0.18, "eb": 0.51, "n_approaches": 10 }, "geometry": { "type": "Point", "coordinates": [ -76.99847, 38.90373 ] } },
{ "type": "Feature", "properties": { "int_id": 4407, "names": "Branch Avenue Southeast & Frankford Street Southeast", "crashes": 1, "ksi": 0, "mu": 0.15, "eb": 0.47, "n_approaches": 3 }, "geometry": { "type": "Point", "coordinates": [ -76.95892, 38.85628 ] } },
{ "type": "Feature", "properties": { "int_id": 4415, "names": "Florida Avenue Northwest & Connecticut Avenue Northwest", "crashes": 2, "ksi": 0, "mu": 0.23, "eb": 1.05, "n_approaches": 7 }, "geometry": { "type": "Point", "coordinates": [ -77.04628, 38.9143 ] } },
{ "type": "Feature", "properties": { "int_id": 4418, "names": "Calvert Street Northwest & Connecticut Avenue Northwest", "crashes": 2, "ksi": 0, "mu": 0.19, "eb": 0.95, "n_approaches": 4 }, "geometry": { "type": "Point", "coordinates": [ -77.0517, 38.92353 ] } },
{ "type": "Feature", "properties": { "int_id": 4434, "names": "N Street Northwest & Connecticut Avenue Northwest", "crashes": 1, "ksi": 0, "mu": 0.28, "eb": 0.65, "n_approaches": 4 }, "geometry": { "type": "Point", "coordinates": [ -77.04195, 38.90725 ] } },
{ "type": "Feature", "properties": { "int_id": 4435, "names": "Stanton Road Southeast & Trenton Place Southeast", "crashes": 1, "ksi": 0, "mu": 0.06, "eb": 0.24, "n_approaches": 3 }, "geometry": { "type": "Point", "coordinates": [ -76.97911, 38.84311 ] } },
{ "type": "Feature", "properties": { "int_id": 4443, "names": "Taylor Street Northeast & 18th Street Northeast", "crashes": 1, "ksi": 0, "mu": 0.1, "eb": 0.35, "n_approaches": 4 }, "geometry": { "type": "Point", "coordinates": [ -76.98065, 38.94073 ] } },
{ "type": "Feature", "properties": { "int_id": 4474, "names": "Van Buren Street Northwest & 16th Street Northwest", "crashes": 1, "ksi": 0, "mu": 0.12, "eb": 0.39, "n_approaches": 3 }, "geometry": { "type": "Point", "coordinates": [ -77.03642, 38.96972 ] } },
{ "type": "Feature", "properties": { "int_id": 4485, "names": "33rd Street Northwest & M Street Northwest", "crashes": 1, "ksi": 0, "mu": 0.27, "eb": 0.63, "n_approaches": 4 }, "geometry": { "type": "Point", "coordinates": [ -77.06601, 38.90468 ] } },
{ "type": "Feature", "properties": { "int_id": 4509, "names": "Loughboro Road Northwest & University Terrace Northwest", "crashes": 1, "ksi": 0, "mu": 0.15, "eb": 0.47, "n_approaches": 3 }, "geometry": { "type": "Point", "coordinates": [ -77.0966, 38.93244 ] } },
{ "type": "Feature", "properties": { "int_id": 4511, "names": "Independence Avenue Southeast & North Carolina Avenue Southeast", "crashes": 1, "ksi": 0, "mu": 0.25, "eb": 0.62, "n_approaches": 4 }, "geometry": { "type": "Point", "coordinates": [ -76.99568, 38.8876 ] } },
{ "type": "Feature", "properties": { "int_id": 4533, "names": "N Street Northwest & 23rd Street Northwest", "crashes": 1, "ksi": 0, "mu": 0.21, "eb": 0.55, "n_approaches": 7 }, "geometry": { "type": "Point", "coordinates": [ -77.0501, 38.90725 ] } },
{ "type": "Feature", "properties": { "int_id": 4542, "names": "Florida Avenue Northwest & 5th Street Northwest", "crashes": 2, "ksi": 0, "mu": 0.5, "eb": 1.48, "n_approaches": 5 }, "geometry": { "type": "Point", "coordinates": [ -77.0181, 38.91465 ] } },
{ "type": "Feature", "properties": { "int_id": 4545, "names": "5th Street Northwest & K Street Northwest", "crashes": 2, "ksi": 0, "mu": 0.39, "eb": 1.35, "n_approaches": 10 }, "geometry": { "type": "Point", "coordinates": [ -77.01896, 38.90253 ] } },
{ "type": "Feature", "properties": { "int_id": 4583, "names": "Half Street Southeast & I Street Southeast", "crashes": 2, "ksi": 0, "mu": 0.17, "eb": 0.88, "n_approaches": 6 }, "geometry": { "type": "Point", "coordinates": [ -77.00746, 38.87922 ] } },
{ "type": "Feature", "properties": { "int_id": 4593, "names": "8th Street Northwest & Quincy Street Northwest", "crashes": 1, "ksi": 0, "mu": 0.03, "eb": 0.12, "n_approaches": 3 }, "geometry": { "type": "Point", "coordinates": [ -77.02312, 38.93717 ] } },
{ "type": "Feature", "properties": { "int_id": 4597, "names": "Holbrook Street Northeast & Neal Street Northeast", "crashes": 1, "ksi": 0, "mu": 0.04, "eb": 0.18, "n_approaches": 4 }, "geometry": { "type": "Point", "coordinates": [ -76.98333, 38.90337 ] } },
{ "type": "Feature", "properties": { "int_id": 4617, "names": "Pennsylvania Avenue Northwest & L Street Northwest", "crashes": 1, "ksi": 0, "mu": 0.16, "eb": 0.48, "n_approaches": 3 }, "geometry": { "type": "Point", "coordinates": [ -77.05475, 38.90414 ] } },
{ "type": "Feature", "properties": { "int_id": 4641, "names": "Bowen Road Southeast & 45th Place Southeast", "crashes": 1, "ksi": 0, "mu": 0.13, "eb": 0.41, "n_approaches": 6 }, "geometry": { "type": "Point", "coordinates": [ -76.93389, 38.87383 ] } },
{ "type": "Feature", "properties": { "int_id": 4774, "names": "Gallatin Street Northwest & 1st Street Northwest", "crashes": 2, "ksi": 0, "mu": 0.03, "eb": 0.21, "n_approaches": 3 }, "geometry": { "type": "Point", "coordinates": [ -77.0113, 38.95234 ] } },
{ "type": "Feature", "properties": { "int_id": 4782, "names": "California Street Northwest & 18th Street Northwest", "crashes": 2, "ksi": 0, "mu": 0.21, "eb": 0.99, "n_approaches": 4 }, "geometry": { "type": "Point", "coordinates": [ -77.04165, 38.91782 ] } },
{ "type": "Feature", "properties": { "int_id": 4784, "names": "Morrow Drive Northwest & Kennedy Street Northwest", "crashes": 2, "ksi": 1, "mu": 0.16, "eb": 0.84, "n_approaches": 10 }, "geometry": { "type": "Point", "coordinates": [ -77.0365, 38.95622 ] } },
{ "type": "Feature", "properties": { "int_id": 4798, "names": "6th Street Northeast & Florida Avenue Northeast", "crashes": 1, "ksi": 0, "mu": 0.34, "eb": 0.71, "n_approaches": 20 }, "geometry": { "type": "Point", "coordinates": [ -76.9983, 38.90622 ] } },
{ "type": "Feature", "properties": { "int_id": 4801, "names": "Delaware Avenue Northeast & M Street Northeast", "crashes": 3, "ksi": 0, "mu": 0.18, "eb": 1.32, "n_approaches": 10 }, "geometry": { "type": "Point", "coordinates": [ -77.00306, 38.90557 ] } },
{ "type": "Feature", "properties": { "int_id": 4803, "names": "Florida Avenue Northeast & M Street Northeast", "crashes": 1, "ksi": 0, "mu": 0.17, "eb": 0.5, "n_approaches": 3 }, "geometry": { "type": "Point", "coordinates": [ -76.99813, 38.90614 ] } },
{ "type": "Feature", "properties": { "int_id": 4804, "names": "18th Street Northeast & M Street Northeast", "crashes": 1, "ksi": 1, "mu": 0.03, "eb": 0.12, "n_approaches": 3 }, "geometry": { "type": "Point", "coordinates": [ -76.97805, 38.906 ] } },
{ "type": "Feature", "properties": { "int_id": 4812, "names": "K Street Northeast & 10th Street Northeast", "crashes": 1, "ksi": 1, "mu": 0.21, "eb": 0.55, "n_approaches": 4 }, "geometry": { "type": "Point", "coordinates": [ -76.99262, 38.90251 ] } },
{ "type": "Feature", "properties": { "int_id": 4827, "names": "Howard Rd SE & Martin Luther King Junior Avenue Southeast", "crashes": 1, "ksi": 0, "mu": 0.14, "eb": 0.44, "n_approaches": 3 }, "geometry": { "type": "Point", "coordinates": [ -76.99355, 38.86183 ] } },
{ "type": "Feature", "properties": { "int_id": 4837, "names": "Independence Avenue Southeast & 19th Street Southeast", "crashes": 2, "ksi": 0, "mu": 0.25, "eb": 1.11, "n_approaches": 4 }, "geometry": { "type": "Point", "coordinates": [ -76.97725, 38.88759 ] } },
{ "type": "Feature", "properties": { "int_id": 4848, "names": "O Street Northwest & New Jersey Avenue Northwest", "crashes": 1, "ksi": 0, "mu": 0.35, "eb": 0.72, "n_approaches": 9 }, "geometry": { "type": "Point", "coordinates": [ -77.01591, 38.90857 ] } },
{ "type": "Feature", "properties": { "int_id": 4849, "names": "16th Street Southeast & U Street Southeast", "crashes": 1, "ksi": 0, "mu": 0.09, "eb": 0.33, "n_approaches": 4 }, "geometry": { "type": "Point", "coordinates": [ -76.98204, 38.86576 ] } },
{ "type": "Feature", "properties": { "int_id": 4863, "names": "1st Street Northeast & Kennedy Street Northeast", "crashes": 1, "ksi": 0, "mu": 0.23, "eb": 0.59, "n_approaches": 8 }, "geometry": { "type": "Point", "coordinates": [ -77.00626, 38.9554 ] } },
{ "type": "Feature", "properties": { "int_id": 4911, "names": "6th Street Northwest & K Street Northwest", "crashes": 1, "ksi": 0, "mu": 0.39, "eb": 0.75, "n_approaches": 10 }, "geometry": { "type": "Point", "coordinates": [ -77.01991, 38.90255 ] } },
{ "type": "Feature", "properties": { "int_id": 4912, "names": "6th Street Northwest & New York Avenue Northwest", "crashes": 1, "ksi": 0, "mu": 0.23, "eb": 0.59, "n_approaches": 8 }, "geometry": { "type": "Point", "coordinates": [ -77.0199, 38.9036 ] } },
{ "type": "Feature", "properties": { "int_id": 4914, "names": "M Street Northwest & 6th Street Northwest", "crashes": 2, "ksi": 0, "mu": 0.22, "eb": 1.02, "n_approaches": 4 }, "geometry": { "type": "Point", "coordinates": [ -77.02192, 38.90565 ] } },
{ "type": "Feature", "properties": { "int_id": 4916, "names": "6th Street Northwest & W Street Northwest", "crashes": 2, "ksi": 0, "mu": 0.03, "eb": 0.21, "n_approaches": 3 }, "geometry": { "type": "Point", "coordinates": [ -77.02072, 38.92011 ] } },
{ "type": "Feature", "properties": { "int_id": 4918, "names": "Douglas Street Northeast & 3rd Street Northeast", "crashes": 1, "ksi": 0, "mu": 0.04, "eb": 0.18, "n_approaches": 4 }, "geometry": { "type": "Point", "coordinates": [ -77.00152, 38.92344 ] } },
{ "type": "Feature", "properties": { "int_id": 4926, "names": "18th Street Northwest & M Street Northwest", "crashes": 2, "ksi": 0, "mu": 0.41, "eb": 1.37, "n_approaches": 7 }, "geometry": { "type": "Point", "coordinates": [ -77.04169, 38.90568 ] } },
{ "type": "Feature", "properties": { "int_id": 4927, "names": "M Street Northwest & 23rd Street Northwest", "crashes": 1, "ksi": 0, "mu": 0.45, "eb": 0.8, "n_approaches": 7 }, "geometry": { "type": "Point", "coordinates": [ -77.05011, 38.9053 ] } },
{ "type": "Feature", "properties": { "int_id": 4928, "names": "25th Street Northwest & M Street Northwest", "crashes": 1, "ksi": 0, "mu": 0.37, "eb": 0.74, "n_approaches": 7 }, "geometry": { "type": "Point", "coordinates": [ -77.0533, 38.90532 ] } },
{ "type": "Feature", "properties": { "int_id": 4930, "names": "Wisconsin Avenue Northwest & M Street Northwest", "crashes": 2, "ksi": 0, "mu": 0.27, "eb": 1.14, "n_approaches": 4 }, "geometry": { "type": "Point", "coordinates": [ -77.06282, 38.90547 ] } },
{ "type": "Feature", "properties": { "int_id": 4933, "names": "10th Street Northwest & M Street Northwest", "crashes": 2, "ksi": 1, "mu": 0.1, "eb": 0.62, "n_approaches": 4 }, "geometry": { "type": "Point", "coordinates": [ -77.02598, 38.90565 ] } },
{ "type": "Feature", "properties": { "int_id": 4934, "names": "12th Street Northwest & M Street Northwest", "crashes": 1, "ksi": 0, "mu": 0.09, "eb": 0.33, "n_approaches": 4 }, "geometry": { "type": "Point", "coordinates": [ -77.02811, 38.90566 ] } },
{ "type": "Feature", "properties": { "int_id": 4949, "names": "10th Street Northwest & New York Avenue Northwest", "crashes": 1, "ksi": 0, "mu": 0.48, "eb": 0.81, "n_approaches": 9 }, "geometry": { "type": "Point", "coordinates": [ -77.02598, 38.9014 ] } },
{ "type": "Feature", "properties": { "int_id": 4951, "names": "N Street Northwest & 10th Street Northwest", "crashes": 2, "ksi": 0, "mu": 0.11, "eb": 0.69, "n_approaches": 8 }, "geometry": { "type": "Point", "coordinates": [ -77.02649, 38.90725 ] } },
{ "type": "Feature", "properties": { "int_id": 4952, "names": "O Street Northwest & 10th Street Northwest", "crashes": 1, "ksi": 0, "mu": 0.1, "eb": 0.35, "n_approaches": 4 }, "geometry": { "type": "Point", "coordinates": [ -77.02651, 38.90858 ] } },
{ "type": "Feature", "properties": { "int_id": 4966, "names": "Sherman Avenue Northwest & Kenyon Street Northwest", "crashes": 1, "ksi": 0, "mu": 0.37, "eb": 0.74, "n_approaches": 12 }, "geometry": { "type": "Point", "coordinates": [ -77.02643, 38.92979 ] } },
{ "type": "Feature", "properties": { "int_id": 4967, "names": "Morton Street Northwest & Sherman Avenue Northwest", "crashes": 1, "ksi": 0, "mu": 0.13, "eb": 0.41, "n_approaches": 3 }, "geometry": { "type": "Point", "coordinates": [ -77.02661, 38.93178 ] } },
{ "type": "Feature", "properties": { "int_id": 4972, "names": "Lawrence Street Northeast & 8th Street Northeast", "crashes": 1, "ksi": 1, "mu": 0.08, "eb": 0.29, "n_approaches": 10 }, "geometry": { "type": "Point", "coordinates": [ -76.995, 38.93138 ] } },
{ "type": "Feature", "properties": { "int_id": 4974, "names": "K Street Northeast & 8th Street Northeast", "crashes": 2, "ksi": 0, "mu": 0.21, "eb": 0.99, "n_approaches": 4 }, "geometry": { "type": "Point", "coordinates": [ -76.99456, 38.90252 ] } },
{ "type": "Feature", "properties": { "int_id": 4994, "names": "1st Street Northwest & New York Avenue Northwest", "crashes": 1, "ksi": 1, "mu": 0.16, "eb": 0.47, "n_approaches": 7 }, "geometry": { "type": "Point", "coordinates": [ -77.01216, 38.90621 ] } },
{ "type": "Feature", "properties": { "int_id": 5009, "names": "Franklin Street Northeast & 12th Street Northeast", "crashes": 1, "ksi": 0, "mu": 0.21, "eb": 0.55, "n_approaches": 4 }, "geometry": { "type": "Point", "coordinates": [ -76.99243, 38.92558 ] } },
{ "type": "Feature", "properties": { "int_id": 5014, "names": "Meridian Place Northwest & Holmead Place Northwest", "crashes": 2, "ksi": 0, "mu": 0.03, "eb": 0.21, "n_approaches": 3 }, "geometry": { "type": "Point", "coordinates": [ -77.0322, 38.93317 ] } },
{ "type": "Feature", "properties": { "int_id": 5059, "names": "Kennedy Street Northwest & 8th Street Northwest", "crashes": 1, "ksi": 0, "mu": 0.1, "eb": 0.35, "n_approaches": 4 }, "geometry": { "type": "Point", "coordinates": [ -77.02451, 38.95631 ] } },
{ "type": "Feature", "properties": { "int_id": 5068, "names": "Hemlock Street Northwest & 8th Street Northwest", "crashes": 1, "ksi": 0, "mu": 0.04, "eb": 0.18, "n_approaches": 4 }, "geometry": { "type": "Point", "coordinates": [ -77.02495, 38.98145 ] } },
{ "type": "Feature", "properties": { "int_id": 5071, "names": "8th Street Northwest & T Street Northwest", "crashes": 1, "ksi": 0, "mu": 0.05, "eb": 0.19, "n_approaches": 4 }, "geometry": { "type": "Point", "coordinates": [ -77.02295, 38.91672 ] } },
{ "type": "Feature", "properties": { "int_id": 5133, "names": "Florida Avenue Northeast & N Street Northeast", "crashes": 1, "ksi": 0, "mu": 0.16, "eb": 0.48, "n_approaches": 3 }, "geometry": { "type": "Point", "coordinates": [ -77.00153, 38.9076 ] } },
{ "type": "Feature", "properties": { "int_id": 5145, "names": "Park Road Northwest & Warder Street Northwest", "crashes": 1, "ksi": 0, "mu": 0.18, "eb": 0.51, "n_approaches": 6 }, "geometry": { "type": "Point", "coordinates": [ -77.02042, 38.93254 ] } },
{ "type": "Feature", "properties": { "int_id": 5177, "names": "Logan Circle Northwest & P Street Northwest", "crashes": 1, "ksi": 0, "mu": 0.12, "eb": 0.38, "n_approaches": 3 }, "geometry": { "type": "Point", "coordinates": [ -77.03032, 38.90953 ] } },
{ "type": "Feature", "properties": { "int_id": 5221, "names": "23rd Street Northwest & L Street Northwest", "crashes": 1, "ksi": 0, "mu": 0.25, "eb": 0.62, "n_approaches": 4 }, "geometry": { "type": "Point", "coordinates": [ -77.05011, 38.90374 ] } },
{ "type": "Feature", "properties": { "int_id": 5232, "names": "3rd Street Northeast & Florida Avenue Northeast", "crashes": 1, "ksi": 0, "mu": 0.16, "eb": 0.48, "n_approaches": 3 }, "geometry": { "type": "Point", "coordinates": [ -77.00201, 38.90772 ] } },
{ "type": "Feature", "properties": { "int_id": 5237, "names": "3rd Street Northwest & K Street Northwest", "crashes": 2, "ksi": 0, "mu": 0.35, "eb": 1.29, "n_approaches": 9 }, "geometry": { "type": "Point", "coordinates": [ -77.01518, 38.90249 ] } },
{ "type": "Feature", "properties": { "int_id": 5248, "names": "Primrose Road Northwest & West Beach Drive Northwest", "crashes": 1, "ksi": 1, "mu": 0.06, "eb": 0.24, "n_approaches": 3 }, "geometry": { "type": "Point", "coordinates": [ -77.04633, 38.99102 ] } },
{ "type": "Feature", "properties": { "int_id": 5272, "names": "Florida Avenue Northwest & Vermont Ave NW", "crashes": 1, "ksi": 0, "mu": 0.39, "eb": 0.75, "n_approaches": 15 }, "geometry": { "type": "Point", "coordinates": [ -77.02432, 38.91828 ] } },
{ "type": "Feature", "properties": { "int_id": 5273, "names": "Florida Avenue Northwest & W Street Northwest", "crashes": 1, "ksi": 0, "mu": 0.41, "eb": 0.77, "n_approaches": 12 }, "geometry": { "type": "Point", "coordinates": [ -77.02484, 38.91915 ] } },
{ "type": "Feature", "properties": { "int_id": 5289, "names": "Dupont Circle Northwest & P Street Northwest", "crashes": 1, "ksi": 0, "mu": 0.22, "eb": 0.57, "n_approaches": 8 }, "geometry": { "type": "Point", "coordinates": [ -77.04422, 38.90975 ] } },
{ "type": "Feature", "properties": { "int_id": 5291, "names": "Dupont Circle Northwest & New Hampshire Avenue Northwest", "crashes": 4, "ksi": 1, "mu": 0.23, "eb": 1.98, "n_approaches": 5 }, "geometry": { "type": "Point", "coordinates": [ -77.04285, 38.91006 ] } },
{ "type": "Feature", "properties": { "int_id": 5298, "names": "M Street Southeast & 1st Street Southeast", "crashes": 4, "ksi": 2, "mu": 0.39, "eb": 2.53, "n_approaches": 23 }, "geometry": { "type": "Point", "coordinates": [ -77.00591, 38.87648 ] } },
{ "type": "Feature", "properties": { "int_id": 5325, "names": "Madison Street Northwest & 3rd Street Northwest", "crashes": 1, "ksi": 0, "mu": 0.1, "eb": 0.35, "n_approaches": 4 }, "geometry": { "type": "Point", "coordinates": [ -77.01616, 38.95874 ] } },
{ "type": "Feature", "properties": { "int_id": 5339, "names": "O Street Northwest & North Capitol Street Northwest", "crashes": 1, "ksi": 0, "mu": 0.03, "eb": 0.12, "n_approaches": 3 }, "geometry": { "type": "Point", "coordinates": [ -77.00966, 38.90857 ] } },
{ "type": "Feature", "properties": { "int_id": 5340, "names": "L Street Northeast & North Capitol Street Northeast", "crashes": 1, "ksi": 0, "mu": 0.23, "eb": 0.59, "n_approaches": 7 }, "geometry": { "type": "Point", "coordinates": [ -77.0091, 38.90375 ] } },
{ "type": "Feature", "properties": { "int_id": 5389, "names": "Capital Crescent Trail NW & Rock Creek Trail", "crashes": 2, "ksi": 0, "mu": 0.02, "eb": 0.17, "n_approaches": 3 }, "geometry": { "type": "Point", "coordinates": [ -77.05903, 38.90246 ] } },
{ "type": "Feature", "properties": { "int_id": 5423, "names": "15th Street Northwest Cycle Track & Q Street Northwest", "crashes": 3, "ksi": 0, "mu": 0.45, "eb": 2.06, "n_approaches": 4 }, "geometry": { "type": "Point", "coordinates": [ -77.03464, 38.91072 ] } },
{ "type": "Feature", "properties": { "int_id": 5425, "names": "15th Street Northwest Cycle Track & S Street Northwest", "crashes": 1, "ksi": 0, "mu": 0.31, "eb": 0.68, "n_approaches": 4 }, "geometry": { "type": "Point", "coordinates": [ -77.03463, 38.91336 ] } },
{ "type": "Feature", "properties": { "int_id": 5426, "names": "15th Street Northwest Cycle Track & R Street Northwest", "crashes": 1, "ksi": 1, "mu": 0.45, "eb": 0.8, "n_approaches": 4 }, "geometry": { "type": "Point", "coordinates": [ -77.03464, 38.91222 ] } },
{ "type": "Feature", "properties": { "int_id": 5429, "names": "15th Street Northwest Cycle Track & Church Street Northwest", "crashes": 2, "ksi": 0, "mu": 0.43, "eb": 1.4, "n_approaches": 4 }, "geometry": { "type": "Point", "coordinates": [ -77.03464, 38.91006 ] } },
{ "type": "Feature", "properties": { "int_id": 5434, "names": "Florida Avenue Northwest & 22nd Street Northwest", "crashes": 1, "ksi": 0, "mu": 0.18, "eb": 0.51, "n_approaches": 6 }, "geometry": { "type": "Point", "coordinates": [ -77.04863, 38.9117 ] } },
{ "type": "Feature", "properties": { "int_id": 5439, "names": "Juarez Circle & Virginia Avenue Northwest", "crashes": 1, "ksi": 0, "mu": 0.41, "eb": 0.77, "n_approaches": 12 }, "geometry": { "type": "Point", "coordinates": [ -77.05383, 38.8991 ] } },
{ "type": "Feature", "properties": { "int_id": 5441, "names": "16th Street Northwest", "crashes": 2, "ksi": 1, "mu": 0.23, "eb": 1.05, "n_approaches": 6 }, "geometry": { "type": "Point", "coordinates": [ -77.03654, 38.90598 ] } },
{ "type": "Feature", "properties": { "int_id": 5455, "names": "M Street Northwest & North Capitol Street Northeast", "crashes": 1, "ksi": 0, "mu": 0.23, "eb": 0.59, "n_approaches": 15 }, "geometry": { "type": "Point", "coordinates": [ -77.0091, 38.90565 ] } },
{ "type": "Feature", "properties": { "int_id": 5456, "names": "North Capitol Street Northwest & New York Avenue Northwest", "crashes": 6, "ksi": 0, "mu": 0.23, "eb": 2.91, "n_approaches": 8 }, "geometry": { "type": "Point", "coordinates": [ -77.00919, 38.9073 ] } },
{ "type": "Feature", "properties": { "int_id": 5458, "names": "Mount Olivet Road Northeast & 16th Street Northeast", "crashes": 2, "ksi": 0, "mu": 0.37, "eb": 1.32, "n_approaches": 6 }, "geometry": { "type": "Point", "coordinates": [ -76.97963, 38.90753 ] } },
{ "type": "Feature", "properties": { "int_id": 5472, "names": "Irving Street Southeast & Alabama Avenue Southeast", "crashes": 1, "ksi": 0, "mu": 0.12, "eb": 0.39, "n_approaches": 7 }, "geometry": { "type": "Point", "coordinates": [ -76.97058, 38.85302 ] } },
{ "type": "Feature", "properties": { "int_id": 5484, "names": "31st Street Northwest & South Street Northwest", "crashes": 1, "ksi": 0, "mu": 0.03, "eb": 0.12, "n_approaches": 3 }, "geometry": { "type": "Point", "coordinates": [ -77.06116, 38.90387 ] } },
{ "type": "Feature", "properties": { "int_id": 5486, "names": "trunk link & 27th Street Northwest", "crashes": 1, "ksi": 0, "mu": 0.19, "eb": 0.53, "n_approaches": 4 }, "geometry": { "type": "Point", "coordinates": [ -77.05611, 38.90087 ] } },
{ "type": "Feature", "properties": { "int_id": 5487, "names": "27th Street Northwest & I Street Northwest", "crashes": 1, "ksi": 0, "mu": 0.13, "eb": 0.41, "n_approaches": 9 }, "geometry": { "type": "Point", "coordinates": [ -77.05608, 38.90045 ] } },
{ "type": "Feature", "properties": { "int_id": 5503, "names": "trunk link & K Street Northwest", "crashes": 1, "ksi": 0, "mu": 0.16, "eb": 0.48, "n_approaches": 3 }, "geometry": { "type": "Point", "coordinates": [ -77.02921, 38.90253 ] } },
{ "type": "Feature", "properties": { "int_id": 5509, "names": "K St NW & K Street Northwest", "crashes": 1, "ksi": 0, "mu": 0.27, "eb": 0.63, "n_approaches": 4 }, "geometry": { "type": "Point", "coordinates": [ -77.037, 38.90253 ] } },
{ "type": "Feature", "properties": { "int_id": 5513, "names": "K Street Northwest & trunk link", "crashes": 2, "ksi": 0, "mu": 0.16, "eb": 0.86, "n_approaches": 3 }, "geometry": { "type": "Point", "coordinates": [ -77.04295, 38.90252 ] } },
{ "type": "Feature", "properties": { "int_id": 5523, "names": "K Street Northwest & trunk link", "crashes": 1, "ksi": 0, "mu": 0.23, "eb": 0.59, "n_approaches": 9 }, "geometry": { "type": "Point", "coordinates": [ -77.04539, 38.90257 ] } },
{ "type": "Feature", "properties": { "int_id": 5532, "names": "22nd Street Northwest & K Street Northwest", "crashes": 1, "ksi": 0, "mu": 0.21, "eb": 0.55, "n_approaches": 4 }, "geometry": { "type": "Point", "coordinates": [ -77.04882, 38.90265 ] } },
{ "type": "Feature", "properties": { "int_id": 5535, "names": "M Street Northwest & 35th Street Northwest", "crashes": 1, "ksi": 0, "mu": 0.23, "eb": 0.59, "n_approaches": 5 }, "geometry": { "type": "Point", "coordinates": [ -77.06896, 38.90505 ] } },
{ "type": "Feature", "properties": { "int_id": 5545, "names": "23rd Street Northwest & Virginia Avenue Northwest", "crashes": 1, "ksi": 0, "mu": 0.28, "eb": 0.65, "n_approaches": 4 }, "geometry": { "type": "Point", "coordinates": [ -77.05014, 38.89659 ] } },
{ "type": "Feature", "properties": { "int_id": 5584, "names": "Virginia Avenue Southeast & 5th Street Southeast", "crashes": 1, "ksi": 0, "mu": 0.17, "eb": 0.49, "n_approaches": 10 }, "geometry": { "type": "Point", "coordinates": [ -76.99918, 38.87933 ] } },
{ "type": "Feature", "properties": { "int_id": 5589, "names": "M Street Northwest & New Jersey Avenue Northwest", "crashes": 2, "ksi": 0, "mu": 0.39, "eb": 1.35, "n_approaches": 7 }, "geometry": { "type": "Point", "coordinates": [ -77.01495, 38.90567 ] } },
{ "type": "Feature", "properties": { "int_id": 5590, "names": "3rd Street Northwest & M Street Northwest", "crashes": 1, "ksi": 0, "mu": 0.35, "eb": 0.72, "n_approaches": 11 }, "geometry": { "type": "Point", "coordinates": [ -77.01516, 38.90616 ] } },
{ "type": "Feature", "properties": { "int_id": 5592, "names": "Union Station Drive Northeast & Columbus Circle Northeast", "crashes": 2, "ksi": 0, "mu": 0.39, "eb": 1.35, "n_approaches": 5 }, "geometry": { "type": "Point", "coordinates": [ -77.00765, 38.89682 ] } },
{ "type": "Feature", "properties": { "int_id": 5594, "names": "Constitution Avenue Northeast & Tennessee Avenue Northeast", "crashes": 1, "ksi": 0, "mu": 0.37, "eb": 0.74, "n_approaches": 7 }, "geometry": { "type": "Point", "coordinates": [ -76.98848, 38.89201 ] } },
{ "type": "Feature", "properties": { "int_id": 5600, "names": "Massachusetts Avenue Northwest & Waterside Drive Northwest", "crashes": 1, "ksi": 1, "mu": 0.17, "eb": 0.5, "n_approaches": 3 }, "geometry": { "type": "Point", "coordinates": [ -77.05834, 38.91778 ] } },
{ "type": "Feature", "properties": { "int_id": 5610, "names": "Kansas Avenue Northwest & Kennedy Street Northwest", "crashes": 1, "ksi": 0, "mu": 0.23, "eb": 0.59, "n_approaches": 9 }, "geometry": { "type": "Point", "coordinates": [ -77.01494, 38.9567 ] } },
{ "type": "Feature", "properties": { "int_id": 5612, "names": "North Capitol Street Northeast & New York Avenue Northeast", "crashes": 2, "ksi": 1, "mu": 0.23, "eb": 1.05, "n_approaches": 7 }, "geometry": { "type": "Point", "coordinates": [ -77.00892, 38.9074 ] } },
{ "type": "Feature", "properties": { "int_id": 5614, "names": "New York Avenue Northeast & Florida Avenue Northeast", "crashes": 2, "ksi": 0, "mu": 0.16, "eb": 0.87, "n_approaches": 22 }, "geometry": { "type": "Point", "coordinates": [ -77.00467, 38.90889 ] } },
{ "type": "Feature", "properties": { "int_id": 5619, "names": "Montana Avenue Northeast", "crashes": 1, "ksi": 0, "mu": 0.05, "eb": 0.19, "n_approaches": 3 }, "geometry": { "type": "Point", "coordinates": [ -76.97769, 38.91643 ] } },
{ "type": "Feature", "properties": { "int_id": 5622, "names": "Ramp-36004852 & Montana Ave NE", "crashes": 2, "ksi": 0, "mu": 0.25, "eb": 1.11, "n_approaches": 4 }, "geometry": { "type": "Point", "coordinates": [ -76.9784, 38.91752 ] } },
{ "type": "Feature", "properties": { "int_id": 5628, "names": "16th Street Northeast & New York Avenue Northeast", "crashes": 1, "ksi": 0, "mu": 0.07, "eb": 0.28, "n_approaches": 6 }, "geometry": { "type": "Point", "coordinates": [ -76.98153, 38.91684 ] } },
{ "type": "Feature", "properties": { "int_id": 5650, "names": "Benning Road Northeast & Ramp-36000442", "crashes": 1, "ksi": 0, "mu": 0.05, "eb": 0.21, "n_approaches": 6 }, "geometry": { "type": "Point", "coordinates": [ -76.95494, 38.89612 ] } },
{ "type": "Feature", "properties": { "int_id": 5656, "names": "Florida Avenue Northeast & Florida Avenue Northwest", "crashes": 1, "ksi": 0, "mu": 0.23, "eb": 0.59, "n_approaches": 7 }, "geometry": { "type": "Point", "coordinates": [ -77.00901, 38.91077 ] } },
{ "type": "Feature", "properties": { "int_id": 5657, "names": "P Street Northwest & North Capitol Street Northwest", "crashes": 1, "ksi": 0, "mu": 0.28, "eb": 0.65, "n_approaches": 4 }, "geometry": { "type": "Point", "coordinates": [ -77.00967, 38.90964 ] } },
{ "type": "Feature", "properties": { "int_id": 5679, "names": "Rhode Island Avenue Northeast & North Capitol Street Northeast", "crashes": 1, "ksi": 1, "mu": 0.23, "eb": 0.59, "n_approaches": 7 }, "geometry": { "type": "Point", "coordinates": [ -77.00891, 38.91685 ] } },
{ "type": "Feature", "properties": { "int_id": 5686, "names": "R Street Northwest & North Capitol Street Northwest", "crashes": 2, "ksi": 1, "mu": 0.28, "eb": 1.17, "n_approaches": 4 }, "geometry": { "type": "Point", "coordinates": [ -77.00966, 38.9126 ] } },
{ "type": "Feature", "properties": { "int_id": 5736, "names": "New Hampshire Avenue Northwest & L Street Northwest", "crashes": 2, "ksi": 0, "mu": 0.21, "eb": 0.99, "n_approaches": 4 }, "geometry": { "type": "Point", "coordinates": [ -77.04913, 38.9036 ] } },
{ "type": "Feature", "properties": { "int_id": 5739, "names": "Thomas Circle Northwest & M Street Northwest", "crashes": 1, "ksi": 0, "mu": 0.55, "eb": 0.86, "n_approaches": 4 }, "geometry": { "type": "Point", "coordinates": [ -77.0324, 38.90565 ] } },
{ "type": "Feature", "properties": { "int_id": 5777, "names": "11th Street Southeast & Pennsylvania Avenue Southeast", "crashes": 2, "ksi": 0, "mu": 0.34, "eb": 1.28, "n_approaches": 10 }, "geometry": { "type": "Point", "coordinates": [ -76.99153, 38.88294 ] } },
{ "type": "Feature", "properties": { "int_id": 5778, "names": "8th Street Southeast & Pennsylvania Avenue Southeast", "crashes": 3, "ksi": 0, "mu": 0.34, "eb": 1.85, "n_approaches": 7 }, "geometry": { "type": "Point", "coordinates": [ -76.99497, 38.88402 ] } },
{ "type": "Feature", "properties": { "int_id": 5781, "names": "7th Street Southeast & cycleway", "crashes": 1, "ksi": 0, "mu": 0.31, "eb": 0.68, "n_approaches": 7 }, "geometry": { "type": "Point", "coordinates": [ -76.99617, 38.88451 ] } },
{ "type": "Feature", "properties": { "int_id": 5801, "names": "M Street Southwest & 3rd Street Southwest", "crashes": 1, "ksi": 0, "mu": 0.19, "eb": 0.52, "n_approaches": 9 }, "geometry": { "type": "Point", "coordinates": [ -77.0152, 38.87649 ] } },
{ "type": "Feature", "properties": { "int_id": 5805, "names": "Riley Street Southwest & Maine Avenue Southwest", "crashes": 1, "ksi": 0, "mu": 0.41, "eb": 0.77, "n_approaches": 7 }, "geometry": { "type": "Point", "coordinates": [ -77.02193, 38.87781 ] } },
{ "type": "Feature", "properties": { "int_id": 5808, "names": "4th Street Southeast & M Street Southeast", "crashes": 1, "ksi": 0, "mu": 0.23, "eb": 0.59, "n_approaches": 4 }, "geometry": { "type": "Point", "coordinates": [ -77.00056, 38.87654 ] } },
{ "type": "Feature", "properties": { "int_id": 5813, "names": "Bellevue Street Southeast & Wheeler Road Southeast", "crashes": 1, "ksi": 0, "mu": 0.13, "eb": 0.42, "n_approaches": 3 }, "geometry": { "type": "Point", "coordinates": [ -76.98892, 38.83239 ] } },
{ "type": "Feature", "properties": { "int_id": 5819, "names": "20th Street Northeast & C Street Northeast", "crashes": 1, "ksi": 0, "mu": 0.41, "eb": 0.77, "n_approaches": 6 }, "geometry": { "type": "Point", "coordinates": [ -76.97623, 38.89344 ] } },
{ "type": "Feature", "properties": { "int_id": 5823, "names": "16th Street Northeast & North Carolina Avenue Northeast", "crashes": 1, "ksi": 1, "mu": 0.41, "eb": 0.77, "n_approaches": 6 }, "geometry": { "type": "Point", "coordinates": [ -76.98222, 38.89297 ] } },
{ "type": "Feature", "properties": { "int_id": 5828, "names": "C Street Northeast & 17th Street Northeast", "crashes": 1, "ksi": 0, "mu": 0.41, "eb": 0.77, "n_approaches": 15 }, "geometry": { "type": "Point", "coordinates": [ -76.98076, 38.89332 ] } },
{ "type": "Feature", "properties": { "int_id": 5829, "names": "Water Street Northwest & Cecil Place Northwest", "crashes": 1, "ksi": 1, "mu": 0.17, "eb": 0.49, "n_approaches": 3 }, "geometry": { "type": "Point", "coordinates": [ -77.0634, 38.90268 ] } },
{ "type": "Feature", "properties": { "int_id": 5835, "names": "M Street Northwest & 9th Street Northwest", "crashes": 2, "ksi": 1, "mu": 0.41, "eb": 1.37, "n_approaches": 7 }, "geometry": { "type": "Point", "coordinates": [ -77.02388, 38.90569 ] } },
{ "type": "Feature", "properties": { "int_id": 5843, "names": "35th Street Northwest & N Street Northwest", "crashes": 1, "ksi": 0, "mu": 0.09, "eb": 0.33, "n_approaches": 4 }, "geometry": { "type": "Point", "coordinates": [ -77.06902, 38.90739 ] } },
{ "type": "Feature", "properties": { "int_id": 5862, "names": "Thomas Circle Northwest & 14th Street Northwest", "crashes": 1, "ksi": 0, "mu": 0.32, "eb": 0.69, "n_approaches": 3 }, "geometry": { "type": "Point", "coordinates": [ -77.03236, 38.90552 ] } },
{ "type": "Feature", "properties": { "int_id": 5875, "names": "Quesada Street Northwest & Western Avenue Northwest", "crashes": 1, "ksi": 0, "mu": 0.08, "eb": 0.3, "n_approaches": 5 }, "geometry": { "type": "Point", "coordinates": [ -77.07573, 38.96867 ] } },
{ "type": "Feature", "properties": { "int_id": 5879, "names": "V Street Northwest & 9th Street Northwest", "crashes": 2, "ksi": 0, "mu": 0.41, "eb": 1.37, "n_approaches": 8 }, "geometry": { "type": "Point", "coordinates": [ -77.02397, 38.9178 ] } },
{ "type": "Feature", "properties": { "int_id": 5885, "names": "Porter Street Northwest", "crashes": 3, "ksi": 1, "mu": 0.19, "eb": 1.36, "n_approaches": 3 }, "geometry": { "type": "Point", "coordinates": [ -77.05417, 38.93508 ] } },
{ "type": "Feature", "properties": { "int_id": 5896, "names": "North Capitol Street Northwest & Buchanan Street Northeast", "crashes": 1, "ksi": 0, "mu": 0.23, "eb": 0.59, "n_approaches": 7 }, "geometry": { "type": "Point", "coordinates": [ -77.00862, 38.94741 ] } },
{ "type": "Feature", "properties": { "int_id": 5902, "names": "U Street Northwest & 10th Street Northwest", "crashes": 3, "ksi": 1, "mu": 0.16, "eb": 1.25, "n_approaches": 3 }, "geometry": { "type": "Point", "coordinates": [ -77.0265, 38.91701 ] } },
{ "type": "Feature", "properties": { "int_id": 5940, "names": "Massachusetts Avenue Northwest", "crashes": 1, "ksi": 0, "mu": 0.16, "eb": 0.48, "n_approaches": 3 }, "geometry": { "type": "Point", "coordinates": [ -77.04467, 38.91007 ] } },
{ "type": "Feature", "properties": { "int_id": 5946, "names": "Georgia Avenue Northwest & Illinois Avenue Northwest", "crashes": 1, "ksi": 0, "mu": 0.12, "eb": 0.39, "n_approaches": 3 }, "geometry": { "type": "Point", "coordinates": [ -77.0281, 38.95675 ] } },
{ "type": "Feature", "properties": { "int_id": 5947, "names": "primary link & Pennsylvania Avenue Northwest", "crashes": 1, "ksi": 0, "mu": 0.23, "eb": 0.59, "n_approaches": 6 }, "geometry": { "type": "Point", "coordinates": [ -77.0574, 38.90511 ] } },
{ "type": "Feature", "properties": { "int_id": 5950, "names": "14th Street Northwest", "crashes": 1, "ksi": 0, "mu": 0.17, "eb": 0.5, "n_approaches": 3 }, "geometry": { "type": "Point", "coordinates": [ -77.03195, 38.90425 ] } },
{ "type": "Feature", "properties": { "int_id": 5955, "names": "Rhode Island Avenue Northwest & 6th Street Northwest", "crashes": 1, "ksi": 0, "mu": 0.28, "eb": 0.65, "n_approaches": 4 }, "geometry": { "type": "Point", "coordinates": [ -77.02036, 38.91281 ] } },
{ "type": "Feature", "properties": { "int_id": 5956, "names": "R Street Northwest & Rhode Island Avenue Northwest", "crashes": 1, "ksi": 0, "mu": 0.23, "eb": 0.59, "n_approaches": 8 }, "geometry": { "type": "Point", "coordinates": [ -77.02098, 38.91266 ] } },
{ "type": "Feature", "properties": { "int_id": 5958, "names": "Rhode Island Avenue Northwest & 7th Street Northwest", "crashes": 2, "ksi": 0, "mu": 0.28, "eb": 1.17, "n_approaches": 4 }, "geometry": { "type": "Point", "coordinates": [ -77.02242, 38.91209 ] } },
{ "type": "Feature", "properties": { "int_id": 5986, "names": "Leroy Place Northwest & Connecticut Avenue Northwest", "crashes": 1, "ksi": 0, "mu": 0.17, "eb": 0.5, "n_approaches": 3 }, "geometry": { "type": "Point", "coordinates": [ -77.04692, 38.91574 ] } },
{ "type": "Feature", "properties": { "int_id": 5988, "names": "Ramp-36001932 & M Street Northwest", "crashes": 1, "ksi": 0, "mu": 0.13, "eb": 0.41, "n_approaches": 3 }, "geometry": { "type": "Point", "coordinates": [ -77.04019, 38.90565 ] } },
{ "type": "Feature", "properties": { "int_id": 5997, "names": "F Street Northwest & 21st Street Northwest", "crashes": 1, "ksi": 0, "mu": 0.09, "eb": 0.33, "n_approaches": 4 }, "geometry": { "type": "Point", "coordinates": [ -77.04669, 38.89736 ] } },
{ "type": "Feature", "properties": { "int_id": 6000, "names": "15th Street Northwest & I Street Northwest", "crashes": 1, "ksi": 0, "mu": 0.27, "eb": 0.63, "n_approaches": 4 }, "geometry": { "type": "Point", "coordinates": [ -77.03364, 38.90133 ] } },
{ "type": "Feature", "properties": { "int_id": 6014, "names": "New York Ave NW & New York Avenue Northwest", "crashes": 1, "ksi": 1, "mu": 0.13, "eb": 0.42, "n_approaches": 3 }, "geometry": { "type": "Point", "coordinates": [ -77.0276, 38.90084 ] } },
{ "type": "Feature", "properties": { "int_id": 6015, "names": "Columbia Road Northwest & 14th Street Northwest", "crashes": 3, "ksi": 0, "mu": 0.23, "eb": 1.51, "n_approaches": 4 }, "geometry": { "type": "Point", "coordinates": [ -77.03254, 38.92752 ] } },
{ "type": "Feature", "properties": { "int_id": 6018, "names": "M Street Northwest", "crashes": 1, "ksi": 0, "mu": 0.26, "eb": 0.63, "n_approaches": 3 }, "geometry": { "type": "Point", "coordinates": [ -77.03278, 38.90565 ] } },
{ "type": "Feature", "properties": { "int_id": 6045, "names": "6th Street Southeast & E Street Southeast", "crashes": 1, "ksi": 0, "mu": 0.1, "eb": 0.35, "n_approaches": 4 }, "geometry": { "type": "Point", "coordinates": [ -76.99846, 38.88273 ] } },
{ "type": "Feature", "properties": { "int_id": 6052, "names": "S Street Northeast & 22nd Street Northeast", "crashes": 1, "ksi": 0, "mu": 0.13, "eb": 0.41, "n_approaches": 10 }, "geometry": { "type": "Point", "coordinates": [ -76.97513, 38.9141 ] } },
{ "type": "Feature", "properties": { "int_id": 6054, "names": "7th Street Northeast & Franklin Street Northeast", "crashes": 1, "ksi": 0, "mu": 0.45, "eb": 0.8, "n_approaches": 4 }, "geometry": { "type": "Point", "coordinates": [ -76.99617, 38.92569 ] } },
{ "type": "Feature", "properties": { "int_id": 6057, "names": "Franklin Street Northeast & 5th Street Northeast", "crashes": 1, "ksi": 0, "mu": 0.21, "eb": 0.55, "n_approaches": 4 }, "geometry": { "type": "Point", "coordinates": [ -77.0, 38.92559 ] } },
{ "type": "Feature", "properties": { "int_id": 6070, "names": "Metropolitan Branch Trail NE & Metropolitan Branch Trail", "crashes": 1, "ksi": 0, "mu": 0.18, "eb": 0.51, "n_approaches": 5 }, "geometry": { "type": "Point", "coordinates": [ -77.0039, 38.90559 ] } },
{ "type": "Feature", "properties": { "int_id": 6082, "names": "Pineview Court Northeast & Fort Lincoln Drive Northeast", "crashes": 2, "ksi": 0, "mu": 0.09, "eb": 0.58, "n_approaches": 7 }, "geometry": { "type": "Point", "coordinates": [ -76.95694, 38.92854 ] } },
{ "type": "Feature", "properties": { "int_id": 6132, "names": "Benning Road Northeast & 16th Street Northeast", "crashes": 1, "ksi": 0, "mu": 0.19, "eb": 0.53, "n_approaches": 4 }, "geometry": { "type": "Point", "coordinates": [ -76.98151, 38.89972 ] } },
{ "type": "Feature", "properties": { "int_id": 6139, "names": "Minnesota Avenue Northeast & Benning Road Northeast", "crashes": 2, "ksi": 0, "mu": 0.09, "eb": 0.58, "n_approaches": 4 }, "geometry": { "type": "Point", "coordinates": [ -76.9492, 38.89508 ] } },
{ "type": "Feature", "properties": { "int_id": 6205, "names": "Park Road Northwest", "crashes": 1, "ksi": 0, "mu": 0.06, "eb": 0.23, "n_approaches": 3 }, "geometry": { "type": "Point", "coordinates": [ -77.03241, 38.93039 ] } },
{ "type": "Feature", "properties": { "int_id": 6207, "names": "Vermont Ave NW & 15th St NW", "crashes": 1, "ksi": 0, "mu": 0.58, "eb": 0.87, "n_approaches": 4 }, "geometry": { "type": "Point", "coordinates": [ -77.03471, 38.90119 ] } },
{ "type": "Feature", "properties": { "int_id": 6250, "names": "U Street Northwest & Ramp-36000482", "crashes": 3, "ksi": 0, "mu": 0.14, "eb": 1.13, "n_approaches": 3 }, "geometry": { "type": "Point", "coordinates": [ -77.03706, 38.91701 ] } },
{ "type": "Feature", "properties": { "int_id": 6285, "names": "4th Street Southwest & living street", "crashes": 3, "ksi": 0, "mu": 0.16, "eb": 1.23, "n_approaches": 6 }, "geometry": { "type": "Point", "coordinates": [ -77.01766, 38.8777 ] } },
{ "type": "Feature", "properties": { "int_id": 6288, "names": "Constitution Avenue Northwest & 15th Street Northwest", "crashes": 1, "ksi": 0, "mu": 0.27, "eb": 0.63, "n_approaches": 4 }, "geometry": { "type": "Point", "coordinates": [ -77.03373, 38.8921 ] } },
{ "type": "Feature", "properties": { "int_id": 6316, "names": "Pennsylvania Avenue Northwest & 9th Street Northwest", "crashes": 2, "ksi": 0, "mu": 0.22, "eb": 1.02, "n_approaches": 5 }, "geometry": { "type": "Point", "coordinates": [ -77.02359, 38.8937 ] } },
{ "type": "Feature", "properties": { "int_id": 6323, "names": "4th Street Northwest & Massachusetts Avenue Northwest", "crashes": 1, "ksi": 0, "mu": 0.23, "eb": 0.59, "n_approaches": 5 }, "geometry": { "type": "Point", "coordinates": [ -77.0162, 38.90065 ] } },
{ "type": "Feature", "properties": { "int_id": 6328, "names": "New Hampshire Avenue Northwest & Georgia Avenue Northwest", "crashes": 2, "ksi": 0, "mu": 0.16, "eb": 0.84, "n_approaches": 5 }, "geometry": { "type": "Point", "coordinates": [ -77.02463, 38.93579 ] } },
{ "type": "Feature", "properties": { "int_id": 6353, "names": "9th Street Southwest & Maine Avenue Southwest", "crashes": 1, "ksi": 0, "mu": 0.41, "eb": 0.77, "n_approaches": 18 }, "geometry": { "type": "Point", "coordinates": [ -77.02492, 38.88028 ] } },
{ "type": "Feature", "properties": { "int_id": 6356, "names": "7th Street Southwest & 7th St SW", "crashes": 1, "ksi": 0, "mu": 0.22, "eb": 0.57, "n_approaches": 4 }, "geometry": { "type": "Point", "coordinates": [ -77.022, 38.88197 ] } },
{ "type": "Feature", "properties": { "int_id": 6371, "names": "Massachusetts Avenue Northwest & H Street Northwest", "crashes": 1, "ksi": 0, "mu": 0.22, "eb": 0.57, "n_approaches": 6 }, "geometry": { "type": "Point", "coordinates": [ -77.01521, 38.89977 ] } },
{ "type": "Feature", "properties": { "int_id": 6378, "names": "1st Street Northwest & K Street Northwest", "crashes": 1, "ksi": 0, "mu": 0.35, "eb": 0.72, "n_approaches": 15 }, "geometry": { "type": "Point", "coordinates": [ -77.01216, 38.90254 ] } },
{ "type": "Feature", "properties": { "int_id": 6389, "names": "G Street Southwest & 4th Street Southwest", "crashes": 2, "ksi": 0, "mu": 0.35, "eb": 1.29, "n_approaches": 10 }, "geometry": { "type": "Point", "coordinates": [ -77.01753, 38.88129 ] } },
{ "type": "Feature", "properties": { "int_id": 6414, "names": "7th Street Northwest & Pennsylvania Avenue Northwest", "crashes": 1, "ksi": 0, "mu": 0.22, "eb": 0.57, "n_approaches": 8 }, "geometry": { "type": "Point", "coordinates": [ -77.02192, 38.89332 ] } },
{ "type": "Feature", "properties": { "int_id": 6416, "names": "7th Street Northwest & Indiana Avenue Northwest", "crashes": 1, "ksi": 0, "mu": 0.11, "eb": 0.37, "n_approaches": 3 }, "geometry": { "type": "Point", "coordinates": [ -77.02192, 38.89422 ] } },
{ "type": "Feature", "properties": { "int_id": 6418, "names": "7th Street Northwest & M Street Northwest", "crashes": 1, "ksi": 0, "mu": 0.25, "eb": 0.62, "n_approaches": 4 }, "geometry": { "type": "Point", "coordinates": [ -77.02192, 38.90417 ] } },
{ "type": "Feature", "properties": { "int_id": 6435, "names": "H Street Northwest", "crashes": 1, "ksi": 0, "mu": 0.09, "eb": 0.33, "n_approaches": 3 }, "geometry": { "type": "Point", "coordinates": [ -77.03117, 38.90022 ] } },
{ "type": "Feature", "properties": { "int_id": 6437, "names": "Connecticut Avenue Northwest & L Street Northwest", "crashes": 2, "ksi": 0, "mu": 0.5, "eb": 1.48, "n_approaches": 15 }, "geometry": { "type": "Point", "coordinates": [ -77.04004, 38.90376 ] } },
{ "type": "Feature", "properties": { "int_id": 6442, "names": "Maine Avenue Southwest & Independence Avenue Southwest", "crashes": 1, "ksi": 0, "mu": 0.15, "eb": 0.47, "n_approaches": 3 }, "geometry": { "type": "Point", "coordinates": [ -77.03689, 38.88694 ] } },
{ "type": "Feature", "properties": { "int_id": 6444, "names": "15th St NW & L Street Northwest", "crashes": 1, "ksi": 0, "mu": 0.5, "eb": 0.83, "n_approaches": 4 }, "geometry": { "type": "Point", "coordinates": [ -77.03468, 38.90367 ] } },
{ "type": "Feature", "properties": { "int_id": 6445, "names": "Washington Place Northeast", "crashes": 1, "ksi": 0, "mu": 0.03, "eb": 0.12, "n_approaches": 3 }, "geometry": { "type": "Point", "coordinates": [ -76.99563, 38.92059 ] } },
{ "type": "Feature", "properties": { "int_id": 6464, "names": "Sheridan Circle Northwest & Massachusetts Avenue Northwest", "crashes": 1, "ksi": 0, "mu": 0.21, "eb": 0.55, "n_approaches": 5 }, "geometry": { "type": "Point", "coordinates": [ -77.0506, 38.91245 ] } },
{ "type": "Feature", "properties": { "int_id": 6470, "names": "Georgia Avenue Northwest & Elder Street Northwest", "crashes": 1, "ksi": 0, "mu": 0.16, "eb": 0.47, "n_approaches": 7 }, "geometry": { "type": "Point", "coordinates": [ -77.02643, 38.97799 ] } },
{ "type": "Feature", "properties": { "int_id": 6474, "names": "13th Street Northwest & Ingraham Street Northwest", "crashes": 1, "ksi": 0, "mu": 0.21, "eb": 0.55, "n_approaches": 4 }, "geometry": { "type": "Point", "coordinates": [ -77.02969, 38.95515 ] } },
{ "type": "Feature", "properties": { "int_id": 6484, "names": "Aspen Street Northwest & Piney Branch Road Northwest", "crashes": 1, "ksi": 0, "mu": 0.11, "eb": 0.38, "n_approaches": 7 }, "geometry": { "type": "Point", "coordinates": [ -77.02371, 38.97234 ] } },
{ "type": "Feature", "properties": { "int_id": 6488, "names": "Riggs Road Northeast & primary link", "crashes": 2, "ksi": 0, "mu": 0.17, "eb": 0.89, "n_approaches": 3 }, "geometry": { "type": "Point", "coordinates": [ -77.00731, 38.95516 ] } },
{ "type": "Feature", "properties": { "int_id": 6499, "names": "Emerson Street Northwest & 3rd Street Northwest", "crashes": 1, "ksi": 0, "mu": 0.04, "eb": 0.18, "n_approaches": 4 }, "geometry": { "type": "Point", "coordinates": [ -77.01408, 38.9501 ] } },
{ "type": "Feature", "properties": { "int_id": 6503, "names": "Hamilton Street Northwest & New Hampshire Avenue Northwest", "crashes": 1, "ksi": 0, "mu": 0.14, "eb": 0.44, "n_approaches": 4 }, "geometry": { "type": "Point", "coordinates": [ -77.0121, 38.95337 ] } },
{ "type": "Feature", "properties": { "int_id": 6515, "names": "Taylor Street Northeast & 10th Street Northeast", "crashes": 2, "ksi": 0, "mu": 0.21, "eb": 0.99, "n_approaches": 4 }, "geometry": { "type": "Point", "coordinates": [ -76.99313, 38.94073 ] } },
{ "type": "Feature", "properties": { "int_id": 6537, "names": "Massachusetts Avenue Northwest & 45th Street Northwest", "crashes": 1, "ksi": 0, "mu": 0.11, "eb": 0.36, "n_approaches": 3 }, "geometry": { "type": "Point", "coordinates": [ -77.09026, 38.9411 ] } },
{ "type": "Feature", "properties": { "int_id": 6550, "names": "West Virginia Avenue Northeast & Penn Street Northeast", "crashes": 1, "ksi": 0, "mu": 0.35, "eb": 0.72, "n_approaches": 8 }, "geometry": { "type": "Point", "coordinates": [ -76.98988, 38.90683 ] } },
{ "type": "Feature", "properties": { "int_id": 6554, "names": "West Virginia Avenue Northeast & Fenwick Street Northeast", "crashes": 3, "ksi": 0, "mu": 0.35, "eb": 1.86, "n_approaches": 13 }, "geometry": { "type": "Point", "coordinates": [ -76.98347, 38.91252 ] } },
{ "type": "Feature", "properties": { "int_id": 6558, "names": "New York Avenue Northeast & Bladensburg Road Northeast", "crashes": 2, "ksi": 0, "mu": 0.07, "eb": 0.5, "n_approaches": 7 }, "geometry": { "type": "Point", "coordinates": [ -76.97262, 38.91723 ] } },
{ "type": "Feature", "properties": { "int_id": 6571, "names": "Massachusetts Ave NW", "crashes": 3, "ksi": 1, "mu": 0.06, "eb": 0.63, "n_approaches": 3 }, "geometry": { "type": "Point", "coordinates": [ -77.03435, 38.90641 ] } },
{ "type": "Feature", "properties": { "int_id": 6572, "names": "18th Street Northwest & T Street Northwest", "crashes": 2, "ksi": 0, "mu": 0.21, "eb": 0.99, "n_approaches": 4 }, "geometry": { "type": "Point", "coordinates": [ -77.04166, 38.91599 ] } },
{ "type": "Feature", "properties": { "int_id": 6573, "names": "Corcoran Street Northwest & 18th Street Northwest", "crashes": 2, "ksi": 0, "mu": 0.21, "eb": 0.99, "n_approaches": 4 }, "geometry": { "type": "Point", "coordinates": [ -77.04223, 38.91188 ] } },
{ "type": "Feature", "properties": { "int_id": 6574, "names": "18th Street Northwest & Church Street Northwest", "crashes": 1, "ksi": 0, "mu": 0.13, "eb": 0.41, "n_approaches": 3 }, "geometry": { "type": "Point", "coordinates": [ -77.04166, 38.91073 ] } },
{ "type": "Feature", "properties": { "int_id": 6614, "names": "4th Street Northwest & Madison Place Northwest", "crashes": 1, "ksi": 1, "mu": 0.03, "eb": 0.12, "n_approaches": 3 }, "geometry": { "type": "Point", "coordinates": [ -77.01803, 38.95874 ] } },
{ "type": "Feature", "properties": { "int_id": 6636, "names": "H Street Northwest & 8th Street Northwest", "crashes": 1, "ksi": 0, "mu": 0.23, "eb": 0.59, "n_approaches": 4 }, "geometry": { "type": "Point", "coordinates": [ -77.02328, 38.89982 ] } },
{ "type": "Feature", "properties": { "int_id": 6637, "names": "H Street Northwest & 9th Street Northwest", "crashes": 1, "ksi": 1, "mu": 0.41, "eb": 0.77, "n_approaches": 7 }, "geometry": { "type": "Point", "coordinates": [ -77.02391, 38.89988 ] } },
{ "type": "Feature", "properties": { "int_id": 6656, "names": "Adams Mill Road Northwest & 18th Street Northwest", "crashes": 1, "ksi": 0, "mu": 0.15, "eb": 0.46, "n_approaches": 4 }, "geometry": { "type": "Point", "coordinates": [ -77.04273, 38.92281 ] } },
{ "type": "Feature", "properties": { "int_id": 6692, "names": "Minnesota Avenue Northeast & Nannie Helen Burroughs Avenue Northeast", "crashes": 1, "ksi": 1, "mu": 0.23, "eb": 0.59, "n_approaches": 4 }, "geometry": { "type": "Point", "coordinates": [ -76.94264, 38.90187 ] } },
{ "type": "Feature", "properties": { "int_id": 6695, "names": "10th Street Southeast & cycleway", "crashes": 2, "ksi": 0, "mu": 0.23, "eb": 1.06, "n_approaches": 7 }, "geometry": { "type": "Point", "coordinates": [ -76.99265, 38.88341 ] } },
{ "type": "Feature", "properties": { "int_id": 6701, "names": "17th Street Northwest & E Street Northwest", "crashes": 1, "ksi": 0, "mu": 0.12, "eb": 0.38, "n_approaches": 3 }, "geometry": { "type": "Point", "coordinates": [ -77.03947, 38.89602 ] } },
{ "type": "Feature", "properties": { "int_id": 6710, "names": "Taylor Street Northeast & 8th Street Northeast", "crashes": 2, "ksi": 1, "mu": 0.13, "eb": 0.73, "n_approaches": 3 }, "geometry": { "type": "Point", "coordinates": [ -76.99528, 38.94073 ] } },
{ "type": "Feature", "properties": { "int_id": 6711, "names": "Taylor Street Northeast & 9th Street Northeast", "crashes": 1, "ksi": 0, "mu": 0.13, "eb": 0.41, "n_approaches": 3 }, "geometry": { "type": "Point", "coordinates": [ -76.99444, 38.94073 ] } },
{ "type": "Feature", "properties": { "int_id": 6713, "names": "17th Street Northwest & Mount Pleasant Street Northwest", "crashes": 1, "ksi": 0, "mu": 0.09, "eb": 0.33, "n_approaches": 4 }, "geometry": { "type": "Point", "coordinates": [ -77.03884, 38.93236 ] } },
{ "type": "Feature", "properties": { "int_id": 6719, "names": "New Jersey Avenue Northwest & Florida Avenue Northwest", "crashes": 1, "ksi": 0, "mu": 0.17, "eb": 0.5, "n_approaches": 3 }, "geometry": { "type": "Point", "coordinates": [ -77.018, 38.91441 ] } },
{ "type": "Feature", "properties": { "int_id": 6738, "names": "Maine Ave SW & Market Square Southwest", "crashes": 2, "ksi": 0, "mu": 0.34, "eb": 1.27, "n_approaches": 9 }, "geometry": { "type": "Point", "coordinates": [ -77.02672, 38.88122 ] } },
{ "type": "Feature", "properties": { "int_id": 6743, "names": "Florida Avenue Northwest & U Street Northwest", "crashes": 1, "ksi": 0, "mu": 0.23, "eb": 0.59, "n_approaches": 4 }, "geometry": { "type": "Point", "coordinates": [ -77.04102, 38.91713 ] } },
{ "type": "Feature", "properties": { "int_id": 6744, "names": "18th Street Northwest & U Street Northwest", "crashes": 1, "ksi": 0, "mu": 0.13, "eb": 0.41, "n_approaches": 3 }, "geometry": { "type": "Point", "coordinates": [ -77.04165, 38.91741 ] } },
{ "type": "Feature", "properties": { "int_id": 6751, "names": "L Street Northwest", "crashes": 1, "ksi": 0, "mu": 0.13, "eb": 0.41, "n_approaches": 3 }, "geometry": { "type": "Point", "coordinates": [ -77.03267, 38.90375 ] } },
{ "type": "Feature", "properties": { "int_id": 6754, "names": "primary link & L Street Northwest", "crashes": 1, "ksi": 1, "mu": 0.45, "eb": 0.8, "n_approaches": 5 }, "geometry": { "type": "Point", "coordinates": [ -77.0409, 38.90377 ] } },
{ "type": "Feature", "properties": { "int_id": 6755, "names": "L Street Northwest & 17th St NW", "crashes": 2, "ksi": 0, "mu": 0.41, "eb": 1.37, "n_approaches": 8 }, "geometry": { "type": "Point", "coordinates": [ -77.03906, 38.90378 ] } },
{ "type": "Feature", "properties": { "int_id": 6756, "names": "Pennsylvania Avenue Northwest & M Street Northwest", "crashes": 3, "ksi": 0, "mu": 0.12, "eb": 0.99, "n_approaches": 3 }, "geometry": { "type": "Point", "coordinates": [ -77.05769, 38.90519 ] } },
{ "type": "Feature", "properties": { "int_id": 6765, "names": "Quander Street Southeast & 1st Street Southeast", "crashes": 2, "ksi": 0, "mu": 0.19, "eb": 0.94, "n_approaches": 6 }, "geometry": { "type": "Point", "coordinates": [ -77.00581, 38.8754 ] } },
{ "type": "Feature", "properties": { "int_id": 6772, "names": "11th Street Northwest & 11th St NW", "crashes": 1, "ksi": 0, "mu": 0.09, "eb": 0.32, "n_approaches": 9 }, "geometry": { "type": "Point", "coordinates": [ -77.02698, 38.91474 ] } },
{ "type": "Feature", "properties": { "int_id": 6773, "names": "Sutton Square Southwest & Maine Avenue Southwest", "crashes": 1, "ksi": 0, "mu": 0.14, "eb": 0.44, "n_approaches": 3 }, "geometry": { "type": "Point", "coordinates": [ -77.02424, 38.87963 ] } },
{ "type": "Feature", "properties": { "int_id": 6781, "names": "11th Street Southeast & M Street Southeast", "crashes": 1, "ksi": 0, "mu": 0.5, "eb": 0.83, "n_approaches": 11 }, "geometry": { "type": "Point", "coordinates": [ -76.99151, 38.87649 ] } },
{ "type": "Feature", "properties": { "int_id": 6819, "names": "Rock Creek and Potomac Parkway Northwest & Ramp-36000572", "crashes": 1, "ksi": 0, "mu": 0.17, "eb": 0.5, "n_approaches": 3 }, "geometry": { "type": "Point", "coordinates": [ -77.05698, 38.90053 ] } },
{ "type": "Feature", "properties": { "int_id": 6840, "names": "Irving Street Northwest & 14th Street Northwest", "crashes": 5, "ksi": 1, "mu": 0.34, "eb": 2.95, "n_approaches": 4 }, "geometry": { "type": "Point", "coordinates": [ -77.03266, 38.92878 ] } },
{ "type": "Feature", "properties": { "int_id": 6884, "names": "Wharf Street Southwest & Maine Avenue Southwest", "crashes": 1, "ksi": 0, "mu": 0.34, "eb": 0.71, "n_approaches": 7 }, "geometry": { "type": "Point", "coordinates": [ -77.02095, 38.8769 ] } },
{ "type": "Feature", "properties": { "int_id": 6909, "names": "19th St NE & 19th Street Northeast", "crashes": 1, "ksi": 0, "mu": 0.16, "eb": 0.47, "n_approaches": 6 }, "geometry": { "type": "Point", "coordinates": [ -76.97658, 38.89858 ] } },
{ "type": "Feature", "properties": { "int_id": 6949, "names": "14th Street Northwest & 14th St NW", "crashes": 1, "ksi": 0, "mu": 0.39, "eb": 0.75, "n_approaches": 11 }, "geometry": { "type": "Point", "coordinates": [ -77.03192, 38.92011 ] } },
{ "type": "Feature", "properties": { "int_id": 6963, "names": "14th Street Northwest", "crashes": 2, "ksi": 1, "mu": 0.36, "eb": 1.3, "n_approaches": 3 }, "geometry": { "type": "Point", "coordinates": [ -77.03195, 38.91243 ] } },
{ "type": "Feature", "properties": { "int_id": 6964, "names": "14th Street Northwest & U Street Northwest", "crashes": 1, "ksi": 0, "mu": 0.58, "eb": 0.87, "n_approaches": 4 }, "geometry": { "type": "Point", "coordinates": [ -77.03205, 38.91701 ] } },
{ "type": "Feature", "properties": { "int_id": 6965, "names": "14th Street Northwest & V Street Northwest", "crashes": 1, "ksi": 0, "mu": 0.47, "eb": 0.81, "n_approaches": 4 }, "geometry": { "type": "Point", "coordinates": [ -77.03195, 38.91838 ] } },
{ "type": "Feature", "properties": { "int_id": 6966, "names": "17th Street Northwest & L Street Northwest", "crashes": 1, "ksi": 0, "mu": 0.41, "eb": 0.77, "n_approaches": 14 }, "geometry": { "type": "Point", "coordinates": [ -77.03851, 38.90375 ] } },
{ "type": "Feature", "properties": { "int_id": 6979, "names": "M St NW & 15th Street Northwest", "crashes": 1, "ksi": 0, "mu": 0.39, "eb": 0.75, "n_approaches": 6 }, "geometry": { "type": "Point", "coordinates": [ -77.03401, 38.90569 ] } },
{ "type": "Feature", "properties": { "int_id": 6994, "names": "Maine Ave SW & Riley Street Southwest", "crashes": 1, "ksi": 0, "mu": 0.1, "eb": 0.34, "n_approaches": 4 }, "geometry": { "type": "Point", "coordinates": [ -77.02138, 38.8773 ] } },
{ "type": "Feature", "properties": { "int_id": 6996, "names": "9th St NW & E Street Northwest", "crashes": 1, "ksi": 0, "mu": 0.43, "eb": 0.78, "n_approaches": 4 }, "geometry": { "type": "Point", "coordinates": [ -77.0239, 38.89628 ] } },
{ "type": "Feature", "properties": { "int_id": 6999, "names": "9th St NW & Rhode Island Avenue Northwest", "crashes": 1, "ksi": 0, "mu": 0.5, "eb": 0.83, "n_approaches": 7 }, "geometry": { "type": "Point", "coordinates": [ -77.02388, 38.91175 ] } },
{ "type": "Feature", "properties": { "int_id": 7000, "names": "9th St NW & R Street Northwest", "crashes": 2, "ksi": 0, "mu": 0.45, "eb": 1.43, "n_approaches": 4 }, "geometry": { "type": "Point", "coordinates": [ -77.02388, 38.91269 ] } },
{ "type": "Feature", "properties": { "int_id": 7002, "names": "14th Street Northwest & 14th St NW", "crashes": 2, "ksi": 0, "mu": 0.48, "eb": 1.46, "n_approaches": 6 }, "geometry": { "type": "Point", "coordinates": [ -77.03195, 38.90915 ] } },
{ "type": "Feature", "properties": { "int_id": 7010, "names": "8th St NE & Jackson Street Northeast", "crashes": 1, "ksi": 0, "mu": 0.1, "eb": 0.34, "n_approaches": 4 }, "geometry": { "type": "Point", "coordinates": [ -76.995, 38.92969 ] } },
{ "type": "Feature", "properties": { "int_id": 7041, "names": "cycleway & 17th Street Northwest", "crashes": 1, "ksi": 0, "mu": 0.29, "eb": 0.66, "n_approaches": 3 }, "geometry": { "type": "Point", "coordinates": [ -77.0386, 38.90604 ] } },
{ "type": "Feature", "properties": { "int_id": 7074, "names": "20th Street Northwest Cycletrack & M Street Northwest", "crashes": 2, "ksi": 0, "mu": 0.45, "eb": 1.43, "n_approaches": 4 }, "geometry": { "type": "Point", "coordinates": [ -77.04496, 38.90552 ] } },
{ "type": "Feature", "properties": { "int_id": 7088, "names": "West Virginia Ave NE & Penn Street Northeast", "crashes": 2, "ksi": 0, "mu": 0.43, "eb": 1.4, "n_approaches": 4 }, "geometry": { "type": "Point", "coordinates": [ -76.98934, 38.90727 ] } },
{ "type": "Feature", "properties": { "int_id": 7089, "names": "West Virginia Ave NE & Corcoran Street Northeast", "crashes": 1, "ksi": 0, "mu": 0.43, "eb": 0.78, "n_approaches": 4 }, "geometry": { "type": "Point", "coordinates": [ -76.98753, 38.90902 ] } },
{ "type": "Feature", "properties": { "int_id": 7090, "names": "West Virginia Ave NE & primary link", "crashes": 1, "ksi": 0, "mu": 0.34, "eb": 0.71, "n_approaches": 3 }, "geometry": { "type": "Point", "coordinates": [ -76.99284, 38.90427 ] } },
{ "type": "Feature", "properties": { "int_id": 7099, "names": "Q Street Northeast", "crashes": 1, "ksi": 0, "mu": 0.03, "eb": 0.12, "n_approaches": 3 }, "geometry": { "type": "Point", "coordinates": [ -77.0087, 38.91111 ] } },
{ "type": "Feature", "properties": { "int_id": 7107, "names": "Florida Avenue Northwest & W Street Northwest", "crashes": 1, "ksi": 0, "mu": 0.11, "eb": 0.38, "n_approaches": 7 }, "geometry": { "type": "Point", "coordinates": [ -77.0344, 38.91922 ] } },
{ "type": "Feature", "properties": { "int_id": 7111, "names": "K St NE & 2nd Street Northeast", "crashes": 3, "ksi": 0, "mu": 0.32, "eb": 1.78, "n_approaches": 4 }, "geometry": { "type": "Point", "coordinates": [ -77.00309, 38.90251 ] } },
{ "type": "Feature", "properties": { "int_id": 7119, "names": "19th Street Southeast Cycletrack & C Street Southeast", "crashes": 1, "ksi": 0, "mu": 0.22, "eb": 0.57, "n_approaches": 4 }, "geometry": { "type": "Point", "coordinates": [ -76.9773, 38.88579 ] } },
{ "type": "Feature", "properties": { "int_id": 7123, "names": "Columbia Rd NW & Ontario Road Northwest", "crashes": 2, "ksi": 0, "mu": 0.45, "eb": 1.43, "n_approaches": 4 }, "geometry": { "type": "Point", "coordinates": [ -77.0402, 38.92441 ] } },
{ "type": "Feature", "properties": { "int_id": 7138, "names": "Metropolitan Branch Trail NE & Peabody Street Northwest", "crashes": 1, "ksi": 0, "mu": 0.1, "eb": 0.34, "n_approaches": 4 }, "geometry": { "type": "Point", "coordinates": [ -77.01085, 38.96275 ] } },
{ "type": "Feature", "properties": { "int_id": 7171, "names": "Illinois Avenue Northwest", "crashes": 1, "ksi": 0, "mu": 0.06, "eb": 0.23, "n_approaches": 3 }, "geometry": { "type": "Point", "coordinates": [ -77.0215, 38.9467 ] } },
{ "type": "Feature", "properties": { "int_id": 7217, "names": "Maine Ave SW & footway", "crashes": 1, "ksi": 1, "mu": 0.24, "eb": 0.6, "n_approaches": 3 }, "geometry": { "type": "Point", "coordinates": [ -77.03451, 38.88499 ] } },
{ "type": "Feature", "properties": { "int_id": 7224, "names": "Forrester Street Southeast & 1st Street Southeast", "crashes": 1, "ksi": 0, "mu": 0.06, "eb": 0.24, "n_approaches": 3 }, "geometry": { "type": "Point", "coordinates": [ -77.00675, 38.82514 ] } },
{ "type": "Feature", "properties": { "int_id": 7229, "names": "O Street Northwest & 23rd Street Northwest", "crashes": 1, "ksi": 0, "mu": 0.15, "eb": 0.47, "n_approaches": 3 }, "geometry": { "type": "Point", "coordinates": [ -77.0488, 38.90857 ] } },
{ "type": "Feature", "properties": { "int_id": 7251, "names": "Alabama Avenue Southeast & 37th Street Southeast", "crashes": 1, "ksi": 0, "mu": 0.09, "eb": 0.33, "n_approaches": 3 }, "geometry": { "type": "Point", "coordinates": [ -76.95222, 38.86526 ] } },
{ "type": "Feature", "properties": { "int_id": 7279, "names": "Ramp-36003522 & Franklin Street Northeast", "crashes": 1, "ksi": 1, "mu": 0.13, "eb": 0.41, "n_approaches": 3 }, "geometry": { "type": "Point", "coordinates": [ -77.00296, 38.92529 ] } },
{ "type": "Feature", "properties": { "int_id": 7292, "names": "Howard Road Southeast & Howard Rd SE", "crashes": 2, "ksi": 0, "mu": 0.21, "eb": 0.99, "n_approaches": 4 }, "geometry": { "type": "Point", "coordinates": [ -76.99383, 38.86146 ] } },
{ "type": "Feature", "properties": { "int_id": 7334, "names": "14th Street Northwest & cycleway", "crashes": 1, "ksi": 0, "mu": 0.36, "eb": 0.73, "n_approaches": 3 }, "geometry": { "type": "Point", "coordinates": [ -77.03195, 38.91039 ] } },
{ "type": "Feature", "properties": { "int_id": 7349, "names": "Missouri Avenue Northwest & 4th Street Northwest", "crashes": 1, "ksi": 0, "mu": 0.17, "eb": 0.5, "n_approaches": 3 }, "geometry": { "type": "Point", "coordinates": [ -77.01787, 38.95766 ] } },
{ "type": "Feature", "properties": { "int_id": 7353, "names": "M Street Northwest & Bank Alley Northwest", "crashes": 1, "ksi": 0, "mu": 0.23, "eb": 0.59, "n_approaches": 6 }, "geometry": { "type": "Point", "coordinates": [ -77.06784, 38.90507 ] } },
{ "type": "Feature", "properties": { "int_id": 7364, "names": "Barry Place Northwest & 8th Street Northwest", "crashes": 1, "ksi": 0, "mu": 0.06, "eb": 0.23, "n_approaches": 3 }, "geometry": { "type": "Point", "coordinates": [ -77.02206, 38.92097 ] } },
{ "type": "Feature", "properties": { "int_id": 7365, "names": "14th Street Southeast & residential", "crashes": 3, "ksi": 0, "mu": 0.06, "eb": 0.61, "n_approaches": 3 }, "geometry": { "type": "Point", "coordinates": [ -76.98513, 38.86678 ] } },
{ "type": "Feature", "properties": { "int_id": 7366, "names": "Marietta Place Northwest & Missouri Avenue Northwest", "crashes": 1, "ksi": 0, "mu": 0.17, "eb": 0.5, "n_approaches": 3 }, "geometry": { "type": "Point", "coordinates": [ -77.02296, 38.95932 ] } },
{ "type": "Feature", "properties": { "int_id": 7374, "names": "Porter Street Northwest & Connecticut Avenue Northwest", "crashes": 3, "ksi": 2, "mu": 0.19, "eb": 1.37, "n_approaches": 4 }, "geometry": { "type": "Point", "coordinates": [ -77.05981, 38.93683 ] } },
{ "type": "Feature", "properties": { "int_id": 7411, "names": "5th Street Northwest & G Place Northwest", "crashes": 1, "ksi": 0, "mu": 0.06, "eb": 0.23, "n_approaches": 3 }, "geometry": { "type": "Point", "coordinates": [ -77.01893, 38.89832 ] } },
{ "type": "Feature", "properties": { "int_id": 7446, "names": "17th Street Northwest & Columbia Rd NW", "crashes": 1, "ksi": 0, "mu": 0.45, "eb": 0.8, "n_approaches": 4 }, "geometry": { "type": "Point", "coordinates": [ -77.03908, 38.92467 ] } },
{ "type": "Feature", "properties": { "int_id": 7453, "names": "N Street Northwest & Emmanuel Court Northwest", "crashes": 4, "ksi": 0, "mu": 0.03, "eb": 0.4, "n_approaches": 3 }, "geometry": { "type": "Point", "coordinates": [ -77.02192, 38.90724 ] } },
{ "type": "Feature", "properties": { "int_id": 7472, "names": "South Dakota Avenue Northeast & Gallatin Street Northeast", "crashes": 1, "ksi": 0, "mu": 0.28, "eb": 0.65, "n_approaches": 4 }, "geometry": { "type": "Point", "coordinates": [ -76.99682, 38.95263 ] } },
{ "type": "Feature", "properties": { "int_id": 7476, "names": "16th Street Northwest", "crashes": 1, "ksi": 0, "mu": 0.12, "eb": 0.39, "n_approaches": 3 }, "geometry": { "type": "Point", "coordinates": [ -77.03633, 38.98967 ] } },
{ "type": "Feature", "properties": { "int_id": 7477, "names": "29th Street Northwest & O Street Northwest", "crashes": 1, "ksi": 0, "mu": 0.04, "eb": 0.18, "n_approaches": 4 }, "geometry": { "type": "Point", "coordinates": [ -77.05818, 38.90935 ] } },
{ "type": "Feature", "properties": { "int_id": 7494, "names": "Georgia Avenue Northwest & Arkansas Avenue Northwest", "crashes": 1, "ksi": 1, "mu": 0.12, "eb": 0.39, "n_approaches": 3 }, "geometry": { "type": "Point", "coordinates": [ -77.02743, 38.95187 ] } },
{ "type": "Feature", "properties": { "int_id": 7509, "names": "F Street Northwest & 11th St NW", "crashes": 1, "ksi": 1, "mu": 0.47, "eb": 0.81, "n_approaches": 4 }, "geometry": { "type": "Point", "coordinates": [ -77.02811, 38.89736 ] } },
{ "type": "Feature", "properties": { "int_id": 7511, "names": "12th Street Northwest & L Street Northwest", "crashes": 1, "ksi": 0, "mu": 0.19, "eb": 0.54, "n_approaches": 3 }, "geometry": { "type": "Point", "coordinates": [ -77.02809, 38.90432 ] } },
{ "type": "Feature", "properties": { "int_id": 7519, "names": "9th Street Northeast & Florida Avenue Northeast", "crashes": 1, "ksi": 0, "mu": 0.61, "eb": 0.88, "n_approaches": 4 }, "geometry": { "type": "Point", "coordinates": [ -76.99374, 38.90429 ] } },
{ "type": "Feature", "properties": { "int_id": 7521, "names": "Quincy Place Northwest & North Capitol Street Northwest", "crashes": 1, "ksi": 0, "mu": 0.28, "eb": 0.65, "n_approaches": 4 }, "geometry": { "type": "Point", "coordinates": [ -77.00966, 38.91186 ] } },
{ "type": "Feature", "properties": { "int_id": 7557, "names": "8th Street Northwest & W Street Northwest", "crashes": 1, "ksi": 0, "mu": 0.03, "eb": 0.12, "n_approaches": 3 }, "geometry": { "type": "Point", "coordinates": [ -77.02295, 38.91777 ] } },
{ "type": "Feature", "properties": { "int_id": 7562, "names": "K Street Northeast & K St NE", "crashes": 1, "ksi": 0, "mu": 0.26, "eb": 0.63, "n_approaches": 3 }, "geometry": { "type": "Point", "coordinates": [ -77.00204, 38.90251 ] } },
{ "type": "Feature", "properties": { "int_id": 7626, "names": "Kennedy Street Northwest & 13th Street Northwest", "crashes": 1, "ksi": 0, "mu": 0.21, "eb": 0.55, "n_approaches": 4 }, "geometry": { "type": "Point", "coordinates": [ -77.02913, 38.95622 ] } },
{ "type": "Feature", "properties": { "int_id": 7645, "names": "18th Street Northwest & Columbia Rd NW", "crashes": 2, "ksi": 0, "mu": 0.45, "eb": 1.43, "n_approaches": 4 }, "geometry": { "type": "Point", "coordinates": [ -77.04268, 38.92267 ] } },
{ "type": "Feature", "properties": { "int_id": 7657, "names": "17th Street Northwest & L Street Northwest", "crashes": 1, "ksi": 0, "mu": 0.23, "eb": 0.59, "n_approaches": 4 }, "geometry": { "type": "Point", "coordinates": [ -77.03852, 38.9033 ] } }
]
}
