{"type":"FeatureCollection","features":[{"type":"Feature","geometry":{"type":"Point","coordinates":[-77.0723,38.86722]},"properties":{"kind":"bikeshare","name":"Columbia Pike & S Orme St","capacity":8}},{"type":"Feature","geometry":{"type":"Point","coordinates":[-76.99901,38.9542]},"properties":{"kind":"bikeshare","name":"South Dakota Ave & Ingraham St NE","capacity":16}},{"type":"Feature","geometry":{"type":"Point","coordinates":[-77.01246,38.92874]},"properties":{"kind":"bikeshare","name":"1st & Washington Hospital Center NW","capacity":18}},{"type":"Feature","geometry":{"type":"Point","coordinates":[-76.98358,38.8972]},"properties":{"kind":"bikeshare","name":"15th & F St NE","capacity":20}},{"type":"Feature","geometry":{"type":"Point","coordinates":[-77.03838,38.90833]},"properties":{"kind":"bikeshare","name":"17th St & Massachusetts Ave NW","capacity":19}},{"type":"Feature","geometry":{"type":"Point","coordinates":[-77.01392,38.89227]},"properties":{"kind":"bikeshare","name":"Constitution Ave & 2nd St NW/DOL","capacity":27}},{"type":"Feature","geometry":{"type":"Point","coordinates":[-77.0561,38.85976]},"properties":{"kind":"bikeshare","name":"S Fern St & 15th St S","capacity":10}},{"type":"Feature","geometry":{"type":"Point","coordinates":[-77.03268,38.94248]},"properties":{"kind":"bikeshare","name":"14th & Upshur St NW","capacity":19}},{"type":"Feature","geometry":{"type":"Point","coordinates":[-77.10315,38.88279]},"properties":{"kind":"bikeshare","name":"Virginia Square Metro / Monroe St & 9th St N","capacity":19}},{"type":"Feature","geometry":{"type":"Point","coordinates":[-77.05293,38.80563]},"properties":{"kind":"bikeshare","name":"Commerce St & Fayette St","capacity":15}},{"type":"Feature","geometry":{"type":"Point","coordinates":[-76.96784,38.89595]},"properties":{"kind":"bikeshare","name":"Kingman Island/The Fields at RFK","capacity":19}},{"type":"Feature","geometry":{"type":"Point","coordinates":[-77.04657,38.90405]},"properties":{"kind":"bikeshare","name":"21st & L St NW ","capacity":16}},{"type":"Feature","geometry":{"type":"Point","coordinates":[-77.01211,38.90036]},"properties":{"kind":"bikeshare","name":"1st & H St NW","capacity":15}},{"type":"Feature","geometry":{"type":"Point","coordinates":[-77.00493,38.89696]},"properties":{"kind":"bikeshare","name":"Columbus Circle / Union Station","capacity":55}},{"type":"Feature","geometry":{"type":"Point","coordinates":[-77.05452,38.8919]},"properties":{"kind":"bikeshare","name":"Rock Creek Pkwy & Pkwy Dr NW ","capacity":20}},{"type":"Feature","geometry":{"type":"Point","coordinates":[-77.08956,38.84232]},"properties":{"kind":"bikeshare","name":"S Arlington Mill Dr & Campbell Ave","capacity":15}},{"type":"Feature","geometry":{"type":"Point","coordinates":[-76.98842,38.9881]},"properties":{"kind":"bikeshare","name":"New Hampshire & Kirklynn Ave","capacity":15}},{"type":"Feature","geometry":{"type":"Point","coordinates":[-77.08212,38.84187]},"properties":{"kind":"bikeshare","name":"Martha Custis Dr & Lyons Ln","capacity":15}},{"type":"Feature","geometry":{"type":"Point","coordinates":[-77.03623,38.93084]},"properties":{"kind":"bikeshare","name":"16th & Pine St NW","capacity":19}},{"type":"Feature","geometry":{"type":"Point","coordinates":[-77.00891,38.8997]},"properties":{"kind":"bikeshare","name":"North Capitol St & G Pl NE","capacity":20}},{"type":"Feature","geometry":{"type":"Point","coordinates":[-77.02814,38.91679]},"properties":{"kind":"bikeshare","name":"12th & U St NW","capacity":28}},{"type":"Feature","geometry":{"type":"Point","coordinates":[-77.02079,38.87482]},"properties":{"kind":"bikeshare","name":"Waterfront Park","capacity":19}},{"type":"Feature","geometry":{"type":"Point","coordinates":[-77.04368,38.92067]},"properties":{"kind":"bikeshare","name":"Columbia Rd & Belmont St NW","capacity":20}},{"type":"Feature","geometry":{"type":"Point","coordinates":[-77.10611,38.83731]},"properties":{"kind":"bikeshare","name":"N Hampton Dr & Ford Ave","capacity":11}},{"type":"Feature","geometry":{"type":"Point","coordinates":[-77.05994,38.8623]},"properties":{"kind":"bikeshare","name":"Pentagon City Metro / 12th St & S Hayes St","capacity":19}},{"type":"Feature","geometry":{"type":"Point","coordinates":[-77.00195,38.90041]},"properties":{"kind":"bikeshare","name":"3rd & H St NE","capacity":19}},{"type":"Feature","geometry":{"type":"Point","coordinates":[-77.07386,38.89507]},"properties":{"kind":"bikeshare","name":"Wilson Blvd & N Oak St","capacity":17}},{"type":"Feature","geometry":{"type":"Point","coordinates":[-77.07513,38.96454]},"properties":{"kind":"bikeshare","name":"Connecticut Ave & McKinley St NW","capacity":19}},{"type":"Feature","geometry":{"type":"Point","coordinates":[-77.01981,38.95656]},"properties":{"kind":"bikeshare","name":"5th & Kennedy St NW","capacity":15}},{"type":"Feature","geometry":{"type":"Point","coordinates":[-77.02324,38.89485]},"properties":{"kind":"bikeshare","name":"8th & D St NW","capacity":24}},{"type":"Feature","geometry":{"type":"Point","coordinates":[-77.02385,38.98972]},"properties":{"kind":"bikeshare","name":"Fenton St & Gist Ave","capacity":11}},{"type":"Feature","geometry":{"type":"Point","coordinates":[-77.07086,38.89386]},"properties":{"kind":"bikeshare","name":"N Lynn St & Fairfax Dr","capacity":15}},{"type":"Feature","geometry":{"type":"Point","coordinates":[-77.0458,38.91265]},"properties":{"kind":"bikeshare","name":"Connecticut Ave & R St NW","capacity":19}},{"type":"Feature","geometry":{"type":"Point","coordinates":[-76.99613,38.93224]},"properties":{"kind":"bikeshare","name":"7th & Monroe St NE","capacity":15}},{"type":"Feature","geometry":{"type":"Point","coordinates":[-77.03856,38.92164]},"properties":{"kind":"bikeshare","name":"17th St & Kalorama Rd NW","capacity":11}},{"type":"Feature","geometry":{"type":"Point","coordinates":[-77.02308,38.9854]},"properties":{"kind":"bikeshare","name":"Fenton St & New York Ave ","capacity":15}},{"type":"Feature","geometry":{"type":"Point","coordinates":[-76.92531,38.88332]},"properties":{"kind":"bikeshare","name":"53rd & D St SE/C.W. Harris Elementary","capacity":19}},{"type":"Feature","geometry":{"type":"Point","coordinates":[-77.007,38.96749]},"properties":{"kind":"bikeshare","name":"Kansas Ave & Tuckerman St NW / Lamond Rec ","capacity":15}},{"type":"Feature","geometry":{"type":"Point","coordinates":[-77.02786,38.96134]},"properties":{"kind":"bikeshare","name":"Georgia & Missouri Ave NW","capacity":16}},{"type":"Feature","geometry":{"type":"Point","coordinates":[-77.03037,38.99403]},"properties":{"kind":"bikeshare","name":"Silver Spring Transit Center - Top Level","capacity":15}},{"type":"Feature","geometry":{"type":"Point","coordinates":[-77.0234,38.9223]},"properties":{"kind":"bikeshare","name":"Banneker Pool","capacity":14}},{"type":"Feature","geometry":{"type":"Point","coordinates":[-77.04804,38.8007]},"properties":{"kind":"bikeshare","name":"S Washington St & Wilkes St","capacity":12}},{"type":"Feature","geometry":{"type":"Point","coordinates":[-76.9548,38.96574]},"properties":{"kind":"bikeshare","name":"Prince George's Plaza Metro","capacity":17}},{"type":"Feature","geometry":{"type":"Point","coordinates":[-77.09348,38.83785]},"properties":{"kind":"bikeshare","name":"31st St & S Woodrow St","capacity":8}},{"type":"Feature","geometry":{"type":"Point","coordinates":[-77.00597,38.88492]},"properties":{"kind":"bikeshare","name":"1st & D St SE","capacity":22}},{"type":"Feature","geometry":{"type":"Point","coordinates":[-77.00314,38.89497]},"properties":{"kind":"bikeshare","name":"2nd St & Massachusetts Ave NE","capacity":28}},{"type":"Feature","geometry":{"type":"Point","coordinates":[-77.10783,38.88397]},"properties":{"kind":"bikeshare","name":"Central Library / Quincy St & 10th St N","capacity":12}},{"type":"Feature","geometry":{"type":"Point","coordinates":[-77.0284,38.90382]},"properties":{"kind":"bikeshare","name":"12th & L St NW","capacity":20}},{"type":"Feature","geometry":{"type":"Point","coordinates":[-77.08866,38.84065]},"properties":{"kind":"bikeshare","name":"S Randolph St & Campbell Ave","capacity":15}},{"type":"Feature","geometry":{"type":"Point","coordinates":[-77.0078,38.915]},"properties":{"kind":"bikeshare","name":"Lincoln Rd & Seaton Pl NE/Harry Thomas Rec Center","capacity":19}},{"type":"Feature","geometry":{"type":"Point","coordinates":[-76.94188,38.90138]},"properties":{"kind":"bikeshare","name":"Nannie Helen Burroughs & Minnesota Ave NE","capacity":11}},{"type":"Feature","geometry":{"type":"Point","coordinates":[-77.04764,38.9232]},"properties":{"kind":"bikeshare","name":"Calvert & Biltmore St NW","capacity":23}},{"type":"Feature","geometry":{"type":"Point","coordinates":[-76.98681,38.90744]},"properties":{"kind":"bikeshare","name":"Montello Ave & Holbrook Terr NE","capacity":19}},{"type":"Feature","geometry":{"type":"Point","coordinates":[-77.06863,38.96577]},"properties":{"kind":"bikeshare","name":"Broad Branch Rd & Northampton St NW","capacity":15}},{"type":"Feature","geometry":{"type":"Point","coordinates":[-77.06402,38.84342]},"properties":{"kind":"bikeshare","name":"Mount Vernon Ave & Four Mile Run Park","capacity":15}},{"type":"Feature","geometry":{"type":"Point","coordinates":[-76.96012,38.89654]},"properties":{"kind":"bikeshare","name":"Anacostia Ave & Benning Rd NE / River Terrace ","capacity":15}},{"type":"Feature","geometry":{"type":"Point","coordinates":[-77.0007,38.90732]},"properties":{"kind":"bikeshare","name":"4th & Florida Ave NE","capacity":31}},{"type":"Feature","geometry":{"type":"Point","coordinates":[-77.0223,38.89732]},"properties":{"kind":"bikeshare","name":"7th & F St NW / National Portrait Gallery","capacity":35}},{"type":"Feature","geometry":{"type":"Point","coordinates":[-77.02379,38.92812]},"properties":{"kind":"bikeshare","name":"Columbia Rd & Georgia Ave NW","capacity":27}},{"type":"Feature","geometry":{"type":"Point","coordinates":[-77.03628,38.91265]},"properties":{"kind":"bikeshare","name":"16th & R St NW","capacity":24}},{"type":"Feature","geometry":{"type":"Point","coordinates":[-77.01033,38.81909]},"properties":{"kind":"bikeshare","name":"Joliet St & MLK Ave SW/Bald Eagle Rec Ctr","capacity":15}},{"type":"Feature","geometry":{"type":"Point","coordinates":[-76.99723,38.93889]},"properties":{"kind":"bikeshare","name":"John McCormack Rd NE","capacity":19}},{"type":"Feature","geometry":{"type":"Point","coordinates":[-77.04506,38.91109]},"properties":{"kind":"bikeshare","name":"20th & Q St NW","capacity":27}},{"type":"Feature","geometry":{"type":"Point","coordinates":[-77.07432,38.91261]},"properties":{"kind":"bikeshare","name":"Reservoir Rd & 38th St NW","capacity":19}},{"type":"Feature","geometry":{"type":"Point","coordinates":[-77.08901,38.89593]},"properties":{"kind":"bikeshare","name":"Langston Blvd & N Adams St","capacity":15}},{"type":"Feature","geometry":{"type":"Point","coordinates":[-77.05756,38.83672]},"properties":{"kind":"bikeshare","name":"Commonwealth and Reed","capacity":16}},{"type":"Feature","geometry":{"type":"Point","coordinates":[-76.91356,38.8918]},"properties":{"kind":"bikeshare","name":"61st St & Banks Pl NE","capacity":19}},{"type":"Feature","geometry":{"type":"Point","coordinates":[-76.93825,38.93432]},"properties":{"kind":"bikeshare","name":"Bladensburg Waterfront Park","capacity":13}},{"type":"Feature","geometry":{"type":"Point","coordinates":[-77.07912,38.9257]},"properties":{"kind":"bikeshare","name":"39th St & Tunlaw Rd NW","capacity":19}},{"type":"Feature","geometry":{"type":"Point","coordinates":[-77.02601,38.88432]},"properties":{"kind":"bikeshare","name":"10th St & L'Enfant Plaza SW","capacity":24}},{"type":"Feature","geometry":{"type":"Point","coordinates":[-77.08913,38.8624]},"properties":{"kind":"bikeshare","name":"Columbia Pike & S Highland St","capacity":12}},{"type":"Feature","geometry":{"type":"Point","coordinates":[-77.00183,38.88119]},"properties":{"kind":"bikeshare","name":"3rd & G St SE","capacity":20}},{"type":"Feature","geometry":{"type":"Point","coordinates":[-77.09454,38.98469]},"properties":{"kind":"bikeshare","name":"Bethesda Metro / Wisconsin Ave & Old Georgetown Rd","capacity":12}},{"type":"Feature","geometry":{"type":"Point","coordinates":[-76.95417,38.96884]},"properties":{"kind":"bikeshare","name":"The Mall at Prince Georges","capacity":17}},{"type":"Feature","geometry":{"type":"Point","coordinates":[-77.00003,38.98674]},"properties":{"kind":"bikeshare","name":"WAU / Flower Ave & Division St","capacity":15}},{"type":"Feature","geometry":{"type":"Point","coordinates":[-76.98835,38.89046]},"properties":{"kind":"bikeshare","name":"Lincoln Park / 13th & East Capitol St NE ","capacity":33}},{"type":"Feature","geometry":{"type":"Point","coordinates":[-77.07214,38.89722]},"properties":{"kind":"bikeshare","name":"19th St N & Ft Myer Dr","capacity":15}},{"type":"Feature","geometry":{"type":"Point","coordinates":[-77.05108,38.90176]},"properties":{"kind":"bikeshare","name":"New Hampshire Ave & 24th St NW","capacity":24}},{"type":"Feature","geometry":{"type":"Point","coordinates":[-77.07639,38.89344]},"properties":{"kind":"bikeshare","name":"Clarendon Blvd & Pierce St","capacity":15}},{"type":"Feature","geometry":{"type":"Point","coordinates":[-77.05281,38.81458]},"properties":{"kind":"bikeshare","name":"Braddock Rd Metro North","capacity":16}},{"type":"Feature","geometry":{"type":"Point","coordinates":[-77.03833,38.8881]},"properties":{"kind":"bikeshare","name":"17th St & Independence Ave SW","capacity":21}},{"type":"Feature","geometry":{"type":"Point","coordinates":[-76.94636,38.95936]},"properties":{"kind":"bikeshare","name":"Oglethorpe St & 42nd Ave","capacity":15}},{"type":"Feature","geometry":{"type":"Point","coordinates":[-77.01533,38.90241]},"properties":{"kind":"bikeshare","name":"3rd & K St NW","capacity":24}},{"type":"Feature","geometry":{"type":"Point","coordinates":[-76.9949,38.89994]},"properties":{"kind":"bikeshare","name":"8th & H St NE","capacity":19}},{"type":"Feature","geometry":{"type":"Point","coordinates":[-77.09459,38.97709]},"properties":{"kind":"bikeshare","name":"Offutt Ln & Chevy Chase Dr","capacity":11}},{"type":"Feature","geometry":{"type":"Point","coordinates":[-77.04944,38.88826]},"properties":{"kind":"bikeshare","name":"Lincoln Memorial","capacity":27}},{"type":"Feature","geometry":{"type":"Point","coordinates":[-77.00367,38.89967]},"properties":{"kind":"bikeshare","name":"2nd & G St NE","capacity":24}},{"type":"Feature","geometry":{"type":"Point","coordinates":[-77.02215,38.91272]},"properties":{"kind":"bikeshare","name":"7th & R St NW / Shaw Library","capacity":19}},{"type":"Feature","geometry":{"type":"Point","coordinates":[-76.9607,38.878]},"properties":{"kind":"bikeshare","name":"Randle Circle & Minnesota Ave SE","capacity":11}},{"type":"Feature","geometry":{"type":"Point","coordinates":[-77.01192,38.87082]},"properties":{"kind":"bikeshare","name":"1st & Q St SW","capacity":15}},{"type":"Feature","geometry":{"type":"Point","coordinates":[-77.0352,38.92333]},"properties":{"kind":"bikeshare","name":"15th & Euclid St NW","capacity":15}},{"type":"Feature","geometry":{"type":"Point","coordinates":[-77.06323,38.90598]},"properties":{"kind":"bikeshare","name":"Wisconsin Ave & Prospect St NW","capacity":24}},{"type":"Feature","geometry":{"type":"Point","coordinates":[-77.04852,38.83884]},"properties":{"kind":"bikeshare","name":"Virginia Tech / University Dr & Potomac Ave","capacity":19}},{"type":"Feature","geometry":{"type":"Point","coordinates":[-76.98246,38.89306]},"properties":{"kind":"bikeshare","name":"16th St & North Carolina Ave NE","capacity":19}},{"type":"Feature","geometry":{"type":"Point","coordinates":[-77.09713,38.89538]},"properties":{"kind":"bikeshare","name":"Langston Blvd & N Kirkwood Rd","capacity":15}},{"type":"Feature","geometry":{"type":"Point","coordinates":[-77.04463,38.81074]},"properties":{"kind":"bikeshare","name":"St Asaph & Pendleton St","capacity":15}},{"type":"Feature","geometry":{"type":"Point","coordinates":[-77.04944,38.79306]},"properties":{"kind":"bikeshare","name":"Mt Vernon Trail & S. Washington St.","capacity":15}},{"type":"Feature","geometry":{"type":"Point","coordinates":[-76.99588,38.92068]},"properties":{"kind":"bikeshare","name":"Rhode Island Ave Metro","capacity":20}},{"type":"Feature","geometry":{"type":"Point","coordinates":[-77.11001,38.81584]},"properties":{"kind":"bikeshare","name":"N Howard St & Taney Ave","capacity":11}},{"type":"Feature","geometry":{"type":"Point","coordinates":[-76.95001,38.88313]},"properties":{"kind":"bikeshare","name":"37th & Ely Pl SE","capacity":15}},{"type":"Feature","geometry":{"type":"Point","coordinates":[-77.07879,38.80552]},"properties":{"kind":"bikeshare","name":"Witter Field","capacity":16}},{"type":"Feature","geometry":{"type":"Point","coordinates":[-77.03269,38.9344]},"properties":{"kind":"bikeshare","name":"14th & Otis Pl NW","capacity":27}},{"type":"Feature","geometry":{"type":"Point","coordinates":[-76.9984,38.90293]},"properties":{"kind":"bikeshare","name":"6th & K St NE","capacity":19}},{"type":"Feature","geometry":{"type":"Point","coordinates":[-77.09198,38.9823]},"properties":{"kind":"bikeshare","name":"47th & Elm St","capacity":15}},{"type":"Feature","geometry":{"type":"Point","coordinates":[-77.08059,38.94618]},"properties":{"kind":"bikeshare","name":"Yuma St & Tenley Circle NW","capacity":19}},{"type":"Feature","geometry":{"type":"Point","coordinates":[-77.00223,38.82373]},"properties":{"kind":"bikeshare","name":"Livingston Rd & 3rd St SE","capacity":15}},{"type":"Feature","geometry":{"type":"Point","coordinates":[-77.0609,38.83728]},"properties":{"kind":"bikeshare","name":"Reed & Edison","capacity":11}},{"type":"Feature","geometry":{"type":"Point","coordinates":[-77.11624,38.80919]},"properties":{"kind":"bikeshare","name":"Brenman Park Dr & Somervelle St","capacity":15}},{"type":"Feature","geometry":{"type":"Point","coordinates":[-77.01377,38.88698]},"properties":{"kind":"bikeshare","name":"Washington & Independence Ave SW/HHS","capacity":40}},{"type":"Feature","geometry":{"type":"Point","coordinates":[-76.99592,38.89484]},"properties":{"kind":"bikeshare","name":"D St & Maryland Ave NE","capacity":24}},{"type":"Feature","geometry":{"type":"Point","coordinates":[-77.01868,38.90093]},"properties":{"kind":"bikeshare","name":"5th St & Massachusetts Ave NW","capacity":20}},{"type":"Feature","geometry":{"type":"Point","coordinates":[-76.9941,38.90509]},"properties":{"kind":"bikeshare","name":"Gallaudet / 8th St & Florida Ave NE","capacity":19}},{"type":"Feature","geometry":{"type":"Point","coordinates":[-77.0866,38.86248]},"properties":{"kind":"bikeshare","name":"Columbia Pike & S Walter Reed Dr","capacity":8}},{"type":"Feature","geometry":{"type":"Point","coordinates":[-77.08713,38.9363]},"properties":{"kind":"bikeshare","name":"American University East Campus","capacity":19}},{"type":"Feature","geometry":{"type":"Point","coordinates":[-77.03665,38.9261]},"properties":{"kind":"bikeshare","name":"16th & Harvard St NW","capacity":19}},{"type":"Feature","geometry":{"type":"Point","coordinates":[-76.93607,38.98664]},"properties":{"kind":"bikeshare","name":"Baltimore Avenue and Hotel Drive at UMD","capacity":15}},{"type":"Feature","geometry":{"type":"Point","coordinates":[-77.00877,38.91256]},"properties":{"kind":"bikeshare","name":"North Capitol & R St NE","capacity":15}},{"type":"Feature","geometry":{"type":"Point","coordinates":[-76.98359,38.86044]},"properties":{"kind":"bikeshare","name":"16th & Bangor St SE","capacity":15}},{"type":"Feature","geometry":{"type":"Point","coordinates":[-77.0658,38.88453]},"properties":{"kind":"bikeshare","name":"Arlington National Cemetery","capacity":19}},{"type":"Feature","geometry":{"type":"Point","coordinates":[-77.05196,38.84503]},"properties":{"kind":"bikeshare","name":"S Clark St & 33rd St","capacity":12}},{"type":"Feature","geometry":{"type":"Point","coordinates":[-76.99523,38.9742]},"properties":{"kind":"bikeshare","name":"New Hampshire Ave & East-West Hwy","capacity":15}},{"type":"Feature","geometry":{"type":"Point","coordinates":[-77.04178,38.90507]},"properties":{"kind":"bikeshare","name":"18th & M St NW","capacity":27}},{"type":"Feature","geometry":{"type":"Point","coordinates":[-77.05011,38.81702]},"properties":{"kind":"bikeshare","name":"First St & Fayette St","capacity":16}},{"type":"Feature","geometry":{"type":"Point","coordinates":[-77.05847,38.93584]},"properties":{"kind":"bikeshare","name":"Connecticut Ave & Ordway St NW / Cleveland Park Metro ","capacity":15}},{"type":"Feature","geometry":{"type":"Point","coordinates":[-77.03155,38.99939]},"properties":{"kind":"bikeshare","name":"Georgia Ave & Spring St","capacity":11}},{"type":"Feature","geometry":{"type":"Point","coordinates":[-77.10099,38.85034]},"properties":{"kind":"bikeshare","name":"Barcroft Community Center","capacity":11}},{"type":"Feature","geometry":{"type":"Point","coordinates":[-77.09091,38.9165]},"properties":{"kind":"bikeshare","name":"Whitehaven Pkwy & Foxhall Rd NW / GWU Mt. Vernon","capacity":19}},{"type":"Feature","geometry":{"type":"Point","coordinates":[-77.00356,38.91475]},"properties":{"kind":"bikeshare","name":"2nd St & Seaton Pl NE","capacity":19}},{"type":"Feature","geometry":{"type":"Point","coordinates":[-77.10791,38.87182]},"properties":{"kind":"bikeshare","name":"N Pershing Dr & N George Mason Dr","capacity":11}},{"type":"Feature","geometry":{"type":"Point","coordinates":[-77.03443,38.9098]},"properties":{"kind":"bikeshare","name":"15th & P St NW","capacity":19}},{"type":"Feature","geometry":{"type":"Point","coordinates":[-77.02675,38.97606]},"properties":{"kind":"bikeshare","name":"Georgia Ave & Dahlia St NW","capacity":19}},{"type":"Feature","geometry":{"type":"Point","coordinates":[-77.05003,38.86555]},"properties":{"kind":"bikeshare","name":"Long Bridge Park / Long Bridge Dr & 6th St S","capacity":15}},{"type":"Feature","geometry":{"type":"Point","coordinates":[-77.09743,38.9811]},"properties":{"kind":"bikeshare","name":"Bethesda Ave & Arlington Rd","capacity":19}},{"type":"Feature","geometry":{"type":"Point","coordinates":[-77.0595,38.853]},"properties":{"kind":"bikeshare","name":"23rd St S & Hayes St","capacity":15}},{"type":"Feature","geometry":{"type":"Point","coordinates":[-76.98038,38.94173]},"properties":{"kind":"bikeshare","name":"18th & Upshur St NE","capacity":15}},{"type":"Feature","geometry":{"type":"Point","coordinates":[-76.98791,38.88292]},"properties":{"kind":"bikeshare","name":"13th & E St SE","capacity":15}},{"type":"Feature","geometry":{"type":"Point","coordinates":[-77.09308,38.8881]},"properties":{"kind":"bikeshare","name":"Clarendon Blvd & N Fillmore St","capacity":15}},{"type":"Feature","geometry":{"type":"Point","coordinates":[-77.02982,38.90028]},"properties":{"kind":"bikeshare","name":"13th St & New York Ave NW","capacity":27}},{"type":"Feature","geometry":{"type":"Point","coordinates":[-76.9522,38.9755]},"properties":{"kind":"bikeshare","name":"Northwestern High School","capacity":15}},{"type":"Feature","geometry":{"type":"Point","coordinates":[-77.03189,38.92107]},"properties":{"kind":"bikeshare","name":"14th & Belmont St NW","capacity":24}},{"type":"Feature","geometry":{"type":"Point","coordinates":[-77.10478,38.87425]},"properties":{"kind":"bikeshare","name":"N Pershing Dr & N Quebec St","capacity":15}},{"type":"Feature","geometry":{"type":"Point","coordinates":[-77.05152,38.85069]},"properties":{"kind":"bikeshare","name":"Clark St & 26th St S","capacity":12}},{"type":"Feature","geometry":{"type":"Point","coordinates":[-77.01636,38.9111]},"properties":{"kind":"bikeshare","name":"4th & Q St NW","capacity":20}},{"type":"Feature","geometry":{"type":"Point","coordinates":[-77.06753,38.90373]},"properties":{"kind":"bikeshare","name":"34th & Water St NW","capacity":19}},{"type":"Feature","geometry":{"type":"Point","coordinates":[-77.02716,38.93623]},"properties":{"kind":"bikeshare","name":"10th St & Spring Rd NW","capacity":15}},{"type":"Feature","geometry":{"type":"Point","coordinates":[-77.05098,38.82922]},"properties":{"kind":"bikeshare","name":"Richmond Hwy & Swann Ave","capacity":15}},{"type":"Feature","geometry":{"type":"Point","coordinates":[-77.05806,38.90494]},"properties":{"kind":"bikeshare","name":"29th & M St NW","capacity":20}},{"type":"Feature","geometry":{"type":"Point","coordinates":[-77.04468,38.8048]},"properties":{"kind":"bikeshare","name":"King St & N Pitt St","capacity":11}},{"type":"Feature","geometry":{"type":"Point","coordinates":[-77.01758,38.87296]},"properties":{"kind":"bikeshare","name":"4th & O St SW","capacity":15}},{"type":"Feature","geometry":{"type":"Point","coordinates":[-77.08032,38.86383]},"properties":{"kind":"bikeshare","name":"Columbia Pike & S Courthouse Rd","capacity":15}},{"type":"Feature","geometry":{"type":"Point","coordinates":[-77.09169,38.89494]},"properties":{"kind":"bikeshare","name":"Langston Blvd & N Cleveland St","capacity":12}},{"type":"Feature","geometry":{"type":"Point","coordinates":[-77.02224,38.88627]},"properties":{"kind":"bikeshare","name":"L'Enfant Plaza / 7th & C St SW","capacity":15}},{"type":"Feature","geometry":{"type":"Point","coordinates":[-76.97878,38.94507]},"properties":{"kind":"bikeshare","name":"Michigan Ave & Allison St NE","capacity":15}},{"type":"Feature","geometry":{"type":"Point","coordinates":[-76.93558,38.96212]},"properties":{"kind":"bikeshare","name":"Riverdale Park Town Center","capacity":17}},{"type":"Feature","geometry":{"type":"Point","coordinates":[-77.0216,38.91417]},"properties":{"kind":"bikeshare","name":"7th & S St NW","capacity":19}},{"type":"Feature","geometry":{"type":"Point","coordinates":[-77.09543,38.84736]},"properties":{"kind":"bikeshare","name":"S Four Mile Run Dr & Walter Reed Dr","capacity":12}},{"type":"Feature","geometry":{"type":"Point","coordinates":[-77.03201,38.91305]},"properties":{"kind":"bikeshare","name":"14th & R St NW","capacity":19}},{"type":"Feature","geometry":{"type":"Point","coordinates":[-76.99078,38.8654]},"properties":{"kind":"bikeshare","name":"W St & Shannon Pl SE","capacity":12}},{"type":"Feature","geometry":{"type":"Point","coordinates":[-77.08426,38.88626]},"properties":{"kind":"bikeshare","name":"Arlington Blvd & Fairfax Dr","capacity":16}},{"type":"Feature","geometry":{"type":"Point","coordinates":[-77.00574,38.88076]},"properties":{"kind":"bikeshare","name":"New Jersey Ave & H St SE","capacity":19}},{"type":"Feature","geometry":{"type":"Point","coordinates":[-77.01281,38.9516]},"properties":{"kind":"bikeshare","name":"New Hampshire & Gallatin St NW","capacity":19}},{"type":"Feature","geometry":{"type":"Point","coordinates":[-77.05005,38.92358]},"properties":{"kind":"bikeshare","name":"Calvert St & Woodley Pl NW","capacity":20}},{"type":"Feature","geometry":{"type":"Point","coordinates":[-77.09809,38.84404]},"properties":{"kind":"bikeshare","name":"S Wakefield St & 28th St S","capacity":15}},{"type":"Feature","geometry":{"type":"Point","coordinates":[-76.92278,38.88993]},"properties":{"kind":"bikeshare","name":"55th & East Capitol St NE","capacity":12}},{"type":"Feature","geometry":{"type":"Point","coordinates":[-77.05054,38.84401]},"properties":{"kind":"bikeshare","name":"Potomac Ave & 35th St S","capacity":15}},{"type":"Feature","geometry":{"type":"Point","coordinates":[-77.04885,38.89893]},"properties":{"kind":"bikeshare","name":"22nd & H St NW","capacity":17}},{"type":"Feature","geometry":{"type":"Point","coordinates":[-77.01994,38.89457]},"properties":{"kind":"bikeshare","name":"6th St & Indiana Ave NW","capacity":20}},{"type":"Feature","geometry":{"type":"Point","coordinates":[-77.07256,38.80289]},"properties":{"kind":"bikeshare","name":"Mandeville Ln & Stovall St","capacity":12}},{"type":"Feature","geometry":{"type":"Point","coordinates":[-77.10024,38.99064]},"properties":{"kind":"bikeshare","name":"Norfolk & Rugby Ave","capacity":11}},{"type":"Feature","geometry":{"type":"Point","coordinates":[-77.0235,38.93213]},"properties":{"kind":"bikeshare","name":"Georgia Ave & Morton St NW","capacity":19}},{"type":"Feature","geometry":{"type":"Point","coordinates":[-77.0251,38.9418]},"properties":{"kind":"bikeshare","name":"9th & Upshur St NW","capacity":16}},{"type":"Feature","geometry":{"type":"Point","coordinates":[-77.04136,38.93478]},"properties":{"kind":"bikeshare","name":"18th St & Ingleside Ter NW","capacity":19}},{"type":"Feature","geometry":{"type":"Point","coordinates":[-77.03243,38.88855]},"properties":{"kind":"bikeshare","name":"Jefferson Dr & 14th St SW","capacity":27}},{"type":"Feature","geometry":{"type":"Point","coordinates":[-76.9331,38.90847]},"properties":{"kind":"bikeshare","name":"Deanwood Rec Center","capacity":15}},{"type":"Feature","geometry":{"type":"Point","coordinates":[-77.0011,38.82156]},"properties":{"kind":"bikeshare","name":"South Capitol St and Southern Ave SE","capacity":15}},{"type":"Feature","geometry":{"type":"Point","coordinates":[-77.07699,38.99411]},"properties":{"kind":"bikeshare","name":"Connecticut Ave & Chevy Chase Lake Dr","capacity":15}},{"type":"Feature","geometry":{"type":"Point","coordinates":[-76.96951,38.8975]},"properties":{"kind":"bikeshare","name":"Oklahoma Ave & Benning Rd NE","capacity":19}},{"type":"Feature","geometry":{"type":"Point","coordinates":[-77.0388,38.9319]},"properties":{"kind":"bikeshare","name":"Lamont & Mt Pleasant NW","capacity":23}},{"type":"Feature","geometry":{"type":"Point","coordinates":[-77.02561,38.95366]},"properties":{"kind":"bikeshare","name":"9th & Ingraham St NW","capacity":19}},{"type":"Feature","geometry":{"type":"Point","coordinates":[-77.04154,38.89968]},"properties":{"kind":"bikeshare","name":"18th St & Pennsylvania Ave NW","capacity":24}},{"type":"Feature","geometry":{"type":"Point","coordinates":[-77.04656,38.90154]},"properties":{"kind":"bikeshare","name":"21st St & Pennsylvania Ave NW","capacity":20}},{"type":"Feature","geometry":{"type":"Point","coordinates":[-76.94745,38.89706]},"properties":{"kind":"bikeshare","name":"Minnesota Ave Metro/DOES","capacity":15}},{"type":"Feature","geometry":{"type":"Point","coordinates":[-77.10785,38.88001]},"properties":{"kind":"bikeshare","name":"Wilson Blvd & N Quincy St","capacity":15}},{"type":"Feature","geometry":{"type":"Point","coordinates":[-76.94929,38.93539]},"properties":{"kind":"bikeshare","name":"40th Ave & Bladensburg Rd","capacity":15}},{"type":"Feature","geometry":{"type":"Point","coordinates":[-77.05032,38.90531]},"properties":{"kind":"bikeshare","name":"23rd & M St NW","capacity":24}},{"type":"Feature","geometry":{"type":"Point","coordinates":[-77.06108,38.90479]},"properties":{"kind":"bikeshare","name":"31st & M St NW","capacity":12}},{"type":"Feature","geometry":{"type":"Point","coordinates":[-77.02801,38.95744]},"properties":{"kind":"bikeshare","name":"Georgia Ave & Longfellow St NW","capacity":15}},{"type":"Feature","geometry":{"type":"Point","coordinates":[-76.99681,38.88695]},"properties":{"kind":"bikeshare","name":"Eastern Market / 7th & North Carolina Ave SE","capacity":15}},{"type":"Feature","geometry":{"type":"Point","coordinates":[-77.09221,38.98384]},"properties":{"kind":"bikeshare","name":"Montgomery Ave & Waverly St ","capacity":11}},{"type":"Feature","geometry":{"type":"Point","coordinates":[-76.99353,38.93246]},"properties":{"kind":"bikeshare","name":"10th & Monroe St NE","capacity":19}},{"type":"Feature","geometry":{"type":"Point","coordinates":[-76.97285,38.93077]},"properties":{"kind":"bikeshare","name":"24th St & Rhode Island Ave NE","capacity":15}},{"type":"Feature","geometry":{"type":"Point","coordinates":[-77.06641,38.97574]},"properties":{"kind":"bikeshare","name":"Western Ave & Pinehurst Cir NW ","capacity":11}},{"type":"Feature","geometry":{"type":"Point","coordinates":[-77.08626,38.9339]},"properties":{"kind":"bikeshare","name":"44th St & New Mexico Ave NW","capacity":19}},{"type":"Feature","geometry":{"type":"Point","coordinates":[-77.11801,38.8983]},"properties":{"kind":"bikeshare","name":"Cherry Hill Rd & N Woodstock St","capacity":19}},{"type":"Feature","geometry":{"type":"Point","coordinates":[-76.98072,38.88246]},"properties":{"kind":"bikeshare","name":"17th St & Potomac Ave SE / Congressional Cemetery ","capacity":19}},{"type":"Feature","geometry":{"type":"Point","coordinates":[-76.94797,38.894]},"properties":{"kind":"bikeshare","name":"Benning Branch Library","capacity":11}},{"type":"Feature","geometry":{"type":"Point","coordinates":[-77.02963,38.91694]},"properties":{"kind":"bikeshare","name":"13th & U St NW","capacity":19}},{"type":"Feature","geometry":{"type":"Point","coordinates":[-77.01935,38.89722]},"properties":{"kind":"bikeshare","name":"5th & F St NW","capacity":31}},{"type":"Feature","geometry":{"type":"Point","coordinates":[-77.09583,38.9171]},"properties":{"kind":"bikeshare","name":"48th Pl & MacArthur Blvd NW","capacity":15}},{"type":"Feature","geometry":{"type":"Point","coordinates":[-76.95505,38.93927]},"properties":{"kind":"bikeshare","name":"Rhode Island Ave & 39th St / Brentwood Arts Exchange","capacity":15}},{"type":"Feature","geometry":{"type":"Point","coordinates":[-77.05762,38.82006]},"properties":{"kind":"bikeshare","name":"Mount Vernon Ave & E Nelson Ave","capacity":16}},{"type":"Feature","geometry":{"type":"Point","coordinates":[-77.03868,38.94215]},"properties":{"kind":"bikeshare","name":"17th & Upshur St NW","capacity":19}},{"type":"Feature","geometry":{"type":"Point","coordinates":[-77.02624,38.89824]},"properties":{"kind":"bikeshare","name":"10th & G St NW","capacity":28}},{"type":"Feature","geometry":{"type":"Point","coordinates":[-77.0137,38.95787]},"properties":{"kind":"bikeshare","name":"Kansas Ave & Longfellow St NW","capacity":19}},{"type":"Feature","geometry":{"type":"Point","coordinates":[-77.0556,38.93028]},"properties":{"kind":"bikeshare","name":"3000 Connecticut Ave NW / National Zoo","capacity":16}},{"type":"Feature","geometry":{"type":"Point","coordinates":[-77.04732,38.90571]},"properties":{"kind":"bikeshare","name":"New Hampshire Ave & Ward Pl NW","capacity":19}},{"type":"Feature","geometry":{"type":"Point","coordinates":[-77.00591,38.87184]},"properties":{"kind":"bikeshare","name":"1st St & Potomac Ave SE","capacity":19}},{"type":"Feature","geometry":{"type":"Point","coordinates":[-77.11059,38.82889]},"properties":{"kind":"bikeshare","name":"Kenmore Ave & Seminary Rd","capacity":11}},{"type":"Feature","geometry":{"type":"Point","coordinates":[-77.08243,38.95481]},"properties":{"kind":"bikeshare","name":"Fessenden St & Wisconsin Ave NW","capacity":15}},{"type":"Feature","geometry":{"type":"Point","coordinates":[-77.02829,38.88629]},"properties":{"kind":"bikeshare","name":"USDA / 12th & C St SW","capacity":39}},{"type":"Feature","geometry":{"type":"Point","coordinates":[-77.08606,38.89324]},"properties":{"kind":"bikeshare","name":"N Veitch St & Key Blvd","capacity":12}},{"type":"Feature","geometry":{"type":"Point","coordinates":[-77.02139,38.90267]},"properties":{"kind":"bikeshare","name":"7th & K St NW","capacity":19}},{"type":"Feature","geometry":{"type":"Point","coordinates":[-77.02614,38.88733]},"properties":{"kind":"bikeshare","name":"Independence Ave & L'Enfant Plaza SW/DOE","capacity":23}},{"type":"Feature","geometry":{"type":"Point","coordinates":[-77.11621,38.83863]},"properties":{"kind":"bikeshare","name":"Fillmore & Bisdorf","capacity":11}},{"type":"Feature","geometry":{"type":"Point","coordinates":[-77.00575,38.87502]},"properties":{"kind":"bikeshare","name":"1st & N St SE","capacity":39}},{"type":"Feature","geometry":{"type":"Point","coordinates":[-77.04036,38.80312]},"properties":{"kind":"bikeshare","name":"Prince St & Union St","capacity":23}},{"type":"Feature","geometry":{"type":"Point","coordinates":[-76.9595,38.9546]},"properties":{"kind":"bikeshare","name":"Queens Chapel & Hamilton St","capacity":15}},{"type":"Feature","geometry":{"type":"Point","coordinates":[-77.07708,38.94384]},"properties":{"kind":"bikeshare","name":"39th & Veazey St NW","capacity":15}},{"type":"Feature","geometry":{"type":"Point","coordinates":[-77.06066,38.96729]},"properties":{"kind":"bikeshare","name":"Nebraska & Utah Ave NW","capacity":16}},{"type":"Feature","geometry":{"type":"Point","coordinates":[-77.00417,38.87622]},"properties":{"kind":"bikeshare","name":"M St & New Jersey Ave SE","capacity":17}},{"type":"Feature","geometry":{"type":"Point","coordinates":[-77.11275,38.88242]},"properties":{"kind":"bikeshare","name":"Fairfax Dr & N Taylor St","capacity":11}},{"type":"Feature","geometry":{"type":"Point","coordinates":[-77.0848,38.89061]},"properties":{"kind":"bikeshare","name":"Court House Metro / 15th St & N Uhle St","capacity":16}},{"type":"Feature","geometry":{"type":"Point","coordinates":[-76.98322,38.9063]},"properties":{"kind":"bikeshare","name":"Trinidad Rec Center","capacity":19}},{"type":"Feature","geometry":{"type":"Point","coordinates":[-77.04547,38.9181]},"properties":{"kind":"bikeshare","name":"20th St & Columbia Rd NW","capacity":19}},{"type":"Feature","geometry":{"type":"Point","coordinates":[-77.04207,38.92092]},"properties":{"kind":"bikeshare","name":"18th St & Belmont Rd NW","capacity":16}},{"type":"Feature","geometry":{"type":"Point","coordinates":[-76.98825,38.90043]},"properties":{"kind":"bikeshare","name":"13th & H St NE","capacity":31}},{"type":"Feature","geometry":{"type":"Point","coordinates":[-76.9493,38.9698]},"properties":{"kind":"bikeshare","name":"Hyattsville Library / Adelphi Rd & Toledo Rd","capacity":15}},{"type":"Feature","geometry":{"type":"Point","coordinates":[-77.00548,38.9057]},"properties":{"kind":"bikeshare","name":"1st & M St NE","capacity":15}},{"type":"Feature","geometry":{"type":"Point","coordinates":[-77.08606,38.82847]},"properties":{"kind":"bikeshare","name":"Radford & Osage St","capacity":11}},{"type":"Feature","geometry":{"type":"Point","coordinates":[-77.11811,38.85402]},"properties":{"kind":"bikeshare","name":"Columbia Pike & S Greenbrier St","capacity":15}},{"type":"Feature","geometry":{"type":"Point","coordinates":[-77.02094,38.87675]},"properties":{"kind":"bikeshare","name":"Maine Ave & Water St SW","capacity":19}},{"type":"Feature","geometry":{"type":"Point","coordinates":[-77.03353,38.902]},"properties":{"kind":"bikeshare","name":"15th & K St NW","capacity":27}},{"type":"Feature","geometry":{"type":"Point","coordinates":[-76.98368,38.9156]},"properties":{"kind":"bikeshare","name":"New York Ave & Hecht Ave NE","capacity":24}},{"type":"Feature","geometry":{"type":"Point","coordinates":[-77.04657,38.88412]},"properties":{"kind":"bikeshare","name":"Ohio Dr & West Basin Dr SW / MLK & FDR Memorials","capacity":35}},{"type":"Feature","geometry":{"type":"Point","coordinates":[-77.09186,38.8894]},"properties":{"kind":"bikeshare","name":"Wilson Blvd & N Edgewood St","capacity":15}},{"type":"Feature","geometry":{"type":"Point","coordinates":[-77.04778,38.81875]},"properties":{"kind":"bikeshare","name":"Powhatan St & Bashford Ln","capacity":15}},{"type":"Feature","geometry":{"type":"Point","coordinates":[-77.08464,38.95827]},"properties":{"kind":"bikeshare","name":"Wisconsin Ave & Ingomar St NW","capacity":19}},{"type":"Feature","geometry":{"type":"Point","coordinates":[-76.99602,38.9224]},"properties":{"kind":"bikeshare","name":"MBT & Bryant St NE","capacity":19}},{"type":"Feature","geometry":{"type":"Point","coordinates":[-76.97483,38.89447]},"properties":{"kind":"bikeshare","name":"Oklahoma Ave & D St NE","capacity":19}},{"type":"Feature","geometry":{"type":"Point","coordinates":[-77.04245,38.90374]},"properties":{"kind":"bikeshare","name":"18th & L St NW","capacity":19}},{"type":"Feature","geometry":{"type":"Point","coordinates":[-77.01529,38.89941]},"properties":{"kind":"bikeshare","name":"3rd & H St NW","capacity":15}},{"type":"Feature","geometry":{"type":"Point","coordinates":[-76.98639,38.88406]},"properties":{"kind":"bikeshare","name":"14th & D St SE","capacity":19}},{"type":"Feature","geometry":{"type":"Point","coordinates":[-77.03741,38.87982]},"properties":{"kind":"bikeshare","name":"Jefferson Memorial","capacity":29}},{"type":"Feature","geometry":{"type":"Point","coordinates":[-77.00065,38.91908]},"properties":{"kind":"bikeshare","name":"4th & W St NE","capacity":15}},{"type":"Feature","geometry":{"type":"Point","coordinates":[-77.00035,38.88996]},"properties":{"kind":"bikeshare","name":"4th & East Capitol St NE","capacity":11}},{"type":"Feature","geometry":{"type":"Point","coordinates":[-77.03269,38.93802]},"properties":{"kind":"bikeshare","name":"14th & Quincy St NW","capacity":19}},{"type":"Feature","geometry":{"type":"Point","coordinates":[-77.02233,38.92478]},"properties":{"kind":"bikeshare","name":"Georgia Ave & Fairmont St NW","capacity":15}},{"type":"Feature","geometry":{"type":"Point","coordinates":[-77.04938,38.89054]},"properties":{"kind":"bikeshare","name":"Henry Bacon Dr & Lincoln Memorial Circle NW","capacity":21}},{"type":"Feature","geometry":{"type":"Point","coordinates":[-77.04891,38.90088]},"properties":{"kind":"bikeshare","name":"22nd & I St NW / Foggy Bottom","capacity":32}},{"type":"Feature","geometry":{"type":"Point","coordinates":[-77.05305,38.89846]},"properties":{"kind":"bikeshare","name":"Virginia Ave & 25th St NW","capacity":19}},{"type":"Feature","geometry":{"type":"Point","coordinates":[-77.07166,38.90784]},"properties":{"kind":"bikeshare","name":"37th & O St NW / Georgetown University","capacity":39}},{"type":"Feature","geometry":{"type":"Point","coordinates":[-77.02806,38.9011]},"properties":{"kind":"bikeshare","name":"12th St & New York Ave NW","capacity":27}},{"type":"Feature","geometry":{"type":"Point","coordinates":[-76.94729,38.90047]},"properties":{"kind":"bikeshare","name":"Kenilworth Terr & Hayes St. NE","capacity":19}},{"type":"Feature","geometry":{"type":"Point","coordinates":[-77.04069,38.81235]},"properties":{"kind":"bikeshare","name":"Madison St & Fairfax St","capacity":15}},{"type":"Feature","geometry":{"type":"Point","coordinates":[-77.04497,38.90704]},"properties":{"kind":"bikeshare","name":"20th & N St NW ","capacity":20}},{"type":"Feature","geometry":{"type":"Point","coordinates":[-76.93186,38.89854]},"properties":{"kind":"bikeshare","name":"Nannie Helen Burroughs Ave & 49th St NE","capacity":11}},{"type":"Feature","geometry":{"type":"Point","coordinates":[-77.01244,38.87621]},"properties":{"kind":"bikeshare","name":"King Greenleaf Rec Center","capacity":19}},{"type":"Feature","geometry":{"type":"Point","coordinates":[-77.01362,38.86635]},"properties":{"kind":"bikeshare","name":"2nd & U St SW","capacity":20}},{"type":"Feature","geometry":{"type":"Point","coordinates":[-77.04785,38.83344]},"properties":{"kind":"bikeshare","name":"Potomac Yard Metro South","capacity":15}},{"type":"Feature","geometry":{"type":"Point","coordinates":[-77.00813,38.83152]},"properties":{"kind":"bikeshare","name":"South Capitol & Atlantic St SW","capacity":11}},{"type":"Feature","geometry":{"type":"Point","coordinates":[-77.05949,38.85787]},"properties":{"kind":"bikeshare","name":"Aurora Hills Cmty Ctr / 18th St & S Hayes St","capacity":12}},{"type":"Feature","geometry":{"type":"Point","coordinates":[-77.10691,38.93584]},"properties":{"kind":"bikeshare","name":"Loughboro Rd & Dalecarlia Pkwy NW / Sibley Hospital","capacity":19}},{"type":"Feature","geometry":{"type":"Point","coordinates":[-77.01912,38.93714]},"properties":{"kind":"bikeshare","name":"Park Pl & Rock Creek Church Rd NW","capacity":19}},{"type":"Feature","geometry":{"type":"Point","coordinates":[-77.10937,38.88263]},"properties":{"kind":"bikeshare","name":"Fairfax Dr & N Randolph St","capacity":15}},{"type":"Feature","geometry":{"type":"Point","coordinates":[-77.0441,38.81272]},"properties":{"kind":"bikeshare","name":"St Asaph St & Madison St","capacity":15}},{"type":"Feature","geometry":{"type":"Point","coordinates":[-77.03169,38.89963]},"properties":{"kind":"bikeshare","name":"14th St & New York Ave NW","capacity":31}},{"type":"Feature","geometry":{"type":"Point","coordinates":[-77.02601,38.89303]},"properties":{"kind":"bikeshare","name":"10th St & Constitution Ave NW","capacity":47}},{"type":"Feature","geometry":{"type":"Point","coordinates":[-77.00644,38.94823]},"properties":{"kind":"bikeshare","name":"Fort Totten Dr & Crittenden St NE","capacity":8}},{"type":"Feature","geometry":{"type":"Point","coordinates":[-76.98585,38.91099]},"properties":{"kind":"bikeshare","name":"Capitol Ave & Kendall St NE","capacity":19}},{"type":"Feature","geometry":{"type":"Point","coordinates":[-77.01102,38.87926]},"properties":{"kind":"bikeshare","name":"Half & I St SW ","capacity":19}},{"type":"Feature","geometry":{"type":"Point","coordinates":[-77.00105,38.86515]},"properties":{"kind":"bikeshare","name":"Howard Rd & Suitland Pkwy SE","capacity":16}},{"type":"Feature","geometry":{"type":"Point","coordinates":[-77.01381,38.86374]},"properties":{"kind":"bikeshare","name":"2nd & V St SW / James Creek Marina","capacity":19}},{"type":"Feature","geometry":{"type":"Point","coordinates":[-76.98236,38.87069]},"properties":{"kind":"bikeshare","name":"16th & Q St SE / Anacostia HS","capacity":12}},{"type":"Feature","geometry":{"type":"Point","coordinates":[-77.086,38.96176]},"properties":{"kind":"bikeshare","name":"Friendship Hts Metro / Wisconsin Ave & Wisconsin Cir","capacity":19}},{"type":"Feature","geometry":{"type":"Point","coordinates":[-77.0837,38.93032]},"properties":{"kind":"bikeshare","name":"New Mexico & Cathedral Ave NW","capacity":15}},{"type":"Feature","geometry":{"type":"Point","coordinates":[-76.9649,38.9252]},"properties":{"kind":"bikeshare","name":"South Dakota Ave & Bladensburg Rd NE","capacity":11}},{"type":"Feature","geometry":{"type":"Point","coordinates":[-77.06198,38.94114]},"properties":{"kind":"bikeshare","name":"Connecticut Ave & Tilden St NW","capacity":15}},{"type":"Feature","geometry":{"type":"Point","coordinates":[-77.08209,38.89256]},"properties":{"kind":"bikeshare","name":"Wilson Blvd & N Troy St","capacity":15}},{"type":"Feature","geometry":{"type":"Point","coordinates":[-77.03964,38.8983]},"properties":{"kind":"bikeshare","name":"17th & G St NW","capacity":35}},{"type":"Feature","geometry":{"type":"Point","coordinates":[-77.04645,38.90071]},"properties":{"kind":"bikeshare","name":"21st & I St NW","capacity":47}},{"type":"Feature","geometry":{"type":"Point","coordinates":[-77.05753,38.93363]},"properties":{"kind":"bikeshare","name":"Connecticut Ave & Macomb St NW / Cleveland Park","capacity":11}},{"type":"Feature","geometry":{"type":"Point","coordinates":[-77.10338,38.96499]},"properties":{"kind":"bikeshare","name":"River Rd & Landy Ln","capacity":19}},{"type":"Feature","geometry":{"type":"Point","coordinates":[-77.02912,38.99526]},"properties":{"kind":"bikeshare","name":"Silver Spring Metro / Colesville Rd & Wayne Ave","capacity":19}},{"type":"Feature","geometry":{"type":"Point","coordinates":[-76.99351,38.93785]},"properties":{"kind":"bikeshare","name":"10th & Quincy St NE / Turkey Thicket Rec","capacity":19}},{"type":"Feature","geometry":{"type":"Point","coordinates":[-77.02389,38.99744]},"properties":{"kind":"bikeshare","name":"Veterans Pl & Pershing Dr ","capacity":11}},{"type":"Feature","geometry":{"type":"Point","coordinates":[-77.03226,38.91555]},"properties":{"kind":"bikeshare","name":"14th & T St NW","capacity":23}},{"type":"Feature","geometry":{"type":"Point","coordinates":[-77.01822,38.94202]},"properties":{"kind":"bikeshare","name":"Grant Circle","capacity":19}},{"type":"Feature","geometry":{"type":"Point","coordinates":[-77.01686,38.97522]},"properties":{"kind":"bikeshare","name":"Takoma Metro","capacity":20}},{"type":"Feature","geometry":{"type":"Point","coordinates":[-77.11456,38.87948]},"properties":{"kind":"bikeshare","name":"Wilson Blvd & N Vermont St","capacity":12}},{"type":"Feature","geometry":{"type":"Point","coordinates":[-76.9784,38.86578]},"properties":{"kind":"bikeshare","name":"Anacostia Library","capacity":11}},{"type":"Feature","geometry":{"type":"Point","coordinates":[-76.97719,38.88548]},"properties":{"kind":"bikeshare","name":"Stadium Armory Metro","capacity":19}},{"type":"Feature","geometry":{"type":"Point","coordinates":[-77.06282,38.82006]},"properties":{"kind":"bikeshare","name":"Commonwealth Ave & E Monroe Ave","capacity":15}},{"type":"Feature","geometry":{"type":"Point","coordinates":[-76.98357,38.88732]},"properties":{"kind":"bikeshare","name":"15th St & Massachusetts Ave SE","capacity":15}},{"type":"Feature","geometry":{"type":"Point","coordinates":[-76.97952,38.93293]},"properties":{"kind":"bikeshare","name":"18th & Monroe St NE","capacity":16}},{"type":"Feature","geometry":{"type":"Point","coordinates":[-77.04873,38.90939]},"properties":{"kind":"bikeshare","name":"22nd & P ST NW","capacity":24}},{"type":"Feature","geometry":{"type":"Point","coordinates":[-77.09526,38.88701]},"properties":{"kind":"bikeshare","name":"Clarendon Metro / Wilson Blvd & N Highland St","capacity":21}},{"type":"Feature","geometry":{"type":"Point","coordinates":[-77.0429,38.9003]},"properties":{"kind":"bikeshare","name":"19th St & Pennsylvania Ave NW","capacity":15}},{"type":"Feature","geometry":{"type":"Point","coordinates":[-76.98185,38.84627]},"properties":{"kind":"bikeshare","name":"Alabama Ave & Stanton Rd SE / Shops at Park Village","capacity":19}},{"type":"Feature","geometry":{"type":"Point","coordinates":[-77.02418,38.93668]},"properties":{"kind":"bikeshare","name":"Georgia & New Hampshire Ave NW","capacity":19}},{"type":"Feature","geometry":{"type":"Point","coordinates":[-77.08923,38.87376]},"properties":{"kind":"bikeshare","name":"Arlington Blvd & N Fillmore St","capacity":12}},{"type":"Feature","geometry":{"type":"Point","coordinates":[-77.02697,38.89786]},"properties":{"kind":"bikeshare","name":"11th & F St NW","capacity":28}},{"type":"Feature","geometry":{"type":"Point","coordinates":[-77.0323,38.9086]},"properties":{"kind":"bikeshare","name":"14th St & Rhode Island Ave NW","capacity":31}},{"type":"Feature","geometry":{"type":"Point","coordinates":[-77.01727,38.91417]},"properties":{"kind":"bikeshare","name":"Florida & Rhode Island Ave NW","capacity":16}},{"type":"Feature","geometry":{"type":"Point","coordinates":[-77.04895,38.89244]},"properties":{"kind":"bikeshare","name":"22nd St & Constitution Ave NW","capacity":24}},{"type":"Feature","geometry":{"type":"Point","coordinates":[-77.01597,38.91762]},"properties":{"kind":"bikeshare","name":"3rd & Elm St NW","capacity":24}},{"type":"Feature","geometry":{"type":"Point","coordinates":[-77.03338,38.89646]},"properties":{"kind":"bikeshare","name":"15th St & Pennsylvania Ave NW","capacity":19}},{"type":"Feature","geometry":{"type":"Point","coordinates":[-77.08507,38.82479]},"properties":{"kind":"bikeshare","name":"King St & Kenwood Ave","capacity":16}},{"type":"Feature","geometry":{"type":"Point","coordinates":[-76.98287,38.90041]},"properties":{"kind":"bikeshare","name":"Bladensburg Rd & Benning Rd NE","capacity":15}},{"type":"Feature","geometry":{"type":"Point","coordinates":[-76.9266,38.87958]},"properties":{"kind":"bikeshare","name":"Woody Ward Rec Center","capacity":15}},{"type":"Feature","geometry":{"type":"Point","coordinates":[-77.08866,38.96115]},"properties":{"kind":"bikeshare","name":"Friendship Blvd & Willard Ave","capacity":19}},{"type":"Feature","geometry":{"type":"Point","coordinates":[-76.99602,38.89222]},"properties":{"kind":"bikeshare","name":"7th St & Massachusetts Ave NE","capacity":19}},{"type":"Feature","geometry":{"type":"Point","coordinates":[-77.03825,38.91554]},"properties":{"kind":"bikeshare","name":"New Hampshire Ave & T St NW","capacity":23}},{"type":"Feature","geometry":{"type":"Point","coordinates":[-77.04981,38.85333]},"properties":{"kind":"bikeshare","name":"Crystal Dr & 23rd St S","capacity":17}},{"type":"Feature","geometry":{"type":"Point","coordinates":[-77.04513,38.89472]},"properties":{"kind":"bikeshare","name":"20th St & Virginia Ave NW","capacity":15}},{"type":"Feature","geometry":{"type":"Point","coordinates":[-77.03222,38.92855]},"properties":{"kind":"bikeshare","name":"14th & Irving St NW","capacity":40}},{"type":"Feature","geometry":{"type":"Point","coordinates":[-77.00249,38.87497]},"properties":{"kind":"bikeshare","name":"3rd & Tingey St SE","capacity":24}},{"type":"Feature","geometry":{"type":"Point","coordinates":[-76.98831,38.98265]},"properties":{"kind":"bikeshare","name":"Takoma Park Rec Center","capacity":15}},{"type":"Feature","geometry":{"type":"Point","coordinates":[-77.03296,38.93199]},"properties":{"kind":"bikeshare","name":"14th & Newton St NW","capacity":19}},{"type":"Feature","geometry":{"type":"Point","coordinates":[-77.04947,38.81349]},"properties":{"kind":"bikeshare","name":"Madison St & N Henry St","capacity":15}},{"type":"Feature","geometry":{"type":"Point","coordinates":[-77.11894,38.842]},"properties":{"kind":"bikeshare","name":"George Mason Dr & Seminary Rd","capacity":11}},{"type":"Feature","geometry":{"type":"Point","coordinates":[-77.00825,38.90244]},"properties":{"kind":"bikeshare","name":"North Capitol & K St NE","capacity":19}},{"type":"Feature","geometry":{"type":"Point","coordinates":[-77.06996,38.95502]},"properties":{"kind":"bikeshare","name":"Connecticut & Nebraska Ave NW","capacity":23}},{"type":"Feature","geometry":{"type":"Point","coordinates":[-77.02717,38.9182]},"properties":{"kind":"bikeshare","name":"11th & V St NW","capacity":18}},{"type":"Feature","geometry":{"type":"Point","coordinates":[-77.02622,38.9024]},"properties":{"kind":"bikeshare","name":"10th & K St NW","capacity":24}},{"type":"Feature","geometry":{"type":"Point","coordinates":[-77.05377,38.79756]},"properties":{"kind":"bikeshare","name":"Lee Center","capacity":15}},{"type":"Feature","geometry":{"type":"Point","coordinates":[-77.06342,38.86331]},"properties":{"kind":"bikeshare","name":"Pentagon Row Plaza / Army Navy Dr & Joyce St","capacity":16}},{"type":"Feature","geometry":{"type":"Point","coordinates":[-77.02155,38.94796]},"properties":{"kind":"bikeshare","name":"Kansas Ave & Sherman Cr NW","capacity":19}},{"type":"Feature","geometry":{"type":"Point","coordinates":[-77.11298,38.87669]},"properties":{"kind":"bikeshare","name":"Carlin Springs Rd & N Thomas St","capacity":15}},{"type":"Feature","geometry":{"type":"Point","coordinates":[-77.03951,38.86503]},"properties":{"kind":"bikeshare","name":"Gravelly Point","capacity":17}},{"type":"Feature","geometry":{"type":"Point","coordinates":[-77.07857,38.89399]},"properties":{"kind":"bikeshare","name":"Wilson Blvd & N Quinn St","capacity":17}},{"type":"Feature","geometry":{"type":"Point","coordinates":[-77.11255,38.84713]},"properties":{"kind":"bikeshare","name":"Wakefield High School","capacity":12}},{"type":"Feature","geometry":{"type":"Point","coordinates":[-77.00216,38.87682]},"properties":{"kind":"bikeshare","name":"3rd & M St SE","capacity":23}},{"type":"Feature","geometry":{"type":"Point","coordinates":[-77.0449,38.92398]},"properties":{"kind":"bikeshare","name":"Adams Mill Rd & Ontario Pl NW Walter Pierce Park","capacity":20}},{"type":"Feature","geometry":{"type":"Point","coordinates":[-76.97093,38.87877]},"properties":{"kind":"bikeshare","name":"Anacostia Roller Skating Pavilion","capacity":19}},{"type":"Feature","geometry":{"type":"Point","coordinates":[-76.99536,38.88418]},"properties":{"kind":"bikeshare","name":"Eastern Market Metro","capacity":32}},{"type":"Feature","geometry":{"type":"Point","coordinates":[-77.09079,38.88081]},"properties":{"kind":"bikeshare","name":"Washington Blvd & 7th St N","capacity":12}},{"type":"Feature","geometry":{"type":"Point","coordinates":[-77.05854,38.82595]},"properties":{"kind":"bikeshare","name":"Mount Vernon Ave & E Del Ray Ave","capacity":15}},{"type":"Feature","geometry":{"type":"Point","coordinates":[-77.0846,38.8917]},"properties":{"kind":"bikeshare","name":"Wilson Blvd & N Uhle St","capacity":15}},{"type":"Feature","geometry":{"type":"Point","coordinates":[-77.05982,38.80704]},"properties":{"kind":"bikeshare","name":"King St Metro North / Cameron St","capacity":15}},{"type":"Feature","geometry":{"type":"Point","coordinates":[-77.04409,38.87056]},"properties":{"kind":"bikeshare","name":"Long Bridge Aquatic Center","capacity":12}},{"type":"Feature","geometry":{"type":"Point","coordinates":[-77.05428,38.86284]},"properties":{"kind":"bikeshare","name":"Eads St & 12th St S","capacity":21}},{"type":"Feature","geometry":{"type":"Point","coordinates":[-77.04592,38.8529]},"properties":{"kind":"bikeshare","name":"National Airport","capacity":19}},{"type":"Feature","geometry":{"type":"Point","coordinates":[-77.00195,38.88738]},"properties":{"kind":"bikeshare","name":"3rd St & Pennsylvania Ave SE","capacity":16}},{"type":"Feature","geometry":{"type":"Point","coordinates":[-77.03238,38.92528]},"properties":{"kind":"bikeshare","name":"14th & Girard St NW","capacity":23}},{"type":"Feature","geometry":{"type":"Point","coordinates":[-77.09775,38.8858]},"properties":{"kind":"bikeshare","name":"Fairfax Dr & Wilson Blvd","capacity":12}},{"type":"Feature","geometry":{"type":"Point","coordinates":[-77.04942,38.86106]},"properties":{"kind":"bikeshare","name":"Crystal Dr & 15th St S","capacity":16}},{"type":"Feature","geometry":{"type":"Point","coordinates":[-77.045,38.8963]},"properties":{"kind":"bikeshare","name":"20th & E St NW","capacity":15}},{"type":"Feature","geometry":{"type":"Point","coordinates":[-76.97703,38.84623]},"properties":{"kind":"bikeshare","name":"19th & Savannah St SE","capacity":11}},{"type":"Feature","geometry":{"type":"Point","coordinates":[-77.04183,38.91127]},"properties":{"kind":"bikeshare","name":"18th & New Hampshire Ave NW","capacity":19}},{"type":"Feature","geometry":{"type":"Point","coordinates":[-77.06309,38.84129]},"properties":{"kind":"bikeshare","name":"Mount Vernon Ave & Bruce St","capacity":15}},{"type":"Feature","geometry":{"type":"Point","coordinates":[-77.03335,38.89903]},"properties":{"kind":"bikeshare","name":"15th St & New York Ave NW","capacity":23}},{"type":"Feature","geometry":{"type":"Point","coordinates":[-77.10994,38.81219]},"properties":{"kind":"bikeshare","name":"Duke St & Jordan St","capacity":16}},{"type":"Feature","geometry":{"type":"Point","coordinates":[-77.06607,38.91218]},"properties":{"kind":"bikeshare","name":"33rd St & Wisconsin Ave NW","capacity":19}},{"type":"Feature","geometry":{"type":"Point","coordinates":[-77.03188,38.91067]},"properties":{"kind":"bikeshare","name":"14th & Q St NW","capacity":19}},{"type":"Feature","geometry":{"type":"Point","coordinates":[-77.0319,38.89816]},"properties":{"kind":"bikeshare","name":"14th & G St NW","capacity":23}},{"type":"Feature","geometry":{"type":"Point","coordinates":[-77.07721,38.88925]},"properties":{"kind":"bikeshare","name":"Arlington Blvd & N Queen St","capacity":15}},{"type":"Feature","geometry":{"type":"Point","coordinates":[-76.91319,38.88852]},"properties":{"kind":"bikeshare","name":"Capitol Heights Metro","capacity":19}},{"type":"Feature","geometry":{"type":"Point","coordinates":[-77.11682,38.88392]},"properties":{"kind":"bikeshare","name":"Glebe Rd & 11th St N","capacity":12}},{"type":"Feature","geometry":{"type":"Point","coordinates":[-77.04337,38.89573]},"properties":{"kind":"bikeshare","name":"19th & E Street NW","capacity":11}},{"type":"Feature","geometry":{"type":"Point","coordinates":[-77.1195,38.80333]},"properties":{"kind":"bikeshare","name":"Eisenhower Ave & Warburton St","capacity":11}},{"type":"Feature","geometry":{"type":"Point","coordinates":[-77.0487,38.79813]},"properties":{"kind":"bikeshare","name":"Franklin St & S Washington St","capacity":19}},{"type":"Feature","geometry":{"type":"Point","coordinates":[-77.02708,38.91367]},"properties":{"kind":"bikeshare","name":"11th & S St NW","capacity":23}},{"type":"Feature","geometry":{"type":"Point","coordinates":[-77.03323,38.89224]},"properties":{"kind":"bikeshare","name":"15th St & Constitution Ave NW","capacity":20}},{"type":"Feature","geometry":{"type":"Point","coordinates":[-77.04062,38.91776]},"properties":{"kind":"bikeshare","name":"California St & Florida Ave NW","capacity":19}},{"type":"Feature","geometry":{"type":"Point","coordinates":[-76.99917,38.90729]},"properties":{"kind":"bikeshare","name":"5th & Morse St NE","capacity":19}},{"type":"Feature","geometry":{"type":"Point","coordinates":[-77.05348,38.90383]},"properties":{"kind":"bikeshare","name":"25th St & Pennsylvania Ave NW","capacity":15}},{"type":"Feature","geometry":{"type":"Point","coordinates":[-77.04479,38.90358]},"properties":{"kind":"bikeshare","name":"20th & L St NW","capacity":24}},{"type":"Feature","geometry":{"type":"Point","coordinates":[-77.0259,38.9172]},"properties":{"kind":"bikeshare","name":"10th & U St NW","capacity":19}},{"type":"Feature","geometry":{"type":"Point","coordinates":[-77.02174,38.88345]},"properties":{"kind":"bikeshare","name":"7th & E St SW","capacity":20}},{"type":"Feature","geometry":{"type":"Point","coordinates":[-77.04079,38.92409]},"properties":{"kind":"bikeshare","name":"Columbia & Ontario Rd NW","capacity":28}},{"type":"Feature","geometry":{"type":"Point","coordinates":[-77.0634,38.79055]},"properties":{"kind":"bikeshare","name":"Huntington Ave & Old Richmond Hwy ","capacity":11}},{"type":"Feature","geometry":{"type":"Point","coordinates":[-77.05982,38.83308]},"properties":{"kind":"bikeshare","name":"Mount Vernon Ave & Kennedy St","capacity":15}},{"type":"Feature","geometry":{"type":"Point","coordinates":[-77.06512,38.94716]},"properties":{"kind":"bikeshare","name":"Connecticut Ave & Yuma St NW","capacity":19}},{"type":"Feature","geometry":{"type":"Point","coordinates":[-76.99592,38.96174]},"properties":{"kind":"bikeshare","name":"Chillum Rd & Riggs Rd / Riggs Plaza","capacity":15}},{"type":"Feature","geometry":{"type":"Point","coordinates":[-77.0021,38.92414]},"properties":{"kind":"bikeshare","name":"Edgewood Rec Center","capacity":15}},{"type":"Feature","geometry":{"type":"Point","coordinates":[-76.9599,38.8692]},"properties":{"kind":"bikeshare","name":"Branch & Pennsylvania Ave SE","capacity":15}},{"type":"Feature","geometry":{"type":"Point","coordinates":[-77.02567,38.92039]},"properties":{"kind":"bikeshare","name":"10th St & Florida Ave NW","capacity":24}},{"type":"Feature","geometry":{"type":"Point","coordinates":[-77.04502,38.90155]},"properties":{"kind":"bikeshare","name":"20th & I St NW","capacity":24}},{"type":"Feature","geometry":{"type":"Point","coordinates":[-76.94528,38.87035]},"properties":{"kind":"bikeshare","name":"41st St & Alabama Ave SE / Fort Davis Rec","capacity":15}},{"type":"Feature","geometry":{"type":"Point","coordinates":[-77.03467,38.90542]},"properties":{"kind":"bikeshare","name":"15th & M St NW","capacity":20}},{"type":"Feature","geometry":{"type":"Point","coordinates":[-77.10366,38.92729]},"properties":{"kind":"bikeshare","name":"Arizona Ave & MacArthur Blvd NW","capacity":15}},{"type":"Feature","geometry":{"type":"Point","coordinates":[-77.0177,38.88637]},"properties":{"kind":"bikeshare","name":"4th & C St SW","capacity":48}},{"type":"Feature","geometry":{"type":"Point","coordinates":[-77.01611,38.89534]},"properties":{"kind":"bikeshare","name":"4th & D St NW / Judiciary Square","capacity":15}},{"type":"Feature","geometry":{"type":"Point","coordinates":[-77.08085,38.89761]},"properties":{"kind":"bikeshare","name":"Langston Blvd & N Scott St","capacity":16}},{"type":"Feature","geometry":{"type":"Point","coordinates":[-77.04988,38.80532]},"properties":{"kind":"bikeshare","name":"King St & Patrick St","capacity":15}},{"type":"Feature","geometry":{"type":"Point","coordinates":[-77.07517,38.84809]},"properties":{"kind":"bikeshare","name":"S Troy St & 26th St S","capacity":12}},{"type":"Feature","geometry":{"type":"Point","coordinates":[-77.00647,38.97793]},"properties":{"kind":"bikeshare","name":"Carroll & Ethan Allen Ave","capacity":15}},{"type":"Feature","geometry":{"type":"Point","coordinates":[-77.06087,38.80438]},"properties":{"kind":"bikeshare","name":"Duke St & John Carlyle St","capacity":15}},{"type":"Feature","geometry":{"type":"Point","coordinates":[-77.04015,38.81466]},"properties":{"kind":"bikeshare","name":"Canal Center Plaza & Fairfax St","capacity":15}},{"type":"Feature","geometry":{"type":"Point","coordinates":[-77.07145,38.89609]},"properties":{"kind":"bikeshare","name":"Rosslyn Metro / Wilson Blvd & N Moore St","capacity":21}},{"type":"Feature","geometry":{"type":"Point","coordinates":[-76.99102,38.93367]},"properties":{"kind":"bikeshare","name":"12th & Newton St NE","capacity":11}},{"type":"Feature","geometry":{"type":"Point","coordinates":[-76.9955,38.9346]},"properties":{"kind":"bikeshare","name":"John McCormack Rd & Michigan Ave NE","capacity":11}},{"type":"Feature","geometry":{"type":"Point","coordinates":[-77.11895,38.84664]},"properties":{"kind":"bikeshare","name":"Route 7 & Jefferson Dr","capacity":11}},{"type":"Feature","geometry":{"type":"Point","coordinates":[-77.04478,38.9089]},"properties":{"kind":"bikeshare","name":"20th & O St NW / Dupont South","capacity":35}},{"type":"Feature","geometry":{"type":"Point","coordinates":[-76.99183,38.94831]},"properties":{"kind":"bikeshare","name":"South Dakota Ave & Decatur St NE ","capacity":15}},{"type":"Feature","geometry":{"type":"Point","coordinates":[-76.93525,38.87298]},"properties":{"kind":"bikeshare","name":"Ridge Rd & Southern Ave SE","capacity":15}},{"type":"Feature","geometry":{"type":"Point","coordinates":[-76.9953,38.8792]},"properties":{"kind":"bikeshare","name":"8th & Eye St SE / Barracks Row","capacity":11}},{"type":"Feature","geometry":{"type":"Point","coordinates":[-77.00981,38.92361]},"properties":{"kind":"bikeshare","name":"North Capitol & Douglas St NW / Reservoir Park Rec ","capacity":19}},{"type":"Feature","geometry":{"type":"Point","coordinates":[-77.0682,38.91644]},"properties":{"kind":"bikeshare","name":"34th St & Wisconsin Ave NW","capacity":15}},{"type":"Feature","geometry":{"type":"Point","coordinates":[-77.04542,38.91473]},"properties":{"kind":"bikeshare","name":"20th St & Florida Ave NW","capacity":15}},{"type":"Feature","geometry":{"type":"Point","coordinates":[-77.10774,38.87639]},"properties":{"kind":"bikeshare","name":"N Quincy St & Glebe Rd","capacity":12}},{"type":"Feature","geometry":{"type":"Point","coordinates":[-76.94098,38.87623]},"properties":{"kind":"bikeshare","name":"Ridge Rd Community Center","capacity":19}},{"type":"Feature","geometry":{"type":"Point","coordinates":[-77.08593,38.8444]},"properties":{"kind":"bikeshare","name":"S Four Mile Run Dr & Shirlington Rd","capacity":12}},{"type":"Feature","geometry":{"type":"Point","coordinates":[-77.02796,38.89833]},"properties":{"kind":"bikeshare","name":"Metro Center / 12th & G St NW","capacity":39}},{"type":"Feature","geometry":{"type":"Point","coordinates":[-77.10998,38.81136]},"properties":{"kind":"bikeshare","name":"S Jordan St & Venable St","capacity":15}},{"type":"Feature","geometry":{"type":"Point","coordinates":[-77.0055,38.82448]},"properties":{"kind":"bikeshare","name":"1st & S Capitol St SE / Oxon Run Trail","capacity":19}},{"type":"Feature","geometry":{"type":"Point","coordinates":[-77.07495,38.79724]},"properties":{"kind":"bikeshare","name":"Huntington Ave & Metroview Pkwy","capacity":11}},{"type":"Feature","geometry":{"type":"Point","coordinates":[-76.99272,38.89998]},"properties":{"kind":"bikeshare","name":"10th & H St NE","capacity":19}},{"type":"Feature","geometry":{"type":"Point","coordinates":[-77.00573,38.87885]},"properties":{"kind":"bikeshare","name":"1st & I St SE","capacity":23}},{"type":"Feature","geometry":{"type":"Point","coordinates":[-77.02398,38.89428]},"properties":{"kind":"bikeshare","name":"9th St & Pennsylvania Ave NW","capacity":27}},{"type":"Feature","geometry":{"type":"Point","coordinates":[-77.07231,38.8946]},"properties":{"kind":"bikeshare","name":"Wilson Blvd & Ft Myer Dr","capacity":19}},{"type":"Feature","geometry":{"type":"Point","coordinates":[-77.11634,38.85705]},"properties":{"kind":"bikeshare","name":"8th Rd & S Frederick St","capacity":12}},{"type":"Feature","geometry":{"type":"Point","coordinates":[-76.97192,38.91263]},"properties":{"kind":"bikeshare","name":"24th & R St NE / National Arboretum","capacity":19}},{"type":"Feature","geometry":{"type":"Point","coordinates":[-77.0387,38.9121]},"properties":{"kind":"bikeshare","name":"17th & Corcoran St NW","capacity":19}},{"type":"Feature","geometry":{"type":"Point","coordinates":[-77.07619,38.88767]},"properties":{"kind":"bikeshare","name":"12th St N & Fort Myer Dr.","capacity":15}},{"type":"Feature","geometry":{"type":"Point","coordinates":[-77.00517,38.85312]},"properties":{"kind":"bikeshare","name":"St. Elizabeths West Campus/DHS\u00a0","capacity":19}},{"type":"Feature","geometry":{"type":"Point","coordinates":[-77.04339,38.90163]},"properties":{"kind":"bikeshare","name":"19th & I St NW","capacity":23}},{"type":"Feature","geometry":{"type":"Point","coordinates":[-77.01767,38.91266]},"properties":{"kind":"bikeshare","name":"New Jersey Ave & R St NW","capacity":16}},{"type":"Feature","geometry":{"type":"Point","coordinates":[-76.99359,38.83665]},"properties":{"kind":"bikeshare","name":"Valley Ave & Wheeler Rd SE","capacity":19}},{"type":"Feature","geometry":{"type":"Point","coordinates":[-77.09788,38.99938]},"properties":{"kind":"bikeshare","name":"Medical Center Metro ","capacity":19}},{"type":"Feature","geometry":{"type":"Point","coordinates":[-77.06895,38.84297]},"properties":{"kind":"bikeshare","name":"Four Mile Rd & Milan Dr","capacity":15}},{"type":"Feature","geometry":{"type":"Point","coordinates":[-77.03524,38.92147]},"properties":{"kind":"bikeshare","name":"15th & Chapin St NW","capacity":11}},{"type":"Feature","geometry":{"type":"Point","coordinates":[-77.08898,38.82767]},"properties":{"kind":"bikeshare","name":"King St & W Braddock Rd","capacity":15}},{"type":"Feature","geometry":{"type":"Point","coordinates":[-77.08022,38.94981]},"properties":{"kind":"bikeshare","name":"Wisconsin Ave & Brandywine St NW","capacity":25}},{"type":"Feature","geometry":{"type":"Point","coordinates":[-77.01536,38.90733]},"properties":{"kind":"bikeshare","name":"New Jersey Ave & N St NW/Dunbar HS","capacity":20}},{"type":"Feature","geometry":{"type":"Point","coordinates":[-77.11107,38.88828]},"properties":{"kind":"bikeshare","name":"Washington-Liberty High School / N Stafford St & Generals Way","capacity":15}},{"type":"Feature","geometry":{"type":"Point","coordinates":[-77.022,38.91614]},"properties":{"kind":"bikeshare","name":"7th St & Florida Ave NW","capacity":15}},{"type":"Feature","geometry":{"type":"Point","coordinates":[-77.06928,38.84622]},"properties":{"kind":"bikeshare","name":"28th St & S Meade St","capacity":15}},{"type":"Feature","geometry":{"type":"Point","coordinates":[-77.07517,38.79555]},"properties":{"kind":"bikeshare","name":"Huntington Metro North","capacity":19}},{"type":"Feature","geometry":{"type":"Point","coordinates":[-76.99938,38.84323]},"properties":{"kind":"bikeshare","name":"Alabama & MLK Ave SE","capacity":11}},{"type":"Feature","geometry":{"type":"Point","coordinates":[-77.00631,38.98363]},"properties":{"kind":"bikeshare","name":"Maple & Ritchie Ave","capacity":19}},{"type":"Feature","geometry":{"type":"Point","coordinates":[-77.11177,38.88104]},"properties":{"kind":"bikeshare","name":"Ballston Metro / Stuart St & 9th St N","capacity":23}},{"type":"Feature","geometry":{"type":"Point","coordinates":[-77.0713,38.88992]},"properties":{"kind":"bikeshare","name":"Iwo Jima Memorial / Meade & 14th St N","capacity":19}},{"type":"Feature","geometry":{"type":"Point","coordinates":[-77.09388,38.82015]},"properties":{"kind":"bikeshare","name":"Virginia Theological Seminary","capacity":11}},{"type":"Feature","geometry":{"type":"Point","coordinates":[-77.04433,38.89411]},"properties":{"kind":"bikeshare","name":"Virginia Ave & C St NW","capacity":15}},{"type":"Feature","geometry":{"type":"Point","coordinates":[-77.09803,38.98954]},"properties":{"kind":"bikeshare","name":"Cordell & Norfolk Ave","capacity":11}},{"type":"Feature","geometry":{"type":"Point","coordinates":[-77.07596,38.79219]},"properties":{"kind":"bikeshare","name":"Huntington Metro South","capacity":19}},{"type":"Feature","geometry":{"type":"Point","coordinates":[-76.99148,38.88591]},"properties":{"kind":"bikeshare","name":"11th & C St SE","capacity":19}},{"type":"Feature","geometry":{"type":"Point","coordinates":[-77.01055,38.86628]},"properties":{"kind":"bikeshare","name":"Half & Water St SW","capacity":15}},{"type":"Feature","geometry":{"type":"Point","coordinates":[-77.0321,38.91776]},"properties":{"kind":"bikeshare","name":"14th & V St NW","capacity":31}},{"type":"Feature","geometry":{"type":"Point","coordinates":[-76.96808,38.95535]},"properties":{"kind":"bikeshare","name":"West Hyattsville Metro","capacity":17}},{"type":"Feature","geometry":{"type":"Point","coordinates":[-77.01046,38.96235]},"properties":{"kind":"bikeshare","name":"Kansas Ave & Blair Rd NW","capacity":20}},{"type":"Feature","geometry":{"type":"Point","coordinates":[-77.0517,38.85779]},"properties":{"kind":"bikeshare","name":"Crystal City Metro / 18th St & S Bell St","capacity":19}},{"type":"Feature","geometry":{"type":"Point","coordinates":[-77.02268,38.91772]},"properties":{"kind":"bikeshare","name":"8th & V St NW","capacity":19}},{"type":"Feature","geometry":{"type":"Point","coordinates":[-77.02309,38.8997]},"properties":{"kind":"bikeshare","name":"8th & H St NW","capacity":33}},{"type":"Feature","geometry":{"type":"Point","coordinates":[-77.0889,38.8904]},"properties":{"kind":"bikeshare","name":"Wilson Blvd & N Franklin Rd","capacity":12}},{"type":"Feature","geometry":{"type":"Point","coordinates":[-77.02942,38.987]},"properties":{"kind":"bikeshare","name":"13th St & Eastern Ave","capacity":15}},{"type":"Feature","geometry":{"type":"Point","coordinates":[-77.03023,38.87843]},"properties":{"kind":"bikeshare","name":"Hains Point/Buckeye & Ohio Dr SW","capacity":17}},{"type":"Feature","geometry":{"type":"Point","coordinates":[-76.97852,38.86934]},"properties":{"kind":"bikeshare","name":"Minnesota Ave & R St SE","capacity":19}},{"type":"Feature","geometry":{"type":"Point","coordinates":[-77.0865,38.89692]},"properties":{"kind":"bikeshare","name":"N Veitch St & 20th St N","capacity":16}},{"type":"Feature","geometry":{"type":"Point","coordinates":[-77.04146,38.91913]},"properties":{"kind":"bikeshare","name":"18th St & Wyoming Ave NW","capacity":24}},{"type":"Feature","geometry":{"type":"Point","coordinates":[-77.0177,38.88112]},"properties":{"kind":"bikeshare","name":"4th & G St SW","capacity":19}},{"type":"Feature","geometry":{"type":"Point","coordinates":[-77.02713,38.92564]},"properties":{"kind":"bikeshare","name":"11th & Girard St NW","capacity":19}},{"type":"Feature","geometry":{"type":"Point","coordinates":[-77.06359,38.90849]},"properties":{"kind":"bikeshare","name":"Wisconsin Ave & O St NW","capacity":24}},{"type":"Feature","geometry":{"type":"Point","coordinates":[-77.01162,38.89711]},"properties":{"kind":"bikeshare","name":"New Jersey Ave & F St NW","capacity":33}},{"type":"Feature","geometry":{"type":"Point","coordinates":[-77.03872,38.99568]},"properties":{"kind":"bikeshare","name":"East West Hwy & 16th St","capacity":19}},{"type":"Feature","geometry":{"type":"Point","coordinates":[-77.09349,38.88473]},"properties":{"kind":"bikeshare","name":"Washington Blvd & 10th St N","capacity":15}},{"type":"Feature","geometry":{"type":"Point","coordinates":[-77.0135,38.9126]},"properties":{"kind":"bikeshare","name":"Florida Ave & R St NW","capacity":15}},{"type":"Feature","geometry":{"type":"Point","coordinates":[-77.0346,38.90397]},"properties":{"kind":"bikeshare","name":"15th & L St NW","capacity":27}},{"type":"Feature","geometry":{"type":"Point","coordinates":[-77.03351,38.96949]},"properties":{"kind":"bikeshare","name":"14th St & Luzon Ave NW","capacity":15}},{"type":"Feature","geometry":{"type":"Point","coordinates":[-76.9521,38.86559]},"properties":{"kind":"bikeshare","name":"Fairfax Village","capacity":11}},{"type":"Feature","geometry":{"type":"Point","coordinates":[-77.04282,38.81403]},"properties":{"kind":"bikeshare","name":"N Pitt St & Montgomery St","capacity":15}},{"type":"Feature","geometry":{"type":"Point","coordinates":[-76.92591,38.89741]},"properties":{"kind":"bikeshare","name":"Division Ave & Foote St NE","capacity":8}},{"type":"Feature","geometry":{"type":"Point","coordinates":[-77.08777,38.88496]},"properties":{"kind":"bikeshare","name":"Barton St & 10th St N","capacity":12}},{"type":"Feature","geometry":{"type":"Point","coordinates":[-77.00475,38.91815]},"properties":{"kind":"bikeshare","name":"Rhode Island Ave & V St NE","capacity":20}},{"type":"Feature","geometry":{"type":"Point","coordinates":[-76.9807,38.9725]},"properties":{"kind":"bikeshare","name":"Riggs Rd & East West Hwy","capacity":17}},{"type":"Feature","geometry":{"type":"Point","coordinates":[-77.02606,38.89591]},"properties":{"kind":"bikeshare","name":"10th & E St NW","capacity":20}},{"type":"Feature","geometry":{"type":"Point","coordinates":[-77.06675,38.86161]},"properties":{"kind":"bikeshare","name":"S Arlington Ridge Rd & S Lynn St","capacity":8}},{"type":"Feature","geometry":{"type":"Point","coordinates":[-77.10773,38.84155]},"properties":{"kind":"bikeshare","name":"N. Beauregard St. & Berkley St.","capacity":19}},{"type":"Feature","geometry":{"type":"Point","coordinates":[-77.02389,38.90662]},"properties":{"kind":"bikeshare","name":"9th & N St NW ","capacity":23}},{"type":"Feature","geometry":{"type":"Point","coordinates":[-77.08492,38.84845]},"properties":{"kind":"bikeshare","name":"S Kenmore St & 24th St S","capacity":12}},{"type":"Feature","geometry":{"type":"Point","coordinates":[-77.07613,38.86647]},"properties":{"kind":"bikeshare","name":"Rolfe St & 9th St S","capacity":12}},{"type":"Feature","geometry":{"type":"Point","coordinates":[-77.06328,38.85925]},"properties":{"kind":"bikeshare","name":"Joyce St & 16th St S","capacity":16}},{"type":"Feature","geometry":{"type":"Point","coordinates":[-77.0821,38.87322]},"properties":{"kind":"bikeshare","name":"Washington Blvd & Walter Reed Dr ","capacity":12}},{"type":"Feature","geometry":{"type":"Point","coordinates":[-77.0325,38.9059]},"properties":{"kind":"bikeshare","name":"Thomas Circle","capacity":33}},{"type":"Feature","geometry":{"type":"Point","coordinates":[-76.99016,38.9436]},"properties":{"kind":"bikeshare","name":"12th & Varnum St NE","capacity":15}},{"type":"Feature","geometry":{"type":"Point","coordinates":[-77.00462,38.91066]},"properties":{"kind":"bikeshare","name":"Eckington Pl & Q St NE","capacity":23}},{"type":"Feature","geometry":{"type":"Point","coordinates":[-77.09367,38.86034]},"properties":{"kind":"bikeshare","name":"Columbia Pike & Monroe St","capacity":12}},{"type":"Feature","geometry":{"type":"Point","coordinates":[-76.95569,38.92164]},"properties":{"kind":"bikeshare","name":"Fort Lincoln Dr & 33rd Pl NE","capacity":11}},{"type":"Feature","geometry":{"type":"Point","coordinates":[-76.99719,38.9275]},"properties":{"kind":"bikeshare","name":"Hamlin & 7th St NE","capacity":16}},{"type":"Feature","geometry":{"type":"Point","coordinates":[-76.96918,38.86166]},"properties":{"kind":"bikeshare","name":"Marion Barry Ave & Naylor Rd SE","capacity":19}},{"type":"Feature","geometry":{"type":"Point","coordinates":[-77.03625,38.92889]},"properties":{"kind":"bikeshare","name":"16th & Irving St NW","capacity":24}},{"type":"Feature","geometry":{"type":"Point","coordinates":[-77.0023,38.8851]},"properties":{"kind":"bikeshare","name":"3rd & D St SE","capacity":15}},{"type":"Feature","geometry":{"type":"Point","coordinates":[-77.08095,38.89054]},"properties":{"kind":"bikeshare","name":"15th St & N Scott St","capacity":15}},{"type":"Feature","geometry":{"type":"Point","coordinates":[-76.99475,38.89727]},"properties":{"kind":"bikeshare","name":"8th & F St NE","capacity":24}},{"type":"Feature","geometry":{"type":"Point","coordinates":[-77.00272,38.95237]},"properties":{"kind":"bikeshare","name":"Fort Totten Metro","capacity":24}},{"type":"Feature","geometry":{"type":"Point","coordinates":[-77.02392,38.8981]},"properties":{"kind":"bikeshare","name":"9th & G St NW","capacity":15}},{"type":"Feature","geometry":{"type":"Point","coordinates":[-77.06525,38.90551]},"properties":{"kind":"bikeshare","name":"Potomac & M St NW","capacity":24}},{"type":"Feature","geometry":{"type":"Point","coordinates":[-76.96005,38.93621]},"properties":{"kind":"bikeshare","name":"Perry & 35th St","capacity":15}},{"type":"Feature","geometry":{"type":"Point","coordinates":[-77.1003,38.8847]},"properties":{"kind":"bikeshare","name":"GMU/Fairfax Dr & Kenmore St","capacity":15}},{"type":"Feature","geometry":{"type":"Point","coordinates":[-77.03445,38.90114]},"properties":{"kind":"bikeshare","name":"Vermont Ave & I St NW","capacity":32}},{"type":"Feature","geometry":{"type":"Point","coordinates":[-77.09352,38.97987]},"properties":{"kind":"bikeshare","name":"Woodmont Ave & Strathmore St","capacity":15}},{"type":"Feature","geometry":{"type":"Point","coordinates":[-77.0956,38.86942]},"properties":{"kind":"bikeshare","name":"TJ Cmty Ctr / 2nd St & S Old Glebe Rd","capacity":12}},{"type":"Feature","geometry":{"type":"Point","coordinates":[-76.99721,38.90774]},"properties":{"kind":"bikeshare","name":"Union Market","capacity":24}},{"type":"Feature","geometry":{"type":"Point","coordinates":[-77.05341,38.85438]},"properties":{"kind":"bikeshare","name":"Eads St & 22nd St S","capacity":15}},{"type":"Feature","geometry":{"type":"Point","coordinates":[-77.01229,38.91542]},"properties":{"kind":"bikeshare","name":"1st & Rhode Island Ave NW","capacity":24}},{"type":"Feature","geometry":{"type":"Point","coordinates":[-77.00226,38.91121]},"properties":{"kind":"bikeshare","name":"Tanner Park","capacity":19}},{"type":"Feature","geometry":{"type":"Point","coordinates":[-77.04252,38.92285]},"properties":{"kind":"bikeshare","name":"Adams Mill & Columbia Rd NW","capacity":19}},{"type":"Feature","geometry":{"type":"Point","coordinates":[-76.99267,38.92249]},"properties":{"kind":"bikeshare","name":"10th St & Rhode Island Ave NE","capacity":19}},{"type":"Feature","geometry":{"type":"Point","coordinates":[-77.01631,38.99087]},"properties":{"kind":"bikeshare","name":"Sligo Ave & Carroll Ln","capacity":15}},{"type":"Feature","geometry":{"type":"Point","coordinates":[-77.1045,38.86944]},"properties":{"kind":"bikeshare","name":"Arlington Blvd & S George Mason Dr","capacity":12}},{"type":"Feature","geometry":{"type":"Point","coordinates":[-77.05183,38.92339]},"properties":{"kind":"bikeshare","name":"Woodley Park Metro / Calvert St & Connecticut Ave NW","capacity":23}},{"type":"Feature","geometry":{"type":"Point","coordinates":[-77.05373,38.81347]},"properties":{"kind":"bikeshare","name":"Braddock Rd Metro South","capacity":23}},{"type":"Feature","geometry":{"type":"Point","coordinates":[-76.98763,38.89483]},"properties":{"kind":"bikeshare","name":"13th & D St NE","capacity":35}},{"type":"Feature","geometry":{"type":"Point","coordinates":[-77.00607,38.87689]},"properties":{"kind":"bikeshare","name":"1st & M St SE","capacity":39}},{"type":"Feature","geometry":{"type":"Point","coordinates":[-77.06172,38.81271]},"properties":{"kind":"bikeshare","name":"Commonwealth Ave & Oak St","capacity":15}},{"type":"Feature","geometry":{"type":"Point","coordinates":[-77.02782,38.92946]},"properties":{"kind":"bikeshare","name":"11th & Kenyon St NW","capacity":39}},{"type":"Feature","geometry":{"type":"Point","coordinates":[-77.02305,38.87869]},"properties":{"kind":"bikeshare","name":"Maine Ave & 7th St SW","capacity":21}},{"type":"Feature","geometry":{"type":"Point","coordinates":[-77.03267,38.95721]},"properties":{"kind":"bikeshare","name":"Colorado Ave & Longfellow St NW","capacity":15}},{"type":"Feature","geometry":{"type":"Point","coordinates":[-77.05557,38.89729]},"properties":{"kind":"bikeshare","name":"Kennedy Center","capacity":19}},{"type":"Feature","geometry":{"type":"Point","coordinates":[-77.0322,38.9268]},"properties":{"kind":"bikeshare","name":"14th & Harvard St NW","capacity":19}},{"type":"Feature","geometry":{"type":"Point","coordinates":[-77.02709,38.90843]},"properties":{"kind":"bikeshare","name":"11th & O St NW","capacity":24}},{"type":"Feature","geometry":{"type":"Point","coordinates":[-77.04498,38.9055]},"properties":{"kind":"bikeshare","name":"20th & M St NW ","capacity":24}},{"type":"Feature","geometry":{"type":"Point","coordinates":[-76.92888,38.9781]},"properties":{"kind":"bikeshare","name":"Bowdoin Ave & Calvert Rd/ College Park Station","capacity":11}},{"type":"Feature","geometry":{"type":"Point","coordinates":[-77.10202,38.85931]},"properties":{"kind":"bikeshare","name":"Columbia Pike & S George Mason Dr","capacity":15}},{"type":"Feature","geometry":{"type":"Point","coordinates":[-77.04661,38.89611]},"properties":{"kind":"bikeshare","name":"21st & E St NW","capacity":15}},{"type":"Feature","geometry":{"type":"Point","coordinates":[-77.06356,38.80268]},"properties":{"kind":"bikeshare","name":"Ballenger Ave & Dulaney St","capacity":19}},{"type":"Feature","geometry":{"type":"Point","coordinates":[-77.07938,38.94761]},"properties":{"kind":"bikeshare","name":"Tenleytown / Wisconsin Ave & Albemarle St NW","capacity":15}},{"type":"Feature","geometry":{"type":"Point","coordinates":[-77.04988,38.8961]},"properties":{"kind":"bikeshare","name":"23rd & E St NW ","capacity":20}},{"type":"Feature","geometry":{"type":"Point","coordinates":[-77.0398,38.906]},"properties":{"kind":"bikeshare","name":"Rhode Island & Connecticut Ave NW","capacity":24}},{"type":"Feature","geometry":{"type":"Point","coordinates":[-76.94602,38.94639]},"properties":{"kind":"bikeshare","name":"Rhode Island Avenue /Charles Armentrout Drive - Melrose Skate Park ","capacity":15}},{"type":"Feature","geometry":{"type":"Point","coordinates":[-76.99279,38.89623]},"properties":{"kind":"bikeshare","name":"Maryland Ave & E St NE","capacity":27}},{"type":"Feature","geometry":{"type":"Point","coordinates":[-77.0032,38.90569]},"properties":{"kind":"bikeshare","name":"M St & Delaware Ave NE","capacity":23}},{"type":"Feature","geometry":{"type":"Point","coordinates":[-76.9769,38.8896]},"properties":{"kind":"bikeshare","name":"19th & East Capitol St SE","capacity":15}},{"type":"Feature","geometry":{"type":"Point","coordinates":[-76.99841,38.89287]},"properties":{"kind":"bikeshare","name":"Massachusetts Ave & 6th St NE","capacity":19}},{"type":"Feature","geometry":{"type":"Point","coordinates":[-77.11153,38.85632]},"properties":{"kind":"bikeshare","name":"Arlington Mill Cmty Center / Columbia Pike & S Dinwiddie St","capacity":15}},{"type":"Feature","geometry":{"type":"Point","coordinates":[-77.0026,38.7968]},"properties":{"kind":"bikeshare","name":"Tanger Outlets","capacity":15}},{"type":"Feature","geometry":{"type":"Point","coordinates":[-77.04183,38.91265]},"properties":{"kind":"bikeshare","name":"18th & R St NW","capacity":19}},{"type":"Feature","geometry":{"type":"Point","coordinates":[-77.10692,38.88256]},"properties":{"kind":"bikeshare","name":"Fairfax Dr. & N. Pollard St","capacity":7}},{"type":"Feature","geometry":{"type":"Point","coordinates":[-77.04146,38.91627]},"properties":{"kind":"bikeshare","name":"18th & Willard St NW","capacity":8}},{"type":"Feature","geometry":{"type":"Point","coordinates":[-77.0436,38.8045]},"properties":{"kind":"bikeshare","name":"Market Square / King St & Royal St","capacity":21}},{"type":"Feature","geometry":{"type":"Point","coordinates":[-76.98782,38.84471]},"properties":{"kind":"bikeshare","name":"Congress Heights Metro","capacity":15}},{"type":"Feature","geometry":{"type":"Point","coordinates":[-76.99012,38.88249]},"properties":{"kind":"bikeshare","name":"12th St & Pennsylvania Ave SE","capacity":19}},{"type":"Feature","geometry":{"type":"Point","coordinates":[-77.04691,38.8983]},"properties":{"kind":"bikeshare","name":"21st St & G st NW","capacity":19}},{"type":"Feature","geometry":{"type":"Point","coordinates":[-77.02825,38.93132]},"properties":{"kind":"bikeshare","name":"11th & Park Rd NW","capacity":19}},{"type":"Feature","geometry":{"type":"Point","coordinates":[-76.97769,38.85737]},"properties":{"kind":"bikeshare","name":"Fort Stanton Rec Center","capacity":19}},{"type":"Feature","geometry":{"type":"Point","coordinates":[-77.05324,38.85975]},"properties":{"kind":"bikeshare","name":"Eads St & 15th St S","capacity":15}},{"type":"Feature","geometry":{"type":"Point","coordinates":[-77.00103,38.79875]},"properties":{"kind":"bikeshare","name":"Oxon Hill Park & Ride","capacity":15}},{"type":"Feature","geometry":{"type":"Point","coordinates":[-77.02712,38.92214]},"properties":{"kind":"bikeshare","name":"11th & Clifton St NW","capacity":19}},{"type":"Feature","geometry":{"type":"Point","coordinates":[-77.10502,38.85225]},"properties":{"kind":"bikeshare","name":"S George Mason Dr & S Four Mile Run Dr","capacity":8}},{"type":"Feature","geometry":{"type":"Point","coordinates":[-77.04977,38.83243]},"properties":{"kind":"bikeshare","name":"Main Line Blvd & E Glebe","capacity":19}},{"type":"Feature","geometry":{"type":"Point","coordinates":[-77.07937,38.89216]},"properties":{"kind":"bikeshare","name":"Rhodes St & 16th St N","capacity":12}},{"type":"Feature","geometry":{"type":"Point","coordinates":[-77.04154,38.89351]},"properties":{"kind":"bikeshare","name":"18th & C St NW","capacity":19}},{"type":"Feature","geometry":{"type":"Point","coordinates":[-77.10965,38.99963]},"properties":{"kind":"bikeshare","name":"Old Georgetown Rd & Southwick St","capacity":19}},{"type":"Feature","geometry":{"type":"Point","coordinates":[-77.04612,38.83105]},"properties":{"kind":"bikeshare","name":"Potomac Greens Dr & Carpenter Rd","capacity":15}},{"type":"Feature","geometry":{"type":"Point","coordinates":[-77.00211,38.90707]},"properties":{"kind":"bikeshare","name":"3rd & N St NE","capacity":11}},{"type":"Feature","geometry":{"type":"Point","coordinates":[-76.9607,38.92199]},"properties":{"kind":"bikeshare","name":"South Dakota Ave & 33rd St NE","capacity":11}},{"type":"Feature","geometry":{"type":"Point","coordinates":[-76.99095,38.92864]},"properties":{"kind":"bikeshare","name":"12th & Irving St NE","capacity":15}},{"type":"Feature","geometry":{"type":"Point","coordinates":[-77.0009,38.836]},"properties":{"kind":"bikeshare","name":"4th St & Mississippi Ave SE","capacity":19}},{"type":"Feature","geometry":{"type":"Point","coordinates":[-77.02978,38.90874]},"properties":{"kind":"bikeshare","name":"13th & O St NW/ Logan Circle","capacity":23}},{"type":"Feature","geometry":{"type":"Point","coordinates":[-77.03857,38.90986]},"properties":{"kind":"bikeshare","name":"17th & P St NW","capacity":19}},{"type":"Feature","geometry":{"type":"Point","coordinates":[-77.0447,38.79927]},"properties":{"kind":"bikeshare","name":"Royal St & Wilkes St","capacity":15}},{"type":"Feature","geometry":{"type":"Point","coordinates":[-77.03445,38.91902]},"properties":{"kind":"bikeshare","name":"15th & W St NW","capacity":19}},{"type":"Feature","geometry":{"type":"Point","coordinates":[-77.04927,38.82274]},"properties":{"kind":"bikeshare","name":"Potomac Ave & Main Line Blvd","capacity":19}},{"type":"Feature","geometry":{"type":"Point","coordinates":[-77.02731,38.90558]},"properties":{"kind":"bikeshare","name":"11th & M St NW","capacity":23}},{"type":"Feature","geometry":{"type":"Point","coordinates":[-77.1008,38.80816]},"properties":{"kind":"bikeshare","name":"Wheeler Ave & S. Floyd St.","capacity":12}},{"type":"Feature","geometry":{"type":"Point","coordinates":[-77.07643,38.94181]},"properties":{"kind":"bikeshare","name":"Wisconsin Ave & Upton St NW","capacity":15}},{"type":"Feature","geometry":{"type":"Point","coordinates":[-77.01918,38.90273]},"properties":{"kind":"bikeshare","name":"5th & K St NW","capacity":23}},{"type":"Feature","geometry":{"type":"Point","coordinates":[-77.02524,38.88044]},"properties":{"kind":"bikeshare","name":"Maine Ave & 9th St SW","capacity":15}},{"type":"Feature","geometry":{"type":"Point","coordinates":[-77.0502,38.8426]},"properties":{"kind":"bikeshare","name":"S Glebe Rd & Potomac Ave","capacity":11}},{"type":"Feature","geometry":{"type":"Point","coordinates":[-77.04749,38.82175]},"properties":{"kind":"bikeshare","name":"Potomac Greens Dr & Slaters Ln","capacity":11}},{"type":"Feature","geometry":{"type":"Point","coordinates":[-76.99835,38.89997]},"properties":{"kind":"bikeshare","name":"6th & H St NE","capacity":23}},{"type":"Feature","geometry":{"type":"Point","coordinates":[-77.01814,38.92123]},"properties":{"kind":"bikeshare","name":"4th & College St NW","capacity":15}},{"type":"Feature","geometry":{"type":"Point","coordinates":[-77.03174,38.90366]},"properties":{"kind":"bikeshare","name":"14th & L St NW","capacity":19}},{"type":"Feature","geometry":{"type":"Point","coordinates":[-77.08565,38.9097]},"properties":{"kind":"bikeshare","name":"Hardy Rec Center","capacity":17}},{"type":"Feature","geometry":{"type":"Point","coordinates":[-76.97892,38.9271]},"properties":{"kind":"bikeshare","name":"18th St & Rhode Island Ave NE","capacity":15}},{"type":"Feature","geometry":{"type":"Point","coordinates":[-76.93723,38.88994]},"properties":{"kind":"bikeshare","name":"Benning Rd & East Capitol St NE / Benning Rd Metro","capacity":19}},{"type":"Feature","geometry":{"type":"Point","coordinates":[-76.97963,38.89781]},"properties":{"kind":"bikeshare","name":"Rosedale Rec Center","capacity":19}},{"type":"Feature","geometry":{"type":"Point","coordinates":[-77.01082,38.86968]},"properties":{"kind":"bikeshare","name":"Potomac Ave & Half St SW","capacity":23}},{"type":"Feature","geometry":{"type":"Point","coordinates":[-77.04029,38.80195]},"properties":{"kind":"bikeshare","name":"Duke St & Strand (Robinson Terminal)","capacity":11}},{"type":"Feature","geometry":{"type":"Point","coordinates":[-77.05151,38.84847]},"properties":{"kind":"bikeshare","name":"Crystal Dr & 27th St S","capacity":12}},{"type":"Feature","geometry":{"type":"Point","coordinates":[-76.99519,38.88999]},"properties":{"kind":"bikeshare","name":"8th & East Capitol St NE","capacity":11}},{"type":"Feature","geometry":{"type":"Point","coordinates":[-77.09654,38.98856]},"properties":{"kind":"bikeshare","name":"Norfolk Ave & Fairmont St","capacity":11}},{"type":"Feature","geometry":{"type":"Point","coordinates":[-77.03863,38.90677]},"properties":{"kind":"bikeshare","name":"17th St & Rhode Island Ave NW","capacity":19}},{"type":"Feature","geometry":{"type":"Point","coordinates":[-76.98596,38.92431]},"properties":{"kind":"bikeshare","name":"Rhode Island & Montana Ave NE","capacity":15}},{"type":"Feature","geometry":{"type":"Point","coordinates":[-77.07721,38.93135]},"properties":{"kind":"bikeshare","name":"Massachusetts & Idaho Ave NW","capacity":19}},{"type":"Feature","geometry":{"type":"Point","coordinates":[-76.97101,38.87306]},"properties":{"kind":"bikeshare","name":"Pennsylvania & Minnesota Ave SE","capacity":11}},{"type":"Feature","geometry":{"type":"Point","coordinates":[-77.03162,38.89451]},"properties":{"kind":"bikeshare","name":"14th & D St NW / John A Wilson Building","capacity":41}},{"type":"Feature","geometry":{"type":"Point","coordinates":[-77.07212,38.79506]},"properties":{"kind":"bikeshare","name":"Huntington Ave & Farrington Ave ","capacity":11}},{"type":"Feature","geometry":{"type":"Point","coordinates":[-77.04336,38.92787]},"properties":{"kind":"bikeshare","name":"Harvard St & Adams Mill Rd NW","capacity":15}},{"type":"Feature","geometry":{"type":"Point","coordinates":[-76.98333,38.88991]},"properties":{"kind":"bikeshare","name":"15th & East Capitol St NE","capacity":16}},{"type":"Feature","geometry":{"type":"Point","coordinates":[-77.02561,38.99703]},"properties":{"kind":"bikeshare","name":"Fenton St & Ellsworth Dr ","capacity":15}},{"type":"Feature","geometry":{"type":"Point","coordinates":[-77.06895,38.80111]},"properties":{"kind":"bikeshare","name":"Eisenhower Ave & Mill Race Ln","capacity":17}},{"type":"Feature","geometry":{"type":"Point","coordinates":[-76.93735,38.96958]},"properties":{"kind":"bikeshare","name":"Baltimore Ave & Van Buren St / Riverdale Park Station","capacity":17}},{"type":"Feature","geometry":{"type":"Point","coordinates":[-77.01121,38.975]},"properties":{"kind":"bikeshare","name":"Carroll & Westmoreland Ave","capacity":15}},{"type":"Feature","geometry":{"type":"Point","coordinates":[-77.06063,38.80576]},"properties":{"kind":"bikeshare","name":"King St Metro South","capacity":23}},{"type":"Feature","geometry":{"type":"Point","coordinates":[-77.0315,38.9308]},"properties":{"kind":"bikeshare","name":"Park Rd & Holmead Pl NW","capacity":35}},{"type":"Feature","geometry":{"type":"Point","coordinates":[-77.01744,38.88412]},"properties":{"kind":"bikeshare","name":"4th & E St SW","capacity":23}},{"type":"Feature","geometry":{"type":"Point","coordinates":[-77.07721,38.86353]},"properties":{"kind":"bikeshare","name":" S Scott St & 12th St","capacity":8}},{"type":"Feature","geometry":{"type":"Point","coordinates":[-77.01237,38.90864]},"properties":{"kind":"bikeshare","name":"1st & O St NW","capacity":15}},{"type":"Feature","geometry":{"type":"Point","coordinates":[-77.05028,38.81146]},"properties":{"kind":"bikeshare","name":"Henry St & Pendleton St","capacity":17}},{"type":"Feature","geometry":{"type":"Point","coordinates":[-76.98451,38.855]},"properties":{"kind":"bikeshare","name":"Stanton Square SE","capacity":11}},{"type":"Feature","geometry":{"type":"Point","coordinates":[-77.07528,38.93967]},"properties":{"kind":"bikeshare","name":"Wisconsin Ave & Rodman St NW","capacity":23}},{"type":"Feature","geometry":{"type":"Point","coordinates":[-77.05591,38.806]},"properties":{"kind":"bikeshare","name":"King St & Peyton St","capacity":16}},{"type":"Feature","geometry":{"type":"Point","coordinates":[-76.98804,38.86737]},"properties":{"kind":"bikeshare","name":"MLK & Marion Barry Ave SE","capacity":11}},{"type":"Feature","geometry":{"type":"Point","coordinates":[-77.02277,38.90864]},"properties":{"kind":"bikeshare","name":"8th & O St NW","capacity":28}},{"type":"Feature","geometry":{"type":"Point","coordinates":[-76.98336,38.87331]},"properties":{"kind":"bikeshare","name":"Anacostia Park","capacity":19}},{"type":"Feature","geometry":{"type":"Point","coordinates":[-76.93927,38.97801]},"properties":{"kind":"bikeshare","name":"Guilford Drive & Rowalt Drive / UMD","capacity":15}},{"type":"Feature","geometry":{"type":"Point","coordinates":[-77.06126,38.90308]},"properties":{"kind":"bikeshare","name":"31st & K St NW","capacity":28}},{"type":"Feature","geometry":{"type":"Point","coordinates":[-77.06714,38.89655]},"properties":{"kind":"bikeshare","name":"Roosevelt Island","capacity":17}},{"type":"Feature","geometry":{"type":"Point","coordinates":[-77.05511,38.92576]},"properties":{"kind":"bikeshare","name":"27th St & Woodley Rd NW","capacity":16}},{"type":"Feature","geometry":{"type":"Point","coordinates":[-76.98524,38.86661]},"properties":{"kind":"bikeshare","name":"14th St & Marion Barry Ave SE","capacity":12}},{"type":"Feature","geometry":{"type":"Point","coordinates":[-77.07832,38.89898]},"properties":{"kind":"bikeshare","name":"21st St & N Pierce St","capacity":16}},{"type":"Feature","geometry":{"type":"Point","coordinates":[-77.05152,38.9066]},"properties":{"kind":"bikeshare","name":"24th & N St NW","capacity":16}},{"type":"Feature","geometry":{"type":"Point","coordinates":[-77.00989,38.89745]},"properties":{"kind":"bikeshare","name":"North Capitol St & F St NW","capacity":23}},{"type":"Feature","geometry":{"type":"Point","coordinates":[-77.04923,38.85643]},"properties":{"kind":"bikeshare","name":"Crystal Dr & 20th St S","capacity":17}},{"type":"Feature","geometry":{"type":"Point","coordinates":[-77.07033,38.92258]},"properties":{"kind":"bikeshare","name":"36th & Calvert St NW / Glover Park","capacity":15}},{"type":"Feature","geometry":{"type":"Point","coordinates":[-77.1001,38.99238]},"properties":{"kind":"bikeshare","name":"Battery Ln & Trolley Trail","capacity":15}},{"type":"Feature","geometry":{"type":"Point","coordinates":[-77.07727,38.92265]},"properties":{"kind":"bikeshare","name":"39th & Calvert St NW / Stoddert","capacity":20}},{"type":"Feature","geometry":{"type":"Point","coordinates":[-77.03863,38.90276]},"properties":{"kind":"bikeshare","name":"17th & K St NW","capacity":23}},{"type":"Feature","geometry":{"type":"Point","coordinates":[-77.03978,38.8966]},"properties":{"kind":"bikeshare","name":"17th St & New York Ave NW","capacity":15}},{"type":"Feature","geometry":{"type":"Point","coordinates":[-77.01626,38.96894]},"properties":{"kind":"bikeshare","name":"3rd & Underwood St NW","capacity":19}},{"type":"Feature","geometry":{"type":"Point","coordinates":[-76.95751,38.88384]},"properties":{"kind":"bikeshare","name":"34th St & Minnesota Ave SE","capacity":12}},{"type":"Feature","geometry":{"type":"Point","coordinates":[-76.971,38.86836]},"properties":{"kind":"bikeshare","name":"25th & S St SE ","capacity":12}},{"type":"Feature","geometry":{"type":"Point","coordinates":[-77.10456,38.89646]},"properties":{"kind":"bikeshare","name":"Langston Blvd & N Monroe St","capacity":12}},{"type":"Feature","geometry":{"type":"Point","coordinates":[-77.08717,38.93874]},"properties":{"kind":"bikeshare","name":"Ward Circle / American University","capacity":15}},{"type":"Feature","geometry":{"type":"Point","coordinates":[-77.02798,38.96751]},"properties":{"kind":"bikeshare","name":"Georgia Ave & Piney Branch Rd NW","capacity":15}},{"type":"Feature","geometry":{"type":"Point","coordinates":[-77.03832,38.90206]},"properties":{"kind":"bikeshare","name":"17th & K St NW / Farragut Square","capacity":39}},{"type":"Feature","geometry":{"type":"Point","coordinates":[-77.03587,38.90268]},"properties":{"kind":"bikeshare","name":"16th & K St NW/BLM Plaza","capacity":39}},{"type":"Feature","geometry":{"type":"Point","coordinates":[-76.96128,38.89046]},"properties":{"kind":"bikeshare","name":"Anacostia Ave & East Capitol St NE","capacity":19}},{"type":"Feature","geometry":{"type":"Point","coordinates":[-76.99489,38.86249]},"properties":{"kind":"bikeshare","name":"Anacostia Metro","capacity":17}},{"type":"Feature","geometry":{"type":"Point","coordinates":[-77.01121,38.98125]},"properties":{"kind":"bikeshare","name":"Philadelphia & Maple Ave","capacity":15}},{"type":"Feature","geometry":{"type":"Point","coordinates":[-77.02935,38.99025]},"properties":{"kind":"bikeshare","name":"East West Hwy & Blair Mill Rd","capacity":15}},{"type":"Feature","geometry":{"type":"Point","coordinates":[-77.01199,38.90382]},"properties":{"kind":"bikeshare","name":"1st & L St NW","capacity":19}},{"type":"Feature","geometry":{"type":"Point","coordinates":[-77.05117,38.99968]},"properties":{"kind":"bikeshare","name":"Lyttonsville Rd & Lyttonsville Pl","capacity":15}},{"type":"Feature","geometry":{"type":"Point","coordinates":[-77.01744,38.88867]},"properties":{"kind":"bikeshare","name":"4th St & Jefferson Dr SW","capacity":31}},{"type":"Feature","geometry":{"type":"Point","coordinates":[-77.00224,38.95746]},"properties":{"kind":"bikeshare","name":"3rd St & Riggs Rd NE","capacity":15}},{"type":"Feature","geometry":{"type":"Point","coordinates":[-77.0345,38.99765]},"properties":{"kind":"bikeshare","name":"Spring St & 2nd Ave","capacity":15}},{"type":"Feature","geometry":{"type":"Point","coordinates":[-77.02733,38.94966]},"properties":{"kind":"bikeshare","name":"Georgia Ave & Emerson St NW","capacity":15}},{"type":"Feature","geometry":{"type":"Point","coordinates":[-76.97557,38.84377]},"properties":{"kind":"bikeshare","name":"Mississippi Ave & 19th St SE / THEARC","capacity":19}},{"type":"Feature","geometry":{"type":"Point","coordinates":[-77.00565,38.90239]},"properties":{"kind":"bikeshare","name":"1st & K St NE","capacity":17}},{"type":"Feature","geometry":{"type":"Point","coordinates":[-77.11893,38.8143]},"properties":{"kind":"bikeshare","name":"Holmes Run Pkwy & N Pickett St","capacity":15}},{"type":"Feature","geometry":{"type":"Point","coordinates":[-77.08246,38.80274]},"properties":{"kind":"bikeshare","name":"Eisenhower Ave & Ike Dr","capacity":15}},{"type":"Feature","geometry":{"type":"Point","coordinates":[-77.10556,38.81851]},"properties":{"kind":"bikeshare","name":"N Howard St & N Imboden St","capacity":11}},{"type":"Feature","geometry":{"type":"Point","coordinates":[-77.10961,38.85665]},"properties":{"kind":"bikeshare","name":"Columbia Pike & W&OD Trail ","capacity":17}},{"type":"Feature","geometry":{"type":"Point","coordinates":[-77.00074,38.87675]},"properties":{"kind":"bikeshare","name":"4th & M St SE","capacity":19}},{"type":"Feature","geometry":{"type":"Point","coordinates":[-77.04318,38.89841]},"properties":{"kind":"bikeshare","name":"19th & G St NW","capacity":32}},{"type":"Feature","geometry":{"type":"Point","coordinates":[-76.98721,38.90373]},"properties":{"kind":"bikeshare","name":"Neal St & Trinidad Ave NE","capacity":16}},{"type":"Feature","geometry":{"type":"Point","coordinates":[-77.04784,38.82955]},"properties":{"kind":"bikeshare","name":"Potomac Ave & Swann Ave","capacity":19}},{"type":"Feature","geometry":{"type":"Point","coordinates":[-77.02227,38.90574]},"properties":{"kind":"bikeshare","name":"Convention Center / 7th & M St NW","capacity":27}},{"type":"Feature","geometry":{"type":"Point","coordinates":[-77.03282,38.94777]},"properties":{"kind":"bikeshare","name":"14th St Heights / 14th & Crittenden St NW","capacity":11}},{"type":"Feature","geometry":{"type":"Point","coordinates":[-76.99447,38.87674]},"properties":{"kind":"bikeshare","name":"Potomac Ave & 8th St SE","capacity":15}},{"type":"Feature","geometry":{"type":"Point","coordinates":[-77.07276,38.93488]},"properties":{"kind":"bikeshare","name":"Wisconsin Ave & Newark St NW","capacity":19}},{"type":"Feature","geometry":{"type":"Point","coordinates":[-77.0531,38.82093]},"properties":{"kind":"bikeshare","name":"Monroe Ave & Leslie Ave","capacity":16}},{"type":"Feature","geometry":{"type":"Point","coordinates":[-76.99514,38.90259]},"properties":{"kind":"bikeshare","name":"8th & K St NE","capacity":15}},{"type":"Feature","geometry":{"type":"Point","coordinates":[-76.9753,38.84011]},"properties":{"kind":"bikeshare","name":"Southern Ave Metro","capacity":15}},{"type":"Feature","geometry":{"type":"Point","coordinates":[-76.97863,38.90194]},"properties":{"kind":"bikeshare","name":"Maryland Ave & 17th St NE","capacity":19}},{"type":"Feature","geometry":{"type":"Point","coordinates":[-77.0639,38.94455]},"properties":{"kind":"bikeshare","name":"Van Ness Metro / UDC","capacity":15}},{"type":"Feature","geometry":{"type":"Point","coordinates":[-76.9865,38.88001]},"properties":{"kind":"bikeshare","name":"Potomac & Pennsylvania Ave SE","capacity":15}},{"type":"Feature","geometry":{"type":"Point","coordinates":[-77.06282,38.9028]},"properties":{"kind":"bikeshare","name":"Wisconsin Ave & K St NW","capacity":35}},{"type":"Feature","geometry":{"type":"Point","coordinates":[-77.05912,38.90227]},"properties":{"kind":"bikeshare","name":"Georgetown Harbor / 30th St NW","capacity":19}},{"type":"Feature","geometry":{"type":"Point","coordinates":[-76.94013,38.95548]},"properties":{"kind":"bikeshare","name":"Baltimore Ave & Jefferson St","capacity":15}},{"type":"Feature","geometry":{"type":"Point","coordinates":[-77.08448,38.86333]},"properties":{"kind":"bikeshare","name":"Penrose Sq / Columbia Pike & S Barton St","capacity":15}},{"type":"Feature","geometry":{"type":"Point","coordinates":[-77.04145,38.91481]},"properties":{"kind":"bikeshare","name":"18th & Swann St NW","capacity":8}},{"type":"Feature","geometry":{"type":"Point","coordinates":[-77.08596,38.8807]},"properties":{"kind":"bikeshare","name":"N Pershing Dr & N Wayne St","capacity":9}},{"type":"Feature","geometry":{"type":"Point","coordinates":[-77.01752,38.87682]},"properties":{"kind":"bikeshare","name":"4th & M St SW","capacity":28}},{"type":"Feature","geometry":{"type":"Point","coordinates":[-77.04307,38.89221]},"properties":{"kind":"bikeshare","name":"19th St & Constitution Ave NW","capacity":35}},{"type":"Feature","geometry":{"type":"Point","coordinates":[-77.06834,38.90521]},"properties":{"kind":"shop","name":"Trek"}},{"type":"Feature","geometry":{"type":"Point","coordinates":[-77.06806,38.90521]},"properties":{"kind":"shop","name":"Bicycle Pro Shop"}},{"type":"Feature","geometry":{"type":"Point","coordinates":[-77.07625,38.99455]},"properties":{"kind":"shop","name":"City Bikes"}},{"type":"Feature","geometry":{"type":"Point","coordinates":[-77.10732,38.8794]},"properties":{"kind":"shop","name":"Trek"}},{"type":"Feature","geometry":{"type":"Point","coordinates":[-77.0454,38.81144]},"properties":{"kind":"shop","name":"Strictly Ebikes"}},{"type":"Feature","geometry":{"type":"Point","coordinates":[-77.09639,38.89673]},"properties":{"kind":"shop","name":"Big Wheel Bikes"}},{"type":"Feature","geometry":{"type":"Point","coordinates":[-77.1019,38.91919]},"properties":{"kind":"shop","name":"Fletchers Landing Boathouse"}},{"type":"Feature","geometry":{"type":"Point","coordinates":[-76.94083,38.95193]},"properties":{"kind":"shop","name":"Arrow Bicycle"}},{"type":"Feature","geometry":{"type":"Point","coordinates":[-77.03262,38.91098]},"properties":{"kind":"shop","name":"Conte's Bike Shop"}},{"type":"Feature","geometry":{"type":"Point","coordinates":[-76.9461,38.98797]},"properties":{"kind":"shop","name":"RecWell Bike Shop"}},{"type":"Feature","geometry":{"type":"Point","coordinates":[-76.97775,38.92804]},"properties":{"kind":"shop","name":"Gearin' Up Bicycles"}},{"type":"Feature","geometry":{"type":"Point","coordinates":[-76.90746,38.88882]},"properties":{"kind":"shop","name":"Maryland Park Bicycles"}},{"type":"Feature","geometry":{"type":"Point","coordinates":[-77.10154,38.8827]},"properties":{"kind":"shop","name":"Conte's Bike Shop"}},{"type":"Feature","geometry":{"type":"Point","coordinates":[-77.02776,38.99286]},"properties":{"kind":"shop","name":"Silver Cycles"}},{"type":"Feature","geometry":{"type":"Point","coordinates":[-76.98197,38.9156]},"properties":{"kind":"shop","name":"BicycleSPACE - Ivy City"}},{"type":"Feature","geometry":{"type":"Point","coordinates":[-77.07303,38.93516]},"properties":{"kind":"shop","name":"Conte's Bike Shop"}},{"type":"Feature","geometry":{"type":"Point","coordinates":[-77.11211,38.85614]},"properties":{"kind":"shop","name":"Phoenix Bikes"}},{"type":"Feature","geometry":{"type":"Point","coordinates":[-76.99701,38.90039]},"properties":{"kind":"shop","name":"The Daily Rider"}},{"type":"Feature","geometry":{"type":"Point","coordinates":[-77.09027,38.88097]},"properties":{"kind":"shop","name":"V\u00e9loCity Bicycle Cooperative"}},{"type":"Feature","geometry":{"type":"Point","coordinates":[-77.00073,38.87409]},"properties":{"kind":"shop","name":"Conte's Bike Shop"}},{"type":"Feature","geometry":{"type":"Point","coordinates":[-77.00688,38.97815]},"properties":{"kind":"shop","name":"Takoma Bicycle"}},{"type":"Feature","geometry":{"type":"Point","coordinates":[-77.00461,38.91076]},"properties":{"kind":"shop","name":"Gearin' Up Bikes"}},{"type":"Feature","geometry":{"type":"Point","coordinates":[-77.09723,38.80744]},"properties":{"kind":"shop","name":"Handy Bikes"}},{"type":"Feature","geometry":{"type":"Point","coordinates":[-77.05422,38.8615]},"properties":{"kind":"shop","name":"Conte's Bike Shop"}},{"type":"Feature","geometry":{"type":"Point","coordinates":[-77.0413,38.8058]},"properties":{"kind":"shop","name":"Pedego Electric Bikes"}},{"type":"Feature","geometry":{"type":"Point","coordinates":[-77.06301,38.90558]},"properties":{"kind":"shop","name":"Brompton Junction"}},{"type":"Feature","geometry":{"type":"Point","coordinates":[-77.04117,38.92321]},"properties":{"kind":"shop","name":"Upshift Workshop"}},{"type":"Feature","geometry":{"type":"Point","coordinates":[-77.09975,38.98098]},"properties":{"kind":"shop","name":"Griffin Cycle"}},{"type":"Feature","geometry":{"type":"Point","coordinates":[-77.02266,38.89468]},"properties":{"kind":"shop","name":"Unlimited Biking"}},{"type":"Feature","geometry":{"type":"Point","coordinates":[-77.09816,38.80778]},"properties":{"kind":"shop","name":"Handy Bikes"}},{"type":"Feature","geometry":{"type":"Point","coordinates":[-77.05497,38.9095]},"properties":{"kind":"shop","name":"District Cycle Works"}},{"type":"Feature","geometry":{"type":"Point","coordinates":[-77.03995,38.80289]},"properties":{"kind":"shop","name":"Big Wheel Bikes"}},{"type":"Feature","geometry":{"type":"Point","coordinates":[-77.05823,38.82534]},"properties":{"kind":"shop","name":"V\u00e9loCity Bicycle Cooperative"}},{"type":"Feature","geometry":{"type":"Point","coordinates":[-77.03999,38.80393]},"properties":{"kind":"shop","name":"Bike and Roll"}},{"type":"Feature","geometry":{"type":"Point","coordinates":[-77.05157,38.80544]},"properties":{"kind":"shop","name":"Conte's Bike Shop"}},{"type":"Feature","geometry":{"type":"Point","coordinates":[-77.09164,38.88949]},"properties":{"kind":"shop","name":"Trek"}},{"type":"Feature","geometry":{"type":"Point","coordinates":[-77.08535,38.82959]},"properties":{"kind":"shop","name":"Trek"}},{"type":"Feature","geometry":{"type":"Point","coordinates":[-76.9376,38.97858]},"properties":{"kind":"shop","name":"College Park Bicycle"}}]}