{"type":"FeatureCollection","features":[{"type":"Feature","geometry":{"type":"LineString","coordinates":[[-77.03396,38.88194],[-77.03388,38.88202],[-77.03377,38.88213],[-77.03365,38.88223],[-77.03344,38.88242],[-77.03331,38.88256],[-77.03317,38.88274],[-77.033,38.88297],[-77.03297,38.88308],[-77.03294,38.88317],[-77.03298,38.88351],[-77.03309,38.88376],[-77.03319,38.88393]]},"properties":{"name":"National Mall Trails","src":"dc"}},{"type":"Feature","geometry":{"type":"LineString","coordinates":[[-77.07089,38.90443],[-77.07175,38.90468],[-77.0723,38.90476],[-77.07276,38.90484],[-77.07326,38.9049],[-77.07404,38.90496],[-77.07518,38.90498],[-77.07544,38.90503],[-77.0758,38.90506],[-77.07666,38.90521],[-77.07735,38.90535],[-77.07816,38.90543],[-77.07896,38.90539],[-77.07927,38.90535],[-77.0795,38.90531],[-77.08044,38.9051],[-77.08148,38.90486],[-77.08195,38.90484],[-77.08236,38.90488],[-77.08305,38.90505],[-77.08374,38.90529],[-77.08479,38.90568],[-77.08522,38.90583],[-77.08648,38.90624],[-77.08756,38.90659],[-77.08971,38.90727],[-77.09043,38.90749],[-77.09129,38.9078],[-77.09216,38.9082],[-77.09287,38.90864],[-77.09334,38.90902],[-77.09424,38.9097],[-77.09592,38.91108],[-77.09639,38.91152],[-77.09717,38.91241],[-77.09747,38.91278],[-77.09868,38.91464],[-77.10083,38.91801],[-77.10203,38.91982],[-77.10259,38.92041],[-77.10395,38.92153],[-77.10458,38.92192],[-77.10526,38.92226],[-77.10575,38.92254],[-77.10602,38.92267],[-77.10645,38.92292],[-77.10684,38.92328],[-77.10714,38.92375],[-77.10722,38.92417],[-77.10727,38.92466],[-77.10739,38.92513],[-77.10766,38.92549],[-77.10784,38.92565],[-77.10811,38.92588],[-77.10822,38.92595],[-77.10861,38.92625],[-77.10894,38.92649],[-77.10923,38.92679],[-77.1096,38.92731],[-77.10999,38.92786],[-77.11023,38.92837],[-77.11047,38.92876],[-77.11073,38.92916],[-77.11099,38.92964],[-77.11125,38.93009],[-77.11151,38.93051],[-77.11174,38.93097],[-77.11181,38.9312],[-77.11197,38.93157],[-77.11211,38.9321],[-77.11231,38.93251],[-77.11241,38.93267],[-77.11264,38.93301],[-77.1129,38.93332],[-77.11334,38.93379],[-77.114,38.93445],[-77.11438,38.93501],[-77.11456,38.93549],[-77.11481,38.93597],[-77.11506,38.93627],[-77.11539,38.9366],[-77.11567,38.93687],[-77.11579,38.937],[-77.11585,38.93713],[-77.11597,38.93734],[-77.11598,38.93735],[-77.11598,38.93735]]},"properties":{"name":"Capital Crescent Trail","src":"dc"}},{"type":"Feature","geometry":{"type":"MultiLineString","coordinates":[[[-77.0574,38.90128],[-77.05743,38.90111],[-77.05745,38.901],[-77.05743,38.90093]],[[-77.0574,38.90128],[-77.05741,38.90118]],[[-77.05737,38.90141],[-77.05739,38.90131],[-77.0574,38.90128]],[[-77.05737,38.90141],[-77.0574,38.90128]],[[-77.05673,38.90421],[-77.05673,38.90416],[-77.05671,38.90405],[-77.05672,38.90397],[-77.05673,38.90389],[-77.05675,38.90376],[-77.05677,38.90364],[-77.05678,38.90347],[-77.05679,38.90342],[-77.05684,38.90332],[-77.0569,38.90322],[-77.05695,38.90308],[-77.05697,38.90301],[-77.05698,38.90296],[-77.05697,38.90288],[-77.05696,38.90279],[-77.05696,38.90273],[-77.05697,38.90268],[-77.05709,38.90238],[-77.05711,38.90233],[-77.05719,38.90226],[-77.05727,38.9022],[-77.05732,38.90215],[-77.05736,38.9021],[-77.05739,38.90204],[-77.05739,38.90199],[-77.0574,38.90192],[-77.05738,38.90183],[-77.05737,38.90179],[-77.05736,38.90167],[-77.05736,38.90157],[-77.05737,38.90141]],[[-77.05673,38.90421],[-77.05663,38.90433],[-77.05653,38.90443],[-77.05637,38.90458],[-77.05625,38.90474],[-77.05622,38.90479],[-77.05618,38.90485],[-77.05613,38.9049],[-77.05608,38.90493],[-77.05602,38.90501],[-77.05589,38.90517],[-77.05579,38.90534],[-77.05575,38.90541],[-77.05574,38.90545],[-77.05572,38.90549],[-77.05567,38.90557],[-77.05563,38.90564],[-77.05558,38.90574],[-77.05553,38.90585],[-77.0555,38.90591],[-77.05548,38.90596],[-77.05539,38.90613],[-77.05531,38.90631],[-77.05523,38.90649],[-77.05517,38.90662],[-77.05509,38.90679],[-77.05503,38.90689],[-77.05499,38.90701],[-77.05493,38.90713],[-77.05484,38.9073],[-77.0548,38.9074],[-77.05476,38.9075],[-77.05472,38.90759],[-77.05467,38.9077],[-77.05463,38.90777],[-77.05458,38.90786],[-77.05449,38.908],[-77.05442,38.90811],[-77.05438,38.90815],[-77.05432,38.90822],[-77.05428,38.90825],[-77.05424,38.9083],[-77.05415,38.9084],[-77.05408,38.90847],[-77.054,38.90854],[-77.05396,38.90857],[-77.05394,38.9086],[-77.0539,38.90864],[-77.05384,38.9087],[-77.05382,38.90871],[-77.05377,38.90874],[-77.05372,38.90877],[-77.05366,38.9088],[-77.05361,38.90883],[-77.05343,38.90892],[-77.05322,38.90901],[-77.05309,38.90906],[-77.05295,38.90911],[-77.05286,38.90914],[-77.05281,38.90915],[-77.05262,38.90915],[-77.05247,38.90915],[-77.05229,38.90914],[-77.05211,38.90914],[-77.052,38.90914],[-77.05188,38.90914],[-77.05167,38.90912],[-77.05156,38.90912],[-77.05148,38.90914],[-77.05142,38.90916],[-77.05137,38.90919],[-77.05128,38.90924],[-77.05124,38.90929],[-77.05116,38.9094],[-77.05103,38.9094],[-77.05086,38.90941],[-77.05075,38.90943],[-77.05069,38.90945],[-77.05063,38.90949],[-77.05059,38.90956],[-77.05056,38.90964],[-77.05056,38.90972],[-77.05058,38.90976],[-77.05062,38.90983],[-77.05073,38.90995],[-77.05083,38.91008],[-77.05097,38.91022],[-77.05107,38.91032],[-77.0511,38.91036],[-77.05128,38.91058],[-77.05138,38.91073],[-77.05146,38.91082],[-77.05164,38.911],[-77.05181,38.91117],[-77.05192,38.91126],[-77.05211,38.91139],[-77.05227,38.91151],[-77.05241,38.9116],[-77.05259,38.91175],[-77.05282,38.91193],[-77.05293,38.91199],[-77.05303,38.91204],[-77.05316,38.91207],[-77.05335,38.91212],[-77.05361,38.91218],[-77.05383,38.91223],[-77.05396,38.91227],[-77.05419,38.91235],[-77.05431,38.91242],[-77.05426,38.91258],[-77.05421,38.91269],[-77.05427,38.9127],[-77.05443,38.91275],[-77.05463,38.91281],[-77.05475,38.91286],[-77.0549,38.91292],[-77.05499,38.91298],[-77.05512,38.91306],[-77.0552,38.91314],[-77.05529,38.91323],[-77.05535,38.91329],[-77.05539,38.91335],[-77.05544,38.91341],[-77.05549,38.91347],[-77.05559,38.91358],[-77.05571,38.91368],[-77.05585,38.91378],[-77.05604,38.91395],[-77.05618,38.91406],[-77.05628,38.91412],[-77.05642,38.9142],[-77.05657,38.91427],[-77.05667,38.91432],[-77.05678,38.91439],[-77.0569,38.91448],[-77.05701,38.91458],[-77.05709,38.91465],[-77.0572,38.9147],[-77.05727,38.91473],[-77.05737,38.91475],[-77.05741,38.91477],[-77.05748,38.91481],[-77.05756,38.91485],[-77.05764,38.91491],[-77.05774,38.91498],[-77.05782,38.91506],[-77.05792,38.91515],[-77.05799,38.9152],[-77.0581,38.91531],[-77.05817,38.91537],[-77.05826,38.91545],[-77.05847,38.91567],[-77.05855,38.91578],[-77.05861,38.91588],[-77.05863,38.91595],[-77.05865,38.91601],[-77.05866,38.91612],[-77.05868,38.91621],[-77.0587,38.91628],[-77.05869,38.91634],[-77.05868,38.91638],[-77.05863,38.9165],[-77.05861,38.91658],[-77.0586,38.91662],[-77.05858,38.91672],[-77.05856,38.91688],[-77.05854,38.91698],[-77.0585,38.91711],[-77.05846,38.9172],[-77.05842,38.91727],[-77.05839,38.91733],[-77.05837,38.91738],[-77.05827,38.91751],[-77.05816,38.91765],[-77.05807,38.91773],[-77.0579,38.91785],[-77.05772,38.91797],[-77.05758,38.91806],[-77.05745,38.91813],[-77.05731,38.9182],[-77.05718,38.91825],[-77.05707,38.9183],[-77.05692,38.91835],[-77.0566,38.91845],[-77.05632,38.91852],[-77.05596,38.91862],[-77.05571,38.9187],[-77.05547,38.91878],[-77.05539,38.91882],[-77.05532,38.91887],[-77.05513,38.91898],[-77.05504,38.91906],[-77.05495,38.91917],[-77.05484,38.91931],[-77.05477,38.91939],[-77.05467,38.9195],[-77.05459,38.91957],[-77.0545,38.91963],[-77.05438,38.9197],[-77.0543,38.91975],[-77.05423,38.91977],[-77.05417,38.91979],[-77.05412,38.91981],[-77.05398,38.91985],[-77.0539,38.91986],[-77.05381,38.91986],[-77.05372,38.91986],[-77.05366,38.91986],[-77.05364,38.91987],[-77.05363,38.91989],[-77.05361,38.91991],[-77.05358,38.91997],[-77.05355,38.92002],[-77.05351,38.92009],[-77.05346,38.92016],[-77.05343,38.9202],[-77.05341,38.92024],[-77.05338,38.92026],[-77.05336,38.92028],[-77.05334,38.92029],[-77.0533,38.92031],[-77.05323,38.92034],[-77.05317,38.92036],[-77.05308,38.92039],[-77.05302,38.92044],[-77.05291,38.92051],[-77.05275,38.92061],[-77.05267,38.92069],[-77.05257,38.92079],[-77.05242,38.92086],[-77.05229,38.9209],[-77.0521,38.92095],[-77.05199,38.92098],[-77.05192,38.92103],[-77.05185,38.92108],[-77.05179,38.92112],[-77.05174,38.92125],[-77.05161,38.92145],[-77.05144,38.92154],[-77.05132,38.92159]],[[-77.05659,38.90469],[-77.05675,38.90469],[-77.05689,38.9046],[-77.05696,38.90444],[-77.05696,38.90431],[-77.05689,38.90423],[-77.0568,38.90418],[-77.05673,38.90421]],[[-77.05132,38.92159],[-77.05132,38.92168],[-77.05145,38.92202],[-77.05151,38.92214],[-77.05161,38.92225],[-77.05174,38.92237],[-77.0519,38.92245],[-77.05202,38.92252],[-77.05215,38.92256],[-77.0523,38.92265],[-77.05232,38.9227],[-77.05237,38.92276],[-77.0525,38.92289],[-77.05257,38.923],[-77.05262,38.92314],[-77.05264,38.92325],[-77.05268,38.92335]],[[-77.05132,38.92159],[-77.05113,38.9216],[-77.05107,38.9216],[-77.051,38.9216],[-77.05092,38.9216],[-77.05082,38.9216],[-77.05073,38.92163],[-77.05057,38.92169],[-77.05045,38.92175],[-77.05035,38.9218],[-77.05017,38.92196],[-77.05012,38.92201],[-77.05006,38.92206],[-77.05001,38.92212],[-77.04996,38.92217],[-77.0499,38.92221],[-77.04983,38.92226],[-77.04975,38.92233],[-77.0497,38.92239],[-77.04968,38.92241],[-77.04964,38.92248],[-77.0496,38.92254],[-77.04955,38.9226],[-77.04949,38.92265],[-77.04944,38.92271],[-77.04939,38.92278],[-77.04935,38.92284],[-77.04931,38.92292],[-77.04927,38.92301],[-77.04923,38.92312],[-77.04912,38.92351],[-77.04907,38.92363],[-77.04906,38.92365],[-77.04897,38.9237],[-77.04896,38.92371],[-77.04895,38.9238],[-77.04886,38.92399],[-77.04878,38.9241],[-77.04864,38.92426],[-77.04856,38.9243],[-77.04847,38.92433],[-77.04851,38.92439],[-77.04856,38.92453],[-77.04862,38.9247],[-77.04866,38.92482],[-77.04868,38.92492],[-77.04869,38.92503],[-77.04871,38.92506],[-77.04874,38.9251],[-77.04881,38.92518],[-77.04887,38.92525],[-77.04894,38.92532],[-77.04902,38.92542],[-77.04907,38.92547],[-77.04911,38.92552],[-77.0492,38.92563],[-77.04926,38.92574],[-77.0493,38.92583],[-77.04933,38.92594],[-77.04937,38.92604],[-77.04936,38.92607],[-77.04936,38.92614],[-77.04937,38.9262],[-77.04938,38.92628],[-77.0494,38.92634],[-77.04942,38.92641],[-77.04942,38.92646],[-77.04942,38.92652],[-77.04942,38.92657],[-77.04944,38.92661],[-77.04944,38.92661],[-77.04946,38.9267],[-77.04953,38.92697],[-77.04957,38.92715],[-77.04962,38.92733],[-77.04965,38.92748],[-77.04966,38.92758],[-77.04965,38.92764],[-77.04963,38.92767],[-77.04957,38.92772],[-77.04951,38.92773],[-77.04942,38.92774],[-77.04932,38.92775],[-77.04922,38.92774],[-77.04912,38.92774],[-77.049,38.92771],[-77.04889,38.92766],[-77.04882,38.92764],[-77.04874,38.92759],[-77.04862,38.92753],[-77.04852,38.92748],[-77.04843,38.92742],[-77.04832,38.92735],[-77.04822,38.92728],[-77.04814,38.92721],[-77.04809,38.92713],[-77.04803,38.92706],[-77.04795,38.92694],[-77.04789,38.92687],[-77.04785,38.92681],[-77.04777,38.92675],[-77.04765,38.92667],[-77.04752,38.92658],[-77.04742,38.92651],[-77.04728,38.92643],[-77.04718,38.92638],[-77.04711,38.92635],[-77.04705,38.92632],[-77.04698,38.9263],[-77.04692,38.92627],[-77.04688,38.92625],[-77.04684,38.92621],[-77.0467,38.92607],[-77.04665,38.92602],[-77.04657,38.92596],[-77.0465,38.92593],[-77.04645,38.92592],[-77.04639,38.9259],[-77.04632,38.92589],[-77.04625,38.92588],[-77.04618,38.92589],[-77.0461,38.92589],[-77.04601,38.92591],[-77.04594,38.92594],[-77.04583,38.92599],[-77.0456,38.9261],[-77.04538,38.92621],[-77.04521,38.92631],[-77.04499,38.92645],[-77.04483,38.92656],[-77.04465,38.9267],[-77.04453,38.92679],[-77.04448,38.92683],[-77.0444,38.92692],[-77.04434,38.927],[-77.04429,38.92706],[-77.04427,38.92711],[-77.0442,38.92724],[-77.04412,38.92751],[-77.04404,38.92773],[-77.04401,38.9279],[-77.04396,38.92808],[-77.04396,38.92818],[-77.04396,38.92825],[-77.04401,38.92846],[-77.04406,38.92862],[-77.04412,38.92875],[-77.04415,38.92882],[-77.0443,38.92905],[-77.04448,38.9293],[-77.04465,38.92951],[-77.04482,38.9297],[-77.04504,38.92992],[-77.04513,38.92999],[-77.04528,38.93012],[-77.04563,38.93037],[-77.04599,38.93063],[-77.04632,38.9309],[-77.04645,38.93102],[-77.04665,38.93122],[-77.0468,38.93138],[-77.04692,38.9315],[-77.04703,38.9316],[-77.04716,38.93168],[-77.04729,38.93175],[-77.0474,38.93179],[-77.0475,38.93182],[-77.04765,38.93188],[-77.0478,38.93192],[-77.04809,38.932],[-77.04832,38.93206],[-77.04847,38.9321],[-77.04855,38.93212],[-77.04875,38.93217],[-77.04899,38.93222],[-77.04917,38.93226],[-77.0493,38.93229],[-77.04941,38.93232],[-77.0495,38.93234],[-77.0496,38.93236],[-77.04968,38.93237],[-77.0498,38.93239],[-77.04988,38.93241],[-77.04995,38.93243],[-77.05005,38.93247],[-77.05014,38.93252],[-77.0502,38.93256],[-77.05027,38.93261],[-77.05032,38.93267],[-77.05034,38.93271],[-77.05035,38.93276],[-77.05035,38.93279],[-77.05036,38.93285],[-77.05037,38.93291],[-77.0504,38.93298]],[[-77.04806,38.93674],[-77.04814,38.93667],[-77.04814,38.93665],[-77.04814,38.93658],[-77.04813,38.93647],[-77.04813,38.93632],[-77.04813,38.93627],[-77.04813,38.9362],[-77.04812,38.93613],[-77.04809,38.93605],[-77.04808,38.936],[-77.04807,38.93592],[-77.04807,38.93584],[-77.04808,38.93575],[-77.04809,38.93568],[-77.04811,38.9356],[-77.04812,38.93552],[-77.04815,38.9354],[-77.04817,38.93531],[-77.04819,38.93525],[-77.04822,38.93518],[-77.04827,38.93511],[-77.04834,38.93505],[-77.04834,38.93505],[-77.04839,38.93499],[-77.04846,38.93494],[-77.04853,38.93488],[-77.04863,38.93483],[-77.0487,38.93479],[-77.04874,38.93473],[-77.0488,38.93461],[-77.04883,38.93455],[-77.04891,38.93445],[-77.04895,38.9344],[-77.04903,38.9343],[-77.0492,38.93414],[-77.04924,38.9341],[-77.04933,38.93404],[-77.04939,38.93401],[-77.04947,38.93399],[-77.04956,38.93397],[-77.04964,38.93396],[-77.04969,38.93395],[-77.04976,38.93393],[-77.04987,38.93391],[-77.04995,38.93389],[-77.05002,38.93387],[-77.05011,38.93382],[-77.05019,38.93376],[-77.05026,38.93371],[-77.05034,38.93364],[-77.05045,38.93352],[-77.05051,38.93347],[-77.0506,38.93339],[-77.05065,38.93333],[-77.05065,38.93332],[-77.05065,38.9333],[-77.05059,38.93323],[-77.05049,38.93311],[-77.05043,38.93301],[-77.0504,38.93298]],[[-77.04805,38.93674],[-77.04803,38.93675],[-77.048,38.93675],[-77.04799,38.93675],[-77.04796,38.93675],[-77.04793,38.93675],[-77.0479,38.93675],[-77.04787,38.93675],[-77.04785,38.93675],[-77.04783,38.93675],[-77.04781,38.93674],[-77.04779,38.93674],[-77.04777,38.93674],[-77.04773,38.93673],[-77.04772,38.93673],[-77.0477,38.93674],[-77.04769,38.93675],[-77.04769,38.93677],[-77.04769,38.9368],[-77.04768,38.93682],[-77.04768,38.93685],[-77.04767,38.93687],[-77.04767,38.9369],[-77.04767,38.93691],[-77.04768,38.93693],[-77.04768,38.93695],[-77.0477,38.93696],[-77.04771,38.93698],[-77.04773,38.93703],[-77.04777,38.9371],[-77.04778,38.93712],[-77.04779,38.93714],[-77.0478,38.93716],[-77.04782,38.93718],[-77.04784,38.93719],[-77.04786,38.93721],[-77.04789,38.93722],[-77.04792,38.93723],[-77.04794,38.93725],[-77.04797,38.93726],[-77.04799,38.93728],[-77.04801,38.93729],[-77.04805,38.93732],[-77.04812,38.93737],[-77.04815,38.93738],[-77.04818,38.93739],[-77.04821,38.93739],[-77.04824,38.9374],[-77.04828,38.9374],[-77.04831,38.9374],[-77.04836,38.93741],[-77.04845,38.93742],[-77.04849,38.93743],[-77.04861,38.93744],[-77.04883,38.93746],[-77.04889,38.93747],[-77.04897,38.93747],[-77.04911,38.93747],[-77.04913,38.93747],[-77.04917,38.93748],[-77.04921,38.93748],[-77.04926,38.93748],[-77.04929,38.93748],[-77.04936,38.93746],[-77.04942,38.93746],[-77.04944,38.93745],[-77.0495,38.93745],[-77.04956,38.93745],[-77.04959,38.93744],[-77.04963,38.93743],[-77.04967,38.93743],[-77.04971,38.93742],[-77.04991,38.93741],[-77.04995,38.93741],[-77.04997,38.93742],[-77.04999,38.93742],[-77.05002,38.93743],[-77.05021,38.93743],[-77.05023,38.93743],[-77.05026,38.93743],[-77.05029,38.93743],[-77.05032,38.93744],[-77.05034,38.93745],[-77.05037,38.93745],[-77.05039,38.93747],[-77.0504,38.93748],[-77.05042,38.93749],[-77.05044,38.9375],[-77.05047,38.93751],[-77.0505,38.93752],[-77.05053,38.93752],[-77.05067,38.93754],[-77.0507,38.93754],[-77.05072,38.93754],[-77.05074,38.93754],[-77.05076,38.93754],[-77.05078,38.93754],[-77.0508,38.93754],[-77.05082,38.93754],[-77.05085,38.93754],[-77.05088,38.93754],[-77.05091,38.93754],[-77.05094,38.93754],[-77.05097,38.93754],[-77.051,38.93755],[-77.05115,38.93761],[-77.05134,38.93776],[-77.05136,38.93778],[-77.05139,38.93779],[-77.05142,38.93781],[-77.05144,38.93782],[-77.05146,38.93783],[-77.05164,38.93791],[-77.05167,38.93792],[-77.05169,38.93794],[-77.05172,38.93795],[-77.05174,38.93796],[-77.05176,38.93798],[-77.05179,38.93802],[-77.05179,38.93804],[-77.05179,38.93807],[-77.0518,38.93824],[-77.05182,38.93826],[-77.05184,38.93827],[-77.05186,38.93829],[-77.05189,38.9383],[-77.05192,38.93831],[-77.05194,38.93832],[-77.05196,38.93834],[-77.05198,38.93836],[-77.05215,38.93844],[-77.05217,38.93845],[-77.05222,38.93847],[-77.05224,38.93849],[-77.05225,38.9385],[-77.05225,38.93853],[-77.05224,38.93855],[-77.05224,38.93857],[-77.05222,38.9386],[-77.0522,38.93862],[-77.05219,38.93864],[-77.05218,38.93866],[-77.05217,38.93868],[-77.05206,38.93884],[-77.05204,38.93888],[-77.05202,38.9389],[-77.05196,38.93907],[-77.05195,38.93909],[-77.05195,38.93911],[-77.05194,38.93913],[-77.05192,38.93921],[-77.05191,38.93923],[-77.0519,38.93926],[-77.05189,38.93928],[-77.05188,38.93931],[-77.05188,38.93933],[-77.05188,38.93935],[-77.05188,38.93937],[-77.05184,38.93956],[-77.05183,38.93959],[-77.05181,38.93961],[-77.05179,38.93963],[-77.05177,38.93965],[-77.05176,38.93966],[-77.05174,38.93967],[-77.05172,38.93968],[-77.05171,38.9397],[-77.05163,38.93979],[-77.05162,38.93982],[-77.05161,38.93984],[-77.0516,38.93987],[-77.0516,38.93989],[-77.0516,38.93991],[-77.0516,38.93993],[-77.05161,38.93995],[-77.05161,38.93998],[-77.05162,38.94],[-77.05162,38.94004],[-77.05161,38.94008],[-77.0516,38.94011],[-77.0516,38.94013],[-77.05158,38.94018],[-77.05158,38.94021],[-77.05158,38.94023],[-77.05158,38.94025],[-77.05158,38.94028],[-77.05157,38.94031],[-77.05158,38.94034],[-77.05159,38.94035],[-77.05158,38.94037],[-77.05158,38.94039],[-77.05158,38.94045],[-77.05157,38.94052],[-77.05156,38.94058],[-77.05156,38.94065],[-77.05157,38.94071],[-77.05157,38.94077],[-77.05157,38.94083],[-77.05157,38.94089],[-77.05157,38.94095],[-77.05156,38.94101],[-77.05157,38.94108],[-77.05159,38.94115],[-77.0516,38.94121],[-77.05161,38.94127],[-77.05161,38.94133],[-77.05159,38.94138],[-77.05158,38.94143],[-77.05156,38.94149],[-77.05155,38.94155],[-77.05154,38.94159],[-77.0515,38.94163],[-77.05149,38.94168],[-77.05146,38.94172],[-77.05144,38.94176],[-77.05141,38.94181],[-77.05137,38.94185],[-77.05133,38.94189],[-77.0513,38.94193],[-77.05127,38.94197],[-77.05125,38.94201],[-77.05123,38.94206],[-77.0512,38.9421],[-77.05117,38.94214],[-77.05115,38.94217],[-77.05112,38.94221],[-77.05109,38.94225],[-77.05105,38.9423],[-77.05103,38.94233],[-77.05101,38.94236],[-77.05098,38.9424],[-77.05094,38.94244],[-77.05092,38.94248],[-77.05089,38.94252],[-77.05085,38.94258],[-77.05083,38.94261],[-77.05081,38.94265],[-77.05079,38.94269],[-77.05076,38.94272],[-77.05073,38.94278],[-77.05071,38.94281],[-77.05069,38.94286],[-77.05067,38.94291],[-77.05064,38.94296],[-77.05063,38.94299],[-77.05061,38.94304],[-77.05059,38.94308],[-77.05053,38.94317],[-77.05049,38.94325],[-77.05048,38.94326],[-77.05045,38.94331],[-77.05043,38.94336],[-77.0504,38.9434],[-77.05038,38.94343],[-77.05036,38.94347],[-77.05034,38.94353],[-77.05034,38.94356],[-77.05032,38.94362],[-77.0503,38.94366],[-77.05027,38.94371],[-77.05025,38.94375],[-77.05024,38.94381],[-77.05022,38.94386],[-77.05019,38.94398],[-77.05016,38.94407],[-77.05013,38.94414],[-77.05002,38.94424],[-77.04989,38.94422],[-77.04984,38.94418],[-77.04976,38.9443],[-77.0497,38.9443],[-77.04968,38.94428]]]},"properties":{"name":" Rock Creek Park Trail","src":"dc"}},{"type":"Feature","geometry":{"type":"MultiLineString","coordinates":[[[-76.97253,38.85113],[-76.97201,38.85072],[-76.9716,38.85046],[-76.97127,38.85027],[-76.9707,38.84997],[-76.97019,38.84977],[-76.9696,38.84957],[-76.96911,38.84942],[-76.9686,38.84931],[-76.96806,38.84922],[-76.96694,38.84913],[-76.96623,38.84913],[-76.96571,38.84917],[-76.96527,38.84922]],[[-76.9743,38.8531],[-76.9743,38.85292],[-76.97376,38.8524],[-76.9736,38.85241],[-76.97353,38.85217],[-76.97319,38.85178],[-76.973,38.85158],[-76.97285,38.85144],[-76.97276,38.85133]],[[-76.98343,38.8534],[-76.9833,38.85348],[-76.98324,38.85348],[-76.98288,38.85361],[-76.98243,38.85378],[-76.98209,38.8539],[-76.98166,38.85403],[-76.98123,38.85414],[-76.98066,38.85425],[-76.98009,38.85433],[-76.97958,38.85437],[-76.97913,38.85437],[-76.97834,38.85433],[-76.97782,38.85426],[-76.97737,38.85417],[-76.97641,38.8539],[-76.97595,38.85374],[-76.97446,38.8531],[-76.9743,38.8531]],[[-76.99338,38.85834],[-76.99336,38.85833],[-76.99318,38.85835],[-76.99315,38.8581],[-76.9932,38.85773],[-76.99327,38.8573],[-76.99337,38.8567],[-76.99333,38.85651],[-76.99331,38.85644],[-76.99318,38.85573],[-76.99323,38.8556],[-76.99327,38.8555],[-76.99338,38.85541],[-76.99332,38.8552],[-76.99317,38.85498],[-76.99304,38.85477],[-76.99288,38.85458],[-76.99267,38.85435],[-76.99243,38.85417],[-76.99207,38.85391],[-76.99174,38.85372],[-76.99123,38.85351],[-76.99076,38.85339],[-76.98999,38.85335],[-76.98945,38.85326],[-76.98871,38.85314],[-76.98857,38.85309],[-76.98834,38.85292],[-76.988,38.85289],[-76.98754,38.85286],[-76.98709,38.85283],[-76.98661,38.85284],[-76.98564,38.85289],[-76.98491,38.85298],[-76.98436,38.85308],[-76.98373,38.85327],[-76.98349,38.85335],[-76.98344,38.8534]],[[-76.99347,38.85878],[-76.99347,38.85875],[-76.99348,38.8584]]]},"properties":{"name":"Suitland Parkway Trail","src":"dc"}},{"type":"Feature","geometry":{"type":"LineString","coordinates":[[-77.00683,38.95237],[-77.00495,38.95315],[-77.00457,38.95326]]},"properties":{"name":"Metropolitan Branch Trail","src":"dc"}},{"type":"Feature","geometry":{"type":"LineString","coordinates":[[-77.02642,38.88189],[-77.02697,38.8821],[-77.02724,38.88189],[-77.02727,38.8819],[-77.0271,38.88205],[-77.02713,38.88206],[-77.0273,38.8819],[-77.02734,38.88192],[-77.02749,38.8818],[-77.02772,38.88166],[-77.02796,38.88157],[-77.02848,38.88142],[-77.02909,38.88127],[-77.02946,38.88116],[-77.02973,38.88106],[-77.03019,38.88081],[-77.03052,38.88056],[-77.03106,38.88015],[-77.0312,38.88006],[-77.0313,38.87998],[-77.03137,38.87993],[-77.03141,38.87989],[-77.03151,38.87981],[-77.03162,38.87973],[-77.03166,38.87971],[-77.03176,38.87963],[-77.03195,38.87949],[-77.03213,38.87935],[-77.03245,38.87919],[-77.03274,38.87907],[-77.03311,38.87893],[-77.03333,38.87874],[-77.03342,38.87847],[-77.03342,38.87831],[-77.03339,38.87793],[-77.03334,38.87779],[-77.03325,38.8777]]},"properties":{"name":"Francis Case Memorial Bridge","src":"dc"}},{"type":"Feature","geometry":{"type":"LineString","coordinates":[[-77.05895,38.88598],[-77.05197,38.88852]]},"properties":{"name":"Memorial Bridge Crossing","src":"dc"}},{"type":"Feature","geometry":{"type":"MultiLineString","coordinates":[[[-77.05672,38.88372],[-77.05667,38.88372],[-77.05662,38.8837],[-77.05656,38.88366],[-77.0565,38.88361],[-77.05643,38.88357]],[[-77.05909,38.88547],[-77.059,38.88524],[-77.05892,38.88511],[-77.05875,38.88486],[-77.05854,38.88463],[-77.05845,38.88453],[-77.05806,38.88407],[-77.05796,38.88385],[-77.05785,38.88375],[-77.05748,38.88363],[-77.05718,38.88356],[-77.05694,38.88357],[-77.05686,38.88362],[-77.05663,38.88378]],[[-77.05857,38.88605],[-77.05848,38.88589],[-77.05835,38.88573],[-77.05824,38.88562],[-77.0582,38.88555],[-77.05796,38.88526],[-77.05781,38.88505],[-77.0576,38.88472],[-77.05751,38.88461],[-77.05745,38.88456],[-77.05719,38.88438],[-77.05706,38.88428],[-77.05655,38.8837],[-77.05611,38.88325],[-77.05569,38.88283],[-77.05542,38.88259],[-77.05517,38.88241],[-77.05482,38.88222],[-77.05477,38.88215],[-77.05474,38.88208],[-77.05471,38.88201],[-77.05459,38.88189],[-77.05444,38.88181],[-77.05412,38.8817],[-77.05406,38.88167],[-77.05389,38.88149],[-77.05381,38.88142],[-77.05369,38.8813],[-77.05352,38.88118],[-77.05294,38.8808],[-77.05257,38.88059],[-77.05233,38.88042],[-77.05197,38.88022],[-77.05185,38.88015],[-77.05163,38.88007],[-77.05144,38.87998],[-77.05115,38.87981],[-77.05097,38.8797],[-77.05081,38.87958],[-77.05055,38.87937],[-77.05027,38.87912],[-77.04995,38.87882],[-77.04985,38.87874],[-77.0497,38.87862],[-77.04922,38.87822],[-77.04853,38.87771],[-77.04828,38.87751],[-77.04814,38.87741],[-77.04783,38.87714],[-77.04772,38.87706],[-77.04752,38.87685],[-77.04735,38.87671],[-77.04723,38.87663],[-77.04707,38.87656],[-77.04697,38.8765],[-77.04688,38.87643],[-77.04684,38.87636],[-77.04681,38.87629],[-77.04681,38.87619],[-77.04683,38.87614],[-77.04688,38.87607],[-77.04692,38.87603],[-77.04698,38.87599],[-77.04719,38.87589],[-77.04723,38.87586],[-77.04725,38.87584],[-77.04725,38.87578],[-77.04723,38.87573],[-77.04698,38.87545],[-77.04691,38.87537],[-77.04685,38.8753]]]},"properties":{"name":"Mount Vernon Trail","src":"dc"}},{"type":"Feature","geometry":{"type":"MultiLineString","coordinates":[[[-76.97368,38.87464],[-76.974,38.87476],[-76.97413,38.87484],[-76.97462,38.87508],[-76.9751,38.87527],[-76.97546,38.87545],[-76.97563,38.8755],[-76.97567,38.87559],[-76.97611,38.87564]],[[-76.97322,38.87491],[-76.97319,38.87481],[-76.97291,38.87469],[-76.97287,38.87468],[-76.97272,38.87463],[-76.97263,38.87462],[-76.97243,38.87458],[-76.97234,38.8745]],[[-76.97664,38.87543],[-76.97655,38.87546],[-76.97649,38.87546]],[[-76.97506,38.87555],[-76.9748,38.87552],[-76.97463,38.87541],[-76.97406,38.87521],[-76.97342,38.87495],[-76.97322,38.8749]],[[-76.97506,38.87555],[-76.97525,38.87564]],[[-76.97525,38.87564],[-76.9751,38.87573]],[[-76.97611,38.87564],[-76.9762,38.87549],[-76.97633,38.87536],[-76.9764,38.87533],[-76.97648,38.87536],[-76.9765,38.87542],[-76.97649,38.87548],[-76.97645,38.87559],[-76.97645,38.87568],[-76.97651,38.87573],[-76.9766,38.87578],[-76.9767,38.87582],[-76.97672,38.87585],[-76.97678,38.87596]],[[-76.97611,38.87564],[-76.97617,38.8758],[-76.97643,38.87595],[-76.97671,38.8761],[-76.97728,38.87639],[-76.97795,38.87672],[-76.97931,38.8774],[-76.97977,38.87759],[-76.97999,38.87769],[-76.98029,38.87777],[-76.98031,38.87787],[-76.98068,38.87795],[-76.9809,38.87804],[-76.98107,38.87815],[-76.98125,38.8783],[-76.98137,38.87843],[-76.9815,38.8785],[-76.98159,38.87855],[-76.9817,38.87859]],[[-76.9751,38.87573],[-76.97506,38.87555]],[[-76.9751,38.87573],[-76.975,38.87597],[-76.97475,38.87617],[-76.97442,38.87635],[-76.97434,38.87643],[-76.97434,38.87656],[-76.97444,38.87667]],[[-76.97976,38.87869],[-76.9798,38.87865],[-76.97982,38.87861],[-76.97985,38.87853],[-76.97987,38.87832],[-76.9798,38.87807],[-76.97962,38.87789],[-76.97935,38.87769],[-76.97861,38.87733],[-76.97759,38.87682],[-76.97701,38.87652],[-76.97641,38.87621],[-76.97576,38.87588],[-76.97525,38.87564]],[[-76.97976,38.87869],[-76.97985,38.87891]],[[-76.98143,38.8789],[-76.98132,38.87905],[-76.98108,38.87917],[-76.98084,38.87922],[-76.98055,38.87921],[-76.9803,38.87913],[-76.98006,38.87903],[-76.97985,38.87891]],[[-76.97985,38.87891],[-76.97971,38.87887],[-76.97955,38.87884],[-76.97963,38.87879],[-76.97976,38.87869]]]},"properties":{"name":"Sousa Bridge Crossing","src":"dc"}},{"type":"Feature","geometry":{"type":"MultiLineString","coordinates":[[[-76.9826,38.87201],[-76.98314,38.87176],[-76.98254,38.87104],[-76.98237,38.87115],[-76.98233,38.87069]],[[-76.98257,38.87294],[-76.98229,38.87256],[-76.98231,38.87246],[-76.9824,38.87236],[-76.98259,38.87202]]]},"properties":{"name":"Anacostia Freeway Crossing","src":"dc"}},{"type":"Feature","geometry":{"type":"LineString","coordinates":[[-77.05735,38.90212],[-77.05744,38.90226],[-77.05757,38.90236],[-77.05775,38.90243],[-77.05802,38.90247],[-77.05821,38.90247],[-77.05833,38.90245]]},"properties":{"name":"Georgetown Waterfront Trail","src":"dc"}},{"type":"Feature","geometry":{"type":"MultiLineString","coordinates":[[[-77.06505,38.90416],[-77.06333,38.90417]],[[-77.06505,38.90416],[-77.06586,38.90415],[-77.0661,38.90415],[-77.06633,38.90418],[-77.06655,38.9042],[-77.06676,38.90422],[-77.06685,38.90423],[-77.06718,38.9043],[-77.06738,38.90434],[-77.06758,38.90435],[-77.06777,38.90434],[-77.06805,38.90433],[-77.06833,38.90435],[-77.06867,38.90439],[-77.06892,38.90444],[-77.06905,38.90447],[-77.06919,38.90448],[-77.06929,38.90449],[-77.06942,38.90451],[-77.06953,38.90453],[-77.0699,38.90459],[-77.0699,38.90459],[-77.07031,38.90465],[-77.07032,38.90465],[-77.07051,38.90469],[-77.07087,38.90474],[-77.07129,38.90481],[-77.07175,38.90488],[-77.07224,38.90495],[-77.07274,38.90503],[-77.07322,38.90509],[-77.0737,38.90512],[-77.0742,38.90515],[-77.07469,38.90516],[-77.07515,38.90518],[-77.07561,38.90522],[-77.07605,38.90527],[-77.07646,38.90534],[-77.07682,38.90542],[-77.07717,38.90552],[-77.07777,38.90565],[-77.07792,38.90567],[-77.07821,38.90569],[-77.07848,38.90568],[-77.07852,38.90568],[-77.07871,38.90567],[-77.07891,38.90564],[-77.07908,38.9056],[-77.0793,38.90555],[-77.07964,38.90547],[-77.08,38.90536],[-77.08039,38.90525],[-77.08081,38.90514],[-77.08122,38.90505],[-77.08162,38.90499],[-77.08202,38.90499],[-77.08242,38.90502],[-77.08281,38.90511],[-77.08323,38.90525],[-77.08367,38.9054],[-77.08408,38.90556],[-77.08448,38.9057],[-77.08488,38.90585],[-77.08527,38.90598],[-77.08567,38.90611],[-77.08603,38.90623],[-77.08635,38.90634],[-77.08657,38.90642],[-77.08696,38.90653],[-77.08745,38.90668],[-77.08794,38.90682],[-77.08839,38.90696],[-77.08882,38.9071],[-77.08917,38.9072],[-77.08957,38.90732],[-77.08989,38.90743],[-77.08998,38.90746],[-77.09001,38.90748],[-77.09031,38.90759],[-77.09075,38.90778],[-77.09113,38.90795],[-77.09153,38.90812],[-77.09198,38.90833],[-77.09236,38.90856],[-77.0927,38.90877],[-77.09301,38.90896],[-77.09333,38.90917],[-77.09371,38.90942],[-77.09407,38.9097],[-77.09443,38.90999],[-77.09478,38.91026],[-77.09513,38.91055],[-77.09548,38.91082],[-77.09582,38.91111],[-77.09616,38.91143],[-77.09648,38.91175],[-77.09678,38.91209],[-77.09706,38.9124],[-77.09731,38.91271],[-77.09754,38.91301],[-77.09777,38.91336],[-77.09802,38.91375],[-77.09822,38.91406],[-77.0985,38.91448],[-77.09872,38.91484],[-77.09896,38.91522],[-77.09919,38.91558],[-77.09941,38.9159],[-77.09957,38.91617],[-77.0997,38.91635],[-77.09974,38.91642],[-77.09986,38.91662],[-77.10007,38.91694],[-77.1003,38.91731],[-77.1005,38.91763],[-77.10069,38.91792],[-77.10078,38.91805],[-77.10081,38.91811],[-77.10086,38.91819],[-77.10099,38.91842],[-77.10115,38.91866],[-77.10133,38.91895],[-77.1015,38.91921],[-77.10163,38.91939],[-77.10173,38.91953],[-77.10185,38.91971],[-77.10198,38.91987],[-77.10205,38.91998],[-77.10209,38.92002],[-77.10221,38.92015],[-77.10287,38.92095],[-77.10319,38.9213],[-77.10338,38.92148],[-77.10359,38.92165],[-77.10475,38.92258],[-77.10487,38.92268],[-77.10504,38.9228],[-77.1052,38.9229],[-77.10538,38.92303],[-77.10558,38.92317],[-77.10588,38.92334],[-77.10601,38.92346],[-77.10615,38.92356],[-77.1066,38.92388],[-77.10685,38.92406],[-77.10707,38.92423],[-77.10731,38.92439],[-77.10742,38.92444],[-77.10757,38.92456],[-77.10779,38.92473],[-77.10803,38.92489],[-77.10822,38.92506],[-77.1084,38.9252],[-77.10861,38.92535],[-77.10879,38.92551],[-77.10903,38.92571],[-77.10923,38.92593],[-77.10947,38.92614],[-77.10964,38.92634],[-77.10982,38.9265],[-77.10996,38.92666],[-77.10998,38.92669],[-77.11001,38.92672],[-77.11029,38.92709],[-77.11034,38.92716],[-77.11048,38.9273],[-77.11059,38.92744],[-77.11064,38.9275],[-77.11076,38.92767],[-77.11088,38.92784],[-77.111,38.92803],[-77.11113,38.92823],[-77.11125,38.92843],[-77.11138,38.92863],[-77.1115,38.92883],[-77.11161,38.92902],[-77.11172,38.92919],[-77.11182,38.92936],[-77.11194,38.92955],[-77.11204,38.92971],[-77.11212,38.92983],[-77.11219,38.92997],[-77.11227,38.93009],[-77.11242,38.93037],[-77.11245,38.9304],[-77.11264,38.9307],[-77.11282,38.931],[-77.11286,38.93107],[-77.11296,38.93124],[-77.11309,38.93143],[-77.11321,38.93161],[-77.11332,38.93181],[-77.11349,38.93209],[-77.1136,38.93229],[-77.11373,38.93252],[-77.11386,38.93276],[-77.11399,38.93299],[-77.11415,38.93322],[-77.11431,38.93345],[-77.1145,38.9337],[-77.11469,38.93393],[-77.11487,38.93414],[-77.11505,38.93436],[-77.11521,38.93454],[-77.11544,38.93484],[-77.11549,38.9349],[-77.11564,38.93507],[-77.11582,38.93527],[-77.11602,38.93544],[-77.11625,38.93564],[-77.11648,38.93582],[-77.11676,38.93605],[-77.11689,38.93615],[-77.11711,38.93633],[-77.11719,38.9364],[-77.11719,38.9364]],[[-77.06333,38.90417],[-77.06287,38.90417]],[[-77.06505,38.90432],[-77.06505,38.90416]],[[-77.06505,38.90432],[-77.06433,38.90434],[-77.06422,38.90434],[-77.06333,38.90434]],[[-77.06333,38.90434],[-77.06333,38.90417]],[[-77.06333,38.90434],[-77.06333,38.90434],[-77.06287,38.90434],[-77.0627,38.90432],[-77.06242,38.90432],[-77.06124,38.90429],[-77.06079,38.90428],[-77.06038,38.90428],[-77.0602,38.90426],[-77.05968,38.90423],[-77.05894,38.90417],[-77.05837,38.90412],[-77.05809,38.9041],[-77.05794,38.90408],[-77.05745,38.90409],[-77.05718,38.90407],[-77.05692,38.90405],[-77.05671,38.90405]],[[-77.06333,38.90438],[-77.06333,38.90434]],[[-77.06802,38.90452],[-77.06802,38.90455],[-77.06779,38.90456]],[[-77.06802,38.90452],[-77.06779,38.90456]],[[-77.06779,38.90455],[-77.06778,38.90451],[-77.06778,38.90439],[-77.068,38.90438],[-77.06811,38.90435]],[[-77.06779,38.90455],[-77.06734,38.90448],[-77.0668,38.90441],[-77.066,38.90432],[-77.06505,38.90432]],[[-77.06779,38.90456],[-77.06779,38.90455],[-77.06779,38.90455]],[[-77.06779,38.90456],[-77.06779,38.90455]],[[-77.06781,38.90488],[-77.0678,38.90467],[-77.06779,38.90457],[-77.06779,38.90456]],[[-77.0711,38.90499],[-77.07075,38.90493],[-77.07059,38.90491],[-77.0704,38.90487],[-77.06999,38.9048],[-77.06973,38.90473],[-77.0694,38.90468],[-77.06926,38.90465],[-77.06916,38.90464],[-77.06864,38.90456],[-77.06829,38.9045],[-77.06802,38.90452]]]},"properties":{"name":"C&O Canal Towpath","src":"dc"}},{"type":"Feature","geometry":{"type":"MultiLineString","coordinates":[[[-77.07056,38.90118],[-77.07023,38.90191],[-77.06975,38.90294],[-77.06925,38.904],[-77.06903,38.90449],[-77.06881,38.90502]],[[-77.06789,38.90498],[-77.06832,38.90498],[-77.06852,38.90491],[-77.0686,38.90481],[-77.06865,38.90468],[-77.06883,38.90428],[-77.06902,38.90388],[-77.06913,38.90366],[-77.06945,38.90296],[-77.06986,38.90206],[-77.07034,38.90104]]]},"properties":{"name":"Key Bridge Crossing","src":"dc"}},{"type":"Feature","geometry":{"type":"MultiLineString","coordinates":[[[-77.06265,38.90245],[-77.06259,38.90218],[-77.06194,38.90194],[-77.06165,38.90183],[-77.06134,38.90172],[-77.06122,38.90168],[-77.06082,38.90146],[-77.06048,38.90133],[-77.06003,38.90118],[-77.05971,38.90107],[-77.05916,38.9009],[-77.05887,38.90072],[-77.0587,38.90066],[-77.058,38.90107],[-77.05779,38.90106],[-77.05748,38.90097],[-77.05745,38.90096]],[[-77.06265,38.90245],[-77.06268,38.90246],[-77.06285,38.90249],[-77.06379,38.90266],[-77.065,38.90293],[-77.06564,38.90319],[-77.0666,38.90346],[-77.06706,38.90357],[-77.0673,38.90362],[-77.06781,38.90373],[-77.06802,38.90378],[-77.06848,38.90392],[-77.06872,38.90397]],[[-77.06114,38.90246],[-77.06133,38.90246],[-77.06195,38.90245],[-77.06265,38.90245]]]},"properties":{"name":"Georgetown Waterfront Trail","src":"dc"}},{"type":"Feature","geometry":{"type":"MultiLineString","coordinates":[[[-76.94574,38.88101],[-76.94562,38.88106],[-76.94457,38.88335],[-76.94498,38.88515],[-76.94514,38.88695],[-76.94716,38.88963],[-76.94707,38.8903],[-76.94666,38.89041],[-76.94608,38.89101],[-76.94577,38.89143],[-76.94506,38.89204],[-76.94442,38.89268],[-76.9444,38.89334],[-76.94435,38.8935],[-76.94427,38.89362]],[[-76.94427,38.89362],[-76.9442,38.89362],[-76.94413,38.89361],[-76.94395,38.89359],[-76.94383,38.89359],[-76.94373,38.89365],[-76.94355,38.89376],[-76.94344,38.89384],[-76.94331,38.89396],[-76.94319,38.89407],[-76.94304,38.89423],[-76.94296,38.89434],[-76.94294,38.89442],[-76.94293,38.89452],[-76.94296,38.89457],[-76.94305,38.89465],[-76.94313,38.89473],[-76.94312,38.89489],[-76.94312,38.89507],[-76.9431,38.89521],[-76.94313,38.89528],[-76.94308,38.89546],[-76.94297,38.89558],[-76.94292,38.89582],[-76.94291,38.89599],[-76.94312,38.89623],[-76.94337,38.89628],[-76.94362,38.8965],[-76.94342,38.8967],[-76.94308,38.89689],[-76.94298,38.89715],[-76.94282,38.8975],[-76.94279,38.89781],[-76.9428,38.8979],[-76.94276,38.898],[-76.94271,38.8981],[-76.94271,38.89818],[-76.94267,38.8983]],[[-76.94697,38.89468],[-76.9467,38.89458],[-76.94651,38.89447],[-76.94624,38.89442],[-76.94604,38.89438],[-76.9459,38.89433],[-76.94576,38.89418],[-76.9456,38.89405],[-76.9454,38.89396],[-76.94521,38.89389],[-76.94503,38.8938],[-76.9449,38.89374],[-76.94478,38.89371],[-76.94464,38.89373],[-76.94454,38.89371],[-76.94439,38.89364],[-76.94427,38.89362]],[[-76.94292,38.89588],[-76.94273,38.89586],[-76.94264,38.89586],[-76.94262,38.89584]],[[-76.94354,38.8966],[-76.944,38.89701],[-76.94468,38.8972],[-76.9452,38.89724],[-76.94574,38.89726],[-76.94618,38.89699],[-76.94672,38.89643],[-76.94713,38.89622],[-76.94713,38.89607],[-76.94694,38.89597],[-76.94678,38.89567],[-76.94716,38.89548],[-76.94754,38.89529],[-76.94721,38.89482],[-76.94699,38.89463]]]},"properties":{"name":"Ft. Circle Trail","src":"dc"}},{"type":"Feature","geometry":{"type":"MultiLineString","coordinates":[[[-77.05446,38.90848],[-77.05466,38.90827],[-77.0548,38.90805],[-77.05486,38.90789],[-77.05497,38.90777],[-77.05504,38.90757],[-77.05511,38.90735],[-77.05519,38.90714],[-77.05525,38.907],[-77.05535,38.90673],[-77.05553,38.90635],[-77.0556,38.90621],[-77.05566,38.90608],[-77.05578,38.90582],[-77.05593,38.90563],[-77.05605,38.90554],[-77.05612,38.90544],[-77.05624,38.90538],[-77.05633,38.90536],[-77.05638,38.90533]],[[-77.05446,38.90848],[-77.0547,38.90864],[-77.05419,38.90873]],[[-77.05419,38.90873],[-77.05446,38.90848]],[[-77.05392,38.90894],[-77.05419,38.90873]],[[-77.05382,38.90934],[-77.05383,38.90914],[-77.05388,38.90901],[-77.05392,38.90894]],[[-77.05257,38.90958],[-77.05264,38.90952],[-77.05272,38.90946],[-77.05275,38.90943],[-77.05305,38.90932],[-77.05337,38.90919],[-77.05361,38.90911],[-77.05392,38.90894]]]},"properties":{"name":"Rose Park Trail","src":"dc"}},{"type":"Feature","geometry":{"type":"MultiLineString","coordinates":[[[-77.03899,38.87919],[-77.03919,38.87907],[-77.03922,38.87905]],[[-77.03574,38.87995],[-77.03586,38.87995],[-77.03608,38.87994],[-77.03703,38.8799],[-77.03705,38.87983],[-77.03717,38.87976],[-77.0375,38.87974],[-77.03778,38.87974],[-77.03807,38.87964],[-77.03861,38.8794],[-77.039,38.87919]],[[-77.03574,38.87995],[-77.03549,38.87998],[-77.03531,38.88004],[-77.03516,38.88023],[-77.03509,38.88039],[-77.03487,38.88053],[-77.03476,38.88067],[-77.03474,38.881],[-77.03466,38.88112],[-77.03438,38.88139],[-77.03413,38.88171],[-77.03404,38.88184],[-77.03396,38.88193]],[[-77.04411,38.88712],[-77.04413,38.88671],[-77.04415,38.88647],[-77.04421,38.88606],[-77.04436,38.88595],[-77.04462,38.88575],[-77.04482,38.88536],[-77.04478,38.88501],[-77.04487,38.88471],[-77.04523,38.88436],[-77.04559,38.8842],[-77.04622,38.88377],[-77.04616,38.88371],[-77.04634,38.88357]],[[-77.03319,38.88393],[-77.03332,38.884],[-77.03346,38.88409],[-77.03365,38.88422],[-77.03381,38.88436]],[[-77.03381,38.88436],[-77.03388,38.8844],[-77.03456,38.88504],[-77.03476,38.88535],[-77.03497,38.88576],[-77.03516,38.88606],[-77.03536,38.88629],[-77.03563,38.8865],[-77.03603,38.8867],[-77.03637,38.8868],[-77.03674,38.88686],[-77.03741,38.88687],[-77.03756,38.88686]],[[-77.03381,38.88436],[-77.03386,38.88477],[-77.03388,38.88497],[-77.03387,38.88523],[-77.03386,38.8855],[-77.03391,38.8856],[-77.03394,38.88575],[-77.03394,38.88585],[-77.03394,38.88599],[-77.03394,38.88609],[-77.03389,38.88627],[-77.03388,38.88665],[-77.03386,38.88723],[-77.03383,38.8876],[-77.0338,38.88791],[-77.0338,38.88791]],[[-77.04411,38.88712],[-77.04411,38.88712]],[[-77.04411,38.88712],[-77.04303,38.88711],[-77.0427,38.88716],[-77.04224,38.88729],[-77.04145,38.88763],[-77.04072,38.88803],[-77.04006,38.88837],[-77.03969,38.88868],[-77.0396,38.88891],[-77.03934,38.88892],[-77.03928,38.88862],[-77.0391,38.88847],[-77.03873,38.88828],[-77.0384,38.88816],[-77.03811,38.88806],[-77.03776,38.88801],[-77.03733,38.88794],[-77.03665,38.88782],[-77.0359,38.88768],[-77.03537,38.88765],[-77.03499,38.88768],[-77.03477,38.88774],[-77.03425,38.88803],[-77.03367,38.88871],[-77.03354,38.8889],[-77.03321,38.88882]],[[-77.05003,38.88737],[-77.05004,38.88721],[-77.05002,38.88709],[-77.04997,38.88693],[-77.04991,38.88679],[-77.04987,38.88671],[-77.04984,38.88667],[-77.0498,38.88661],[-77.04977,38.88658],[-77.04973,38.88654],[-77.04966,38.88649],[-77.0496,38.88645],[-77.0497,38.88635]],[[-77.03477,38.88773],[-77.0338,38.88791]],[[-77.03703,38.88789],[-77.0372,38.88767],[-77.03724,38.88753],[-77.03724,38.88743],[-77.03738,38.88728],[-77.03746,38.88708],[-77.03756,38.88701],[-77.03757,38.88686]],[[-77.0338,38.88791],[-77.0338,38.88791]],[[-77.0338,38.88791],[-77.0338,38.88791]],[[-77.0338,38.88791],[-77.03357,38.88838],[-77.03321,38.88882]],[[-77.05032,38.88817],[-77.05031,38.88818]],[[-77.05031,38.88818],[-77.05003,38.88818],[-77.05003,38.88737],[-77.04597,38.88718],[-77.04486,38.88715],[-77.0442,38.88712],[-77.04411,38.88712]],[[-77.05031,38.88818],[-77.05006,38.88828],[-77.04973,38.88831],[-77.04937,38.88845],[-77.04911,38.88875],[-77.04905,38.88881]],[[-77.05197,38.88852],[-77.05179,38.88856],[-77.05171,38.88857],[-77.05158,38.88859],[-77.0512,38.88853],[-77.05083,38.88828],[-77.05065,38.88827],[-77.05032,38.88818],[-77.05031,38.88818]],[[-77.03176,38.88872],[-77.02848,38.88878],[-77.02749,38.88881],[-77.0269,38.88909],[-77.02667,38.88921],[-77.02655,38.88928]],[[-77.04905,38.88881],[-77.04897,38.88927],[-77.04903,38.88973],[-77.04939,38.89003],[-77.04933,38.89018]],[[-77.03321,38.88882],[-77.03313,38.88892]],[[-77.03321,38.88882],[-77.03318,38.88882],[-77.03313,38.88892]],[[-77.03313,38.88892],[-77.03312,38.88894]],[[-77.03313,38.88892],[-77.03312,38.88893],[-77.03312,38.88894]],[[-77.03312,38.88894],[-77.03312,38.88895],[-77.03283,38.88889],[-77.03213,38.88869],[-77.03178,38.88872]],[[-77.03312,38.88894],[-77.0331,38.89]],[[-77.03174,38.88922],[-77.0265,38.88929],[-77.02606,38.88929],[-77.02559,38.88931],[-77.02479,38.88928],[-77.02307,38.88933],[-77.02212,38.88935],[-77.02212,38.88935]],[[-77.02212,38.88935],[-77.0252,38.8893],[-77.0242,38.88879],[-77.02108,38.88888],[-77.01679,38.88893],[-77.01552,38.88896],[-77.01531,38.88892]],[[-77.02212,38.88935],[-77.01534,38.88944],[-77.0152,38.88945],[-77.01501,38.88945]],[[-77.02212,38.88935],[-77.02212,38.88935]],[[-77.01501,38.88945],[-77.01501,38.88945]],[[-77.01501,38.88945],[-77.0149,38.88945],[-77.01445,38.88945],[-77.01444,38.88939],[-77.01439,38.88915],[-77.01435,38.88899],[-77.01425,38.88864],[-77.01418,38.88859]],[[-77.01533,38.89003],[-77.03172,38.88981]],[[-77.04933,38.89018],[-77.04932,38.89018]],[[-77.04933,38.89018],[-77.04948,38.89025],[-77.04953,38.89028],[-77.04993,38.89039],[-77.05032,38.89039],[-77.05091,38.8902],[-77.05115,38.89005],[-77.05138,38.88997],[-77.05171,38.88994],[-77.05197,38.88999],[-77.05211,38.88979],[-77.05212,38.88976]],[[-77.01283,38.89062],[-77.01398,38.8909],[-77.01497,38.89062],[-77.01501,38.88945]],[[-77.04865,38.89095],[-77.04928,38.89017],[-77.04928,38.8902]],[[-77.04862,38.891],[-77.04795,38.89193],[-77.04693,38.89193],[-77.04595,38.89192],[-77.04187,38.89192],[-77.04006,38.89193],[-77.0399,38.89198],[-77.0397,38.89198],[-77.03933,38.89195]],[[-77.03934,38.89195],[-77.03833,38.89193],[-77.03384,38.89193],[-77.03382,38.89114],[-77.03372,38.89081],[-77.03345,38.89044],[-77.0331,38.89002],[-77.03285,38.89007],[-77.03212,38.89029],[-77.03178,38.89029],[-77.03041,38.8903],[-77.03017,38.8903],[-77.0265,38.89037],[-77.02637,38.89037],[-77.02298,38.89042],[-77.02286,38.89042],[-77.02191,38.89039],[-77.02191,38.8904],[-77.01868,38.89049],[-77.01828,38.89049],[-77.01757,38.8905],[-77.01752,38.8905],[-77.01741,38.8905],[-77.01703,38.89051],[-77.01678,38.89051],[-77.01666,38.89051],[-77.01653,38.89051],[-77.01529,38.89051]]]},"properties":{"name":"National Mall Trails","src":"dc"}},{"type":"Feature","geometry":{"type":"MultiLineString","coordinates":[[[-77.03324,38.8816],[-77.03319,38.88156]],[[-77.03324,38.8816],[-77.03309,38.88153],[-77.03294,38.88141],[-77.03288,38.88137],[-77.03287,38.88137]],[[-77.03343,38.88216],[-77.03354,38.88202],[-77.03355,38.88196],[-77.03355,38.88186],[-77.03324,38.8816]],[[-77.03343,38.88216],[-77.03333,38.88229],[-77.03324,38.88239],[-77.03316,38.88242],[-77.03308,38.88247],[-77.03302,38.88254],[-77.03283,38.88283],[-77.03279,38.88296],[-77.03274,38.88308],[-77.03265,38.88323],[-77.03256,38.88337],[-77.03248,38.88344],[-77.03238,38.88347]],[[-77.03361,38.88227],[-77.03343,38.88216]]]},"properties":{"name":"National Mall Trails","src":"dc"}},{"type":"Feature","geometry":{"type":"MultiLineString","coordinates":[[[-77.06125,38.89219],[-77.05989,38.89241],[-77.05841,38.89267],[-77.05659,38.89296],[-77.05582,38.8931],[-77.05546,38.89324],[-77.05527,38.89332],[-77.05507,38.89345],[-77.05491,38.89362],[-77.05476,38.89381],[-77.05468,38.89407],[-77.0547,38.89421],[-77.05464,38.89446],[-77.05472,38.89466],[-77.05468,38.89486],[-77.05455,38.89548],[-77.05451,38.89563],[-77.05444,38.89588],[-77.0543,38.89619],[-77.05409,38.89648],[-77.05385,38.89673],[-77.0537,38.89694],[-77.05345,38.89724]],[[-77.06126,38.89219],[-77.06171,38.89212],[-77.06242,38.89202],[-77.06292,38.89195],[-77.06317,38.89194],[-77.06336,38.89195],[-77.0635,38.89197],[-77.06366,38.892],[-77.06384,38.89204],[-77.06412,38.89213],[-77.06433,38.89221],[-77.06473,38.89243],[-77.06483,38.8925],[-77.06483,38.8925]],[[-77.0527,38.89838],[-77.05301,38.89836],[-77.05319,38.89832],[-77.05329,38.89823],[-77.05327,38.89811],[-77.05324,38.89796],[-77.05324,38.89768],[-77.05329,38.89759],[-77.05338,38.89741],[-77.0534,38.89737],[-77.05343,38.89731],[-77.05345,38.89725]]]},"properties":{"name":"T. Roosevelt Bridge Crossing","src":"dc"}},{"type":"Feature","geometry":{"type":"LineString","coordinates":[[-77.05895,38.88598],[-77.05904,38.88588],[-77.0591,38.88575],[-77.05911,38.88557],[-77.05909,38.88547],[-77.05917,38.88544],[-77.05929,38.8854],[-77.05935,38.88537],[-77.05939,38.88533],[-77.05947,38.88527],[-77.05957,38.88522],[-77.05973,38.88516],[-77.05983,38.88513],[-77.05992,38.88512],[-77.06009,38.88513],[-77.06019,38.88515],[-77.06032,38.88518],[-77.06042,38.88523],[-77.06051,38.88525],[-77.0606,38.88527],[-77.06075,38.88527],[-77.06086,38.88527],[-77.06097,38.88524],[-77.0611,38.88521],[-77.06129,38.88513],[-77.06147,38.88506],[-77.06166,38.885]]},"properties":{"name":"Memorial Bridge Crossing","src":"dc"}},{"type":"Feature","geometry":{"type":"LineString","coordinates":[[-77.04525,38.83593],[-77.04525,38.83589]]},"properties":{"name":"Mount Vernon Trail","src":"dc"}},{"type":"Feature","geometry":{"type":"LineString","coordinates":[[-77.06404,38.89],[-77.06381,38.88985],[-77.06375,38.88982],[-77.06367,38.88979],[-77.06354,38.88976],[-77.06346,38.88974],[-77.06335,38.88971],[-77.06315,38.88966],[-77.06271,38.88955],[-77.06257,38.88953],[-77.06231,38.88952],[-77.0621,38.88949],[-77.06189,38.88945],[-77.06169,38.88939],[-77.06156,38.88933],[-77.06149,38.88931],[-77.06122,38.88914],[-77.06108,38.88902],[-77.06085,38.88879],[-77.0607,38.88864],[-77.0606,38.88856],[-77.0599,38.88801],[-77.05967,38.88782],[-77.05945,38.88759],[-77.05928,38.8874],[-77.05918,38.88726],[-77.05906,38.88706],[-77.05897,38.88686],[-77.05885,38.8865],[-77.05877,38.88635]]},"properties":{"name":"Mount Vernon Trail","src":"dc"}},{"type":"Feature","geometry":{"type":"LineString","coordinates":[[-77.05325,38.97075],[-77.05316,38.97145],[-77.05293,38.97285],[-77.05265,38.97438],[-77.05245,38.97572],[-77.05219,38.97674],[-77.05212,38.97791],[-77.05204,38.97897],[-77.05199,38.97953],[-77.05199,38.97965]]},"properties":{"name":"Oregon Ave Trail","src":"dc"}},{"type":"Feature","geometry":{"type":"MultiLineString","coordinates":[[[-77.05267,38.96187],[-77.05288,38.96165],[-77.05353,38.96139],[-77.05431,38.96127],[-77.05526,38.96114],[-77.0561,38.96114]],[[-77.05267,38.96187],[-77.05266,38.96242],[-77.05224,38.96252],[-77.05128,38.9622],[-77.05122,38.9622],[-77.05116,38.9622],[-77.05104,38.9622],[-77.05093,38.9622],[-77.05081,38.9622],[-77.05069,38.96219],[-77.05061,38.96217],[-77.05049,38.96215],[-77.05037,38.96211],[-77.05026,38.96206],[-77.05016,38.96201],[-77.05006,38.96197],[-77.04979,38.96186],[-77.04961,38.96179],[-77.04948,38.96174],[-77.04936,38.96171],[-77.04924,38.96166],[-77.04916,38.96161],[-77.04904,38.96157],[-77.04892,38.96153],[-77.04883,38.9615],[-77.04872,38.96146],[-77.04866,38.96141],[-77.04862,38.96137],[-77.04857,38.96133],[-77.04852,38.96129],[-77.04846,38.96125],[-77.0484,38.96122],[-77.04828,38.96118],[-77.04817,38.96112],[-77.04806,38.96104],[-77.04787,38.96095],[-77.04773,38.96089],[-77.04766,38.96086],[-77.0476,38.96083],[-77.04748,38.96079],[-77.04737,38.96078],[-77.04714,38.96076],[-77.04692,38.96075],[-77.04672,38.96073],[-77.04654,38.96072],[-77.04633,38.96073],[-77.04618,38.9607],[-77.04608,38.96069],[-77.04601,38.96068],[-77.04594,38.96068],[-77.04584,38.96069],[-77.04574,38.9607],[-77.04566,38.96073],[-77.04556,38.96077],[-77.04545,38.9608],[-77.04537,38.96081],[-77.0453,38.96083],[-77.04527,38.96084],[-77.04522,38.96086],[-77.04517,38.96088],[-77.04514,38.96091],[-77.04509,38.961],[-77.04503,38.96109],[-77.04496,38.9612],[-77.04491,38.96127],[-77.04483,38.96136],[-77.04478,38.96142],[-77.0447,38.9615],[-77.04462,38.96156],[-77.04454,38.96161],[-77.04447,38.96166],[-77.04437,38.9617],[-77.04436,38.96171]]]},"properties":{"name":"Military Rd","src":"dc"}},{"type":"Feature","geometry":{"type":"MultiLineString","coordinates":[[[-77.04435,38.9617],[-77.04429,38.96174],[-77.04422,38.96174],[-77.04415,38.96173],[-77.04409,38.96171],[-77.04403,38.96168],[-77.04395,38.96165],[-77.04391,38.96163],[-77.04388,38.96161],[-77.04383,38.96159],[-77.04378,38.96157],[-77.04376,38.96154],[-77.04373,38.96151],[-77.04368,38.96147],[-77.04365,38.96143],[-77.04361,38.96138],[-77.04358,38.96133],[-77.04353,38.96129],[-77.0435,38.96124],[-77.04347,38.96119],[-77.04343,38.96114],[-77.0434,38.96109],[-77.04333,38.96101],[-77.04329,38.96097],[-77.04323,38.96092],[-77.04318,38.96088],[-77.04317,38.96085],[-77.04314,38.9608],[-77.04311,38.96078],[-77.04307,38.96074],[-77.04303,38.9607],[-77.043,38.96068],[-77.04294,38.96067],[-77.04286,38.96064],[-77.04282,38.96063],[-77.04278,38.9606],[-77.04275,38.96057],[-77.04274,38.96055],[-77.04272,38.96052],[-77.0427,38.96049],[-77.04269,38.96045],[-77.04267,38.96042],[-77.04266,38.9604],[-77.04263,38.96037],[-77.04261,38.96035],[-77.04259,38.96034],[-77.04255,38.96033],[-77.04252,38.96032],[-77.04247,38.96033],[-77.04242,38.96033],[-77.04237,38.96035],[-77.04232,38.96037],[-77.04228,38.96039],[-77.04226,38.96042],[-77.04223,38.96044],[-77.04219,38.96046],[-77.04217,38.96048],[-77.04214,38.9605],[-77.04213,38.96054],[-77.04213,38.96055],[-77.04214,38.96057],[-77.04217,38.96059],[-77.04219,38.96061],[-77.0422,38.96063],[-77.04221,38.96066],[-77.04224,38.96069],[-77.04227,38.96071],[-77.04231,38.96072],[-77.04234,38.96074],[-77.04238,38.96075],[-77.04245,38.96076],[-77.04248,38.96078],[-77.04251,38.96079],[-77.04262,38.96087],[-77.04274,38.96099],[-77.0429,38.96109],[-77.04305,38.96121],[-77.04319,38.96133],[-77.04323,38.96135],[-77.04333,38.96144],[-77.04346,38.96156],[-77.04366,38.96175],[-77.04378,38.96185],[-77.04393,38.96197],[-77.04408,38.96207],[-77.04423,38.96219],[-77.04439,38.9623],[-77.04452,38.96241],[-77.04465,38.96252],[-77.04477,38.9626],[-77.04488,38.96268],[-77.04503,38.9628],[-77.04518,38.96289],[-77.04521,38.96295],[-77.04523,38.963],[-77.04525,38.96306],[-77.04527,38.96312],[-77.04526,38.96315],[-77.04525,38.96319],[-77.04525,38.96322],[-77.04526,38.96327],[-77.04529,38.96332],[-77.04534,38.96338],[-77.04542,38.96346],[-77.04565,38.96368],[-77.04583,38.96379],[-77.04597,38.96394],[-77.04614,38.9641],[-77.0463,38.96424],[-77.04646,38.96442],[-77.04681,38.96476]],[[-77.05325,38.97075],[-77.05324,38.97074],[-77.05318,38.97071],[-77.0531,38.97067],[-77.05304,38.97063],[-77.05297,38.97059],[-77.05291,38.97057],[-77.05287,38.97056],[-77.05282,38.97054],[-77.05277,38.97053],[-77.05272,38.97052],[-77.05265,38.97051],[-77.05262,38.97049],[-77.05258,38.97047],[-77.05253,38.97044],[-77.0525,38.97042],[-77.05246,38.97041],[-77.05242,38.9704],[-77.05236,38.97039],[-77.05231,38.97039],[-77.05224,38.97038],[-77.05216,38.97037],[-77.05211,38.97037],[-77.05205,38.97036],[-77.05198,38.97036],[-77.0519,38.97035],[-77.05184,38.97035],[-77.05177,38.97035],[-77.0517,38.97034],[-77.0516,38.97034],[-77.05151,38.97034],[-77.05139,38.97034],[-77.0513,38.97034],[-77.05122,38.97035],[-77.05113,38.97036],[-77.05102,38.97038],[-77.05095,38.97039],[-77.05087,38.9704],[-77.05081,38.9704],[-77.05076,38.9704],[-77.0507,38.9704],[-77.05065,38.97039],[-77.05059,38.97039],[-77.05052,38.97037],[-77.05042,38.97036],[-77.05035,38.97034],[-77.05029,38.97032],[-77.05021,38.97032],[-77.05011,38.9703],[-77.05004,38.9703],[-77.04998,38.97029],[-77.0499,38.97028],[-77.04984,38.97026],[-77.04979,38.97025],[-77.04975,38.97024],[-77.04972,38.97023],[-77.04969,38.97022],[-77.04967,38.97022],[-77.04964,38.97022],[-77.04963,38.97023],[-77.04959,38.97025],[-77.04954,38.97024],[-77.04947,38.97024],[-77.0494,38.97024],[-77.04933,38.97023],[-77.04928,38.97022],[-77.04923,38.97022],[-77.04917,38.97023],[-77.04912,38.97023],[-77.04906,38.97022],[-77.04898,38.97022],[-77.04893,38.97022],[-77.04887,38.97022],[-77.0488,38.97021],[-77.04873,38.97022],[-77.04866,38.97021],[-77.0486,38.97021],[-77.04851,38.97021],[-77.04844,38.97021],[-77.04838,38.97021],[-77.04835,38.97021],[-77.04829,38.97022],[-77.04823,38.97022],[-77.04818,38.97022],[-77.04813,38.97022],[-77.04809,38.97024],[-77.04804,38.97025],[-77.04799,38.97026],[-77.04794,38.97026],[-77.04789,38.97028],[-77.04784,38.97028],[-77.04779,38.97029],[-77.04775,38.97029],[-77.0477,38.97029],[-77.04766,38.97027],[-77.04762,38.97026],[-77.04758,38.97024],[-77.04753,38.97022],[-77.0475,38.9702],[-77.04746,38.97018],[-77.04743,38.97016],[-77.04741,38.97013],[-77.04737,38.9701],[-77.04734,38.97007],[-77.04731,38.97005],[-77.04727,38.97003],[-77.04723,38.97001],[-77.0472,38.97],[-77.04714,38.96997],[-77.04709,38.96993],[-77.04702,38.9699],[-77.04695,38.96985],[-77.0469,38.96982],[-77.04684,38.96977],[-77.04679,38.96974],[-77.04672,38.96969],[-77.04668,38.96965],[-77.04663,38.96962],[-77.04656,38.96957],[-77.04648,38.96952],[-77.04644,38.96948],[-77.0464,38.96944],[-77.04635,38.96941],[-77.04632,38.96937],[-77.04628,38.96934],[-77.04625,38.9693],[-77.04624,38.96928],[-77.0462,38.96925],[-77.04617,38.96921],[-77.04619,38.96917],[-77.04623,38.9691],[-77.04626,38.96906],[-77.0463,38.96901],[-77.04634,38.96897],[-77.04638,38.96891],[-77.04643,38.96886],[-77.04644,38.96882],[-77.04647,38.96877],[-77.04653,38.96871],[-77.04658,38.96867],[-77.04663,38.96863],[-77.04667,38.96858],[-77.0467,38.96854],[-77.04675,38.96849],[-77.0468,38.96844],[-77.04684,38.96839],[-77.04687,38.96832],[-77.04691,38.96825],[-77.04698,38.96816],[-77.04703,38.96806],[-77.04709,38.96798],[-77.04714,38.96788],[-77.0472,38.96778],[-77.04725,38.96772],[-77.0473,38.96764],[-77.04733,38.96758],[-77.04738,38.9675],[-77.04741,38.96745],[-77.04744,38.96738],[-77.04746,38.96732],[-77.04749,38.96726],[-77.04751,38.9672],[-77.04755,38.96714],[-77.04758,38.96708],[-77.04761,38.96703],[-77.04764,38.96697],[-77.04767,38.96691],[-77.04769,38.96684],[-77.04772,38.96678],[-77.04774,38.96672],[-77.04775,38.9667],[-77.04776,38.96666],[-77.04778,38.96661],[-77.04781,38.96655],[-77.04784,38.96647],[-77.04786,38.96642],[-77.04787,38.96639],[-77.04789,38.96634],[-77.04791,38.96629],[-77.04793,38.96625],[-77.04794,38.96621],[-77.04796,38.96616],[-77.04796,38.96612],[-77.04796,38.96607],[-77.04795,38.96601],[-77.04795,38.96596],[-77.04795,38.96591],[-77.04795,38.96587],[-77.04794,38.96582],[-77.04793,38.96579],[-77.04791,38.96575],[-77.0479,38.96573],[-77.04788,38.96569],[-77.04785,38.96566],[-77.04782,38.96563],[-77.04778,38.96559],[-77.04774,38.96554],[-77.04771,38.96551],[-77.04766,38.96548],[-77.04761,38.96545],[-77.04758,38.96543],[-77.04754,38.96539],[-77.04749,38.96535],[-77.04746,38.96532],[-77.04743,38.9653],[-77.0474,38.96527],[-77.04737,38.96525],[-77.04734,38.96523],[-77.04681,38.96475],[-77.0473,38.9652]]]},"properties":{"name":"","src":"dc"}},{"type":"Feature","geometry":{"type":"LineString","coordinates":[[-77.05267,38.96243],[-77.05269,38.96253],[-77.05271,38.96263],[-77.05275,38.96274],[-77.0528,38.96283],[-77.05282,38.9629],[-77.05285,38.96304],[-77.05287,38.96315],[-77.05288,38.96325],[-77.0529,38.96337],[-77.05297,38.9635],[-77.05302,38.96358],[-77.05303,38.96361],[-77.05302,38.96364],[-77.05299,38.96371],[-77.05297,38.96377],[-77.05296,38.96386],[-77.05298,38.96391],[-77.05302,38.96394],[-77.05309,38.96399],[-77.05316,38.96404],[-77.05324,38.9641],[-77.05331,38.96415],[-77.05335,38.9642],[-77.05338,38.96425],[-77.05342,38.9643],[-77.05346,38.96433],[-77.05356,38.96441],[-77.05362,38.96445],[-77.05367,38.96449],[-77.05371,38.96454],[-77.05378,38.96461],[-77.05386,38.96471],[-77.05394,38.96479],[-77.05399,38.96486],[-77.05406,38.96496],[-77.05414,38.96509],[-77.0542,38.96518],[-77.05422,38.96525],[-77.05424,38.96535],[-77.05426,38.96546],[-77.05429,38.96561],[-77.05431,38.96573],[-77.05431,38.96585],[-77.0543,38.96596],[-77.05427,38.96606],[-77.05426,38.96615],[-77.05423,38.96623],[-77.0542,38.96626],[-77.05416,38.96629],[-77.05412,38.96632],[-77.05408,38.96634],[-77.05403,38.96638],[-77.054,38.96644],[-77.05398,38.9665],[-77.05397,38.96655],[-77.05394,38.96686],[-77.0539,38.96704],[-77.05385,38.96714],[-77.05379,38.9672],[-77.05373,38.96725],[-77.05364,38.96729],[-77.05334,38.96738],[-77.05319,38.96742],[-77.05311,38.96744],[-77.05308,38.96747],[-77.05307,38.9675],[-77.05308,38.9676],[-77.05309,38.96771],[-77.05311,38.96778],[-77.05314,38.96785],[-77.05318,38.96791],[-77.0532,38.96795],[-77.0532,38.96801],[-77.05319,38.96805],[-77.05317,38.96812],[-77.05315,38.96817],[-77.05312,38.96825],[-77.0531,38.96828],[-77.05309,38.96834],[-77.05306,38.96848],[-77.05304,38.96854],[-77.053,38.96866],[-77.05294,38.96878],[-77.05293,38.96885],[-77.0529,38.96892],[-77.05286,38.96899],[-77.05283,38.96906],[-77.05278,38.96914],[-77.05274,38.96921],[-77.05272,38.96924],[-77.05272,38.96927],[-77.05274,38.96933],[-77.05282,38.96946],[-77.05288,38.96955],[-77.05291,38.96966],[-77.05292,38.96977],[-77.05291,38.96986],[-77.05286,38.96993],[-77.05278,38.96998],[-77.05271,38.97001],[-77.05259,38.97003],[-77.05251,38.97004],[-77.05247,38.97008],[-77.05245,38.97013],[-77.05247,38.97019],[-77.0525,38.97022],[-77.05263,38.97034],[-77.0527,38.97036],[-77.05281,38.97041],[-77.05289,38.97043],[-77.05298,38.97046],[-77.05306,38.97048],[-77.05313,38.97052],[-77.05315,38.9706],[-77.05323,38.97074]]},"properties":{"name":"Oregon Ave Trail","src":"dc"}},{"type":"Feature","geometry":{"type":"MultiLineString","coordinates":[[[-77.11239,38.9303],[-77.11242,38.9303],[-77.113,38.9302],[-77.11413,38.93],[-77.1156,38.92976],[-77.11579,38.92972],[-77.11596,38.9297],[-77.11654,38.92961],[-77.11655,38.92961]],[[-77.11248,38.93037],[-77.11285,38.93033],[-77.11273,38.93025]]]},"properties":{"name":" Chain Bridge","src":"dc"}},{"type":"Feature","geometry":{"type":"LineString","coordinates":[[-77.05833,38.90245],[-77.05899,38.90248],[-77.05906,38.90248]]},"properties":{"name":"Georgetown Waterfront Trail","src":"dc"}},{"type":"Feature","geometry":{"type":"MultiLineString","coordinates":[[[-77.03947,38.87886],[-77.03963,38.87873],[-77.03993,38.87841],[-77.0408,38.87752],[-77.04131,38.87698],[-77.04202,38.87625],[-77.04306,38.87518],[-77.04393,38.87432]],[[-77.03707,38.87982],[-77.03717,38.87976],[-77.03731,38.87975]]]},"properties":{"name":"14Th St. Bridge Crossing","src":"dc"}},{"type":"Feature","geometry":{"type":"LineString","coordinates":[[-77.01401,38.88851],[-77.01268,38.88888],[-77.01251,38.88878],[-77.01229,38.88869],[-77.0121,38.88853],[-77.01196,38.88842],[-77.01152,38.88813],[-77.01075,38.88786],[-77.00987,38.88775],[-77.00909,38.88787],[-77.00853,38.88815],[-77.00835,38.88825],[-77.00833,38.88818]]},"properties":{"name":"National Mall Trails","src":"dc"}},{"type":"Feature","geometry":{"type":"LineString","coordinates":[[-77.03922,38.87905],[-77.03935,38.87897],[-77.03947,38.87886]]},"properties":{"name":"14Th St. Bridge Crossing","src":"dc"}},{"type":"Feature","geometry":{"type":"MultiLineString","coordinates":[[[-77.00778,38.89705],[-77.00768,38.89729],[-77.00756,38.89771],[-77.00705,38.89905],[-77.00681,38.89977],[-77.00675,38.89993],[-77.00672,38.90001],[-77.00667,38.90014],[-77.00656,38.90056],[-77.00656,38.90058],[-77.00654,38.90062],[-77.00652,38.90066],[-77.0065,38.9007],[-77.00648,38.90075],[-77.00641,38.90083],[-77.0064,38.90091],[-77.00637,38.90096],[-77.00635,38.901],[-77.00633,38.90102],[-77.00632,38.90105],[-77.0063,38.90108],[-77.00628,38.90111],[-77.00626,38.90113],[-77.00625,38.90116],[-77.00623,38.90119],[-77.00621,38.90121],[-77.00619,38.90124],[-77.00617,38.90127],[-77.00599,38.90138],[-77.00603,38.90148],[-77.00602,38.90151],[-77.00601,38.90154],[-77.006,38.90158],[-77.00599,38.90161],[-77.00599,38.90164],[-77.00598,38.90168],[-77.00598,38.90171],[-77.00598,38.90175],[-77.0059,38.90215],[-77.00594,38.9026],[-77.00591,38.9035],[-77.00582,38.90568],[-77.00377,38.90567]],[[-77.00366,38.90366],[-77.00366,38.90349],[-77.00367,38.90341],[-77.00367,38.90314],[-77.00367,38.90285],[-77.00371,38.9023],[-77.00371,38.90217],[-77.00371,38.90212],[-77.00372,38.90202],[-77.00371,38.90177],[-77.00371,38.90159],[-77.0037,38.90153],[-77.00371,38.90145],[-77.00372,38.90136],[-77.00372,38.90117],[-77.00371,38.90102],[-77.00371,38.9006],[-77.00371,38.90042],[-77.00374,38.90017],[-77.00373,38.90009],[-77.00371,38.89993],[-77.0037,38.89976],[-77.00368,38.8995],[-77.00368,38.8984],[-77.00368,38.89829],[-77.0037,38.89715],[-77.00487,38.89715],[-77.00508,38.89652]],[[-77.00333,38.90689],[-77.0035,38.90645],[-77.00369,38.90589],[-77.00374,38.90576],[-77.00374,38.90574],[-77.0036,38.90619],[-77.00367,38.90598],[-77.00397,38.90499]],[[-77.00215,38.90931],[-77.00243,38.90874],[-77.00267,38.90836],[-77.00288,38.90809],[-77.00299,38.90786],[-77.00313,38.90748],[-77.00327,38.90706],[-77.00334,38.90687],[-77.00334,38.90685]],[[-77.00195,38.90973],[-77.00213,38.90936],[-77.00215,38.90932]],[[-77.00195,38.90973],[-77.00188,38.90994],[-77.00091,38.91194],[-77.00091,38.91199],[-77.00091,38.91203],[-77.00092,38.91208],[-77.00093,38.91213]],[[-77.00094,38.91214],[-77.00104,38.91231],[-77.00111,38.91243],[-77.00117,38.91254],[-77.0008,38.91325],[-77.00034,38.91406],[-76.99963,38.91542],[-76.99928,38.91611],[-76.99894,38.9168],[-76.99821,38.91813],[-76.9975,38.91946],[-76.99683,38.9207],[-76.99673,38.92085],[-76.99664,38.92098],[-76.99655,38.92109],[-76.99646,38.92118],[-76.99638,38.9213]],[[-76.99638,38.92131],[-76.99636,38.92156],[-76.99625,38.92169],[-76.9952,38.9239],[-76.99484,38.92513],[-76.99483,38.92528],[-76.9948,38.92564],[-76.99497,38.92569]]]},"properties":{"name":"Metropolitan Branch Trail","src":"dc"}},{"type":"Feature","geometry":{"type":"LineString","coordinates":[[-76.94274,38.90047],[-76.94271,38.89847],[-76.94267,38.8983]]},"properties":{"name":"Fort Circle Park Connector","src":"dc"}},{"type":"Feature","geometry":{"type":"LineString","coordinates":[[-77.00835,38.88825],[-77.00802,38.8891],[-77.0079,38.88991],[-77.00814,38.89087],[-77.00832,38.89141],[-77.00936,38.89177],[-77.01021,38.89189],[-77.01131,38.89156],[-77.01207,38.89099],[-77.01226,38.89077],[-77.01235,38.89068],[-77.01502,38.8916]]},"properties":{"name":"National Capitol","src":"dc"}},{"type":"Feature","geometry":{"type":"LineString","coordinates":[[-76.96948,38.89044],[-76.96938,38.89028],[-76.96924,38.89015],[-76.96902,38.89007],[-76.9688,38.89001],[-76.96859,38.88996],[-76.96831,38.88994],[-76.96534,38.88993],[-76.9638,38.88993],[-76.96255,38.88993],[-76.9621,38.88993],[-76.96038,38.88993]]},"properties":{"name":"East Capitol Bridge Crossing","src":"dc"}},{"type":"Feature","geometry":{"type":"LineString","coordinates":[[-77.00278,38.86674],[-77.0028,38.86658],[-77.0028,38.86637],[-77.00278,38.8662],[-77.00279,38.86605],[-77.00277,38.86596],[-77.00272,38.86583],[-77.00274,38.86561],[-77.00279,38.86549],[-77.00281,38.86533],[-77.0028,38.86512],[-77.00281,38.8649],[-77.0028,38.86464],[-77.00284,38.86399],[-77.00285,38.86359],[-77.00285,38.86327],[-77.00285,38.86249],[-77.00296,38.86191],[-77.00309,38.86158],[-77.00322,38.8613],[-77.00336,38.86109],[-77.00347,38.86094],[-77.00359,38.86084],[-77.00368,38.86061]]},"properties":{"name":"South Capitol Street Trail","src":"dc"}},{"type":"Feature","geometry":{"type":"LineString","coordinates":[[-77.05441,38.8925],[-77.05438,38.89249],[-77.05387,38.89224],[-77.05354,38.89203],[-77.05328,38.89185],[-77.05294,38.89159],[-77.05273,38.89145],[-77.05245,38.89137],[-77.05242,38.89144],[-77.0524,38.89153],[-77.05236,38.89159],[-77.05225,38.89172],[-77.05215,38.89184],[-77.05203,38.89192],[-77.05189,38.89194],[-77.05169,38.89194],[-77.0512,38.89194],[-77.05067,38.89194],[-77.05028,38.89193],[-77.04797,38.89194]]},"properties":{"name":"National Mall Trails","src":"dc"}},{"type":"Feature","geometry":{"type":"LineString","coordinates":[[-77.066,38.90432],[-77.066,38.90415],[-77.066,38.90415]]},"properties":{"name":"C&O Canal Towpath","src":"dc"}},{"type":"Feature","geometry":{"type":"LineString","coordinates":[[-77.06177,38.8852],[-77.06106,38.88545],[-77.06097,38.8855],[-77.0609,38.88555],[-77.06081,38.88565],[-77.06076,38.88571],[-77.06073,38.8858],[-77.06071,38.88588],[-77.06067,38.88596],[-77.06043,38.88624],[-77.06025,38.88643],[-77.06019,38.88649],[-77.0601,38.88653],[-77.05993,38.88659],[-77.0599,38.88659],[-77.05987,38.88656],[-77.05984,38.88653],[-77.05974,38.88635],[-77.0597,38.88631],[-77.05965,38.88628],[-77.05959,38.88624],[-77.05951,38.88621],[-77.0594,38.88618],[-77.05924,38.88617],[-77.05906,38.88619],[-77.05893,38.88622],[-77.05688,38.88697],[-77.05207,38.88871],[-77.05217,38.8889],[-77.05224,38.88906],[-77.05225,38.8892],[-77.05225,38.88933],[-77.05224,38.88945],[-77.05221,38.88959],[-77.05216,38.88969],[-77.05212,38.88976]]},"properties":{"name":"Memorial Bridge Crossing","src":"dc"}},{"type":"Feature","geometry":{"type":"LineString","coordinates":[[-77.04952,38.94324],[-77.04947,38.94325],[-77.04939,38.94327],[-77.04933,38.94328],[-77.04925,38.94329],[-77.04913,38.94329],[-77.04901,38.94329],[-77.04883,38.94327],[-77.04874,38.94326],[-77.04862,38.94324],[-77.04847,38.94321],[-77.04831,38.94316],[-77.04821,38.94313],[-77.04803,38.94306],[-77.04785,38.94299],[-77.04761,38.94288],[-77.04745,38.94281],[-77.04721,38.94271],[-77.04709,38.94266],[-77.04698,38.94262],[-77.04687,38.94259],[-77.04676,38.94259],[-77.04665,38.94258],[-77.04658,38.94258],[-77.04649,38.94258],[-77.04637,38.94261],[-77.04617,38.94265],[-77.04604,38.94268],[-77.04589,38.94271],[-77.04586,38.94272]]},"properties":{"name":"Rock Creek Trail Connector","src":"dc"}},{"type":"Feature","geometry":{"type":"LineString","coordinates":[[-76.97543,38.87967],[-76.97571,38.87963],[-76.97591,38.87959],[-76.97606,38.87955],[-76.97616,38.87951],[-76.97636,38.87944],[-76.97659,38.87938],[-76.97696,38.8793],[-76.97724,38.87923],[-76.97763,38.87911],[-76.97799,38.87905],[-76.97804,38.87914],[-76.97811,38.87924],[-76.97816,38.8793],[-76.97822,38.87932],[-76.97829,38.8793],[-76.97881,38.87916],[-76.97898,38.87911],[-76.97906,38.87909],[-76.97909,38.87905],[-76.97911,38.87894],[-76.97914,38.87887],[-76.97942,38.87885],[-76.97957,38.87884]]},"properties":{"name":" Art West - Barney Cir Exit","src":"dc"}},{"type":"Feature","geometry":{"type":"LineString","coordinates":[[-76.9707,38.8843],[-76.97101,38.88449],[-76.971,38.8856],[-76.9711,38.88663],[-76.97159,38.88762],[-76.9716,38.88763]]},"properties":{"name":"Anacostia Waterfront Trail","src":"dc"}},{"type":"Feature","geometry":{"type":"LineString","coordinates":[[-76.97268,38.88756],[-76.97256,38.88756],[-76.97243,38.88753],[-76.97233,38.88749],[-76.97222,38.88751],[-76.97206,38.88754],[-76.97191,38.88754],[-76.97176,38.88756],[-76.9716,38.88763]]},"properties":{"name":"Anacostia Waterfront Trail","src":"dc"}},{"type":"Feature","geometry":{"type":"LineString","coordinates":[[-76.9716,38.88763],[-76.97135,38.88774],[-76.97098,38.88796],[-76.97071,38.88817],[-76.97044,38.88844],[-76.9701,38.88874],[-76.96974,38.88904],[-76.96956,38.88915],[-76.96912,38.88934],[-76.96876,38.88943],[-76.96833,38.88948],[-76.96808,38.88954],[-76.96787,38.88959],[-76.96763,38.88958]]},"properties":{"name":"Anacostia Waterfront Trail","src":"dc"}},{"type":"Feature","geometry":{"type":"LineString","coordinates":[[-76.97401,38.8903],[-76.97398,38.89032],[-76.97397,38.89033],[-76.97396,38.89034],[-76.97383,38.89033],[-76.97383,38.89035],[-76.97363,38.89032],[-76.97322,38.89021],[-76.97283,38.89053],[-76.97214,38.891],[-76.97189,38.89141],[-76.97187,38.89157],[-76.97185,38.89171],[-76.97177,38.89176],[-76.97171,38.89181],[-76.97167,38.89184],[-76.97166,38.89185],[-76.97158,38.8919],[-76.97152,38.89197],[-76.97134,38.89209]]},"properties":{"name":"Anacostia Waterfront Trail","src":"dc"}},{"type":"Feature","geometry":{"type":"LineString","coordinates":[[-76.96959,38.89047],[-76.96976,38.89054],[-76.9699,38.89061],[-76.96998,38.89069],[-76.97007,38.89079],[-76.97014,38.89088],[-76.97052,38.8913],[-76.97066,38.89144],[-76.97121,38.89199],[-76.97134,38.89209]]},"properties":{"name":"Anacostia Waterfront Trail","src":"dc"}},{"type":"Feature","geometry":{"type":"LineString","coordinates":[[-76.9696,38.89048],[-76.96932,38.89037],[-76.969,38.89027],[-76.96821,38.89008],[-76.96759,38.89001]]},"properties":{"name":"Anacostia Waterfront Trail","src":"dc"}},{"type":"Feature","geometry":{"type":"LineString","coordinates":[[-76.97134,38.89209],[-76.97184,38.8925],[-76.97225,38.89276],[-76.97258,38.89293],[-76.97302,38.89314],[-76.97348,38.89328],[-76.97378,38.89337]]},"properties":{"name":"Anacostia Waterfront Trail","src":"dc"}},{"type":"Feature","geometry":{"type":"LineString","coordinates":[[-76.97379,38.89338],[-76.97425,38.89342],[-76.97499,38.89346]]},"properties":{"name":"Anacostia Waterfront Trail","src":"dc"}},{"type":"Feature","geometry":{"type":"LineString","coordinates":[[-77.00265,38.86748],[-77.00262,38.86727],[-77.00243,38.86718],[-77.00233,38.86711],[-77.00229,38.86703],[-77.00226,38.86692],[-77.00226,38.86685],[-77.00227,38.86673],[-77.00227,38.86661],[-77.00225,38.86642],[-77.00215,38.86623],[-77.00195,38.86598],[-77.00177,38.86585],[-77.00169,38.86581],[-77.00146,38.86582]]},"properties":{"name":"Frederick Douglass Memorial Bridge Trail Connection","src":"dc"}},{"type":"Feature","geometry":{"type":"LineString","coordinates":[[-77.00211,38.86617],[-77.00212,38.86612],[-77.00225,38.86601],[-77.00238,38.86591],[-77.00247,38.8658],[-77.00248,38.8657],[-77.00234,38.86558]]},"properties":{"name":" East Oval Path","src":"dc"}},{"type":"Feature","geometry":{"type":"LineString","coordinates":[[-76.99623,38.92042],[-76.99626,38.92045],[-76.99627,38.92046],[-76.99626,38.92046],[-76.99626,38.92048],[-76.99621,38.92059],[-76.99616,38.9207],[-76.99611,38.92082],[-76.99607,38.92092],[-76.99607,38.92094],[-76.99607,38.92096],[-76.9961,38.92105],[-76.99623,38.92147],[-76.99623,38.9215],[-76.99622,38.92153],[-76.99608,38.92185],[-76.99592,38.92223],[-76.99591,38.92226],[-76.99591,38.92227],[-76.99592,38.92229],[-76.99592,38.9223],[-76.99596,38.92232]]},"properties":{"name":"Metropolitan Branch Trail Ne","src":"dc"}},{"type":"Feature","geometry":{"type":"LineString","coordinates":[[-76.99629,38.92186],[-76.99624,38.92184],[-76.99615,38.92181],[-76.99611,38.92179]]},"properties":{"name":"Metropolitan Branch Trail Ne","src":"dc"}},{"type":"Feature","geometry":{"type":"LineString","coordinates":[[-76.99498,38.93237],[-76.99498,38.93241],[-76.99497,38.93245],[-76.9949,38.9325],[-76.9948,38.9325],[-76.99474,38.93251],[-76.99471,38.93255],[-76.9947,38.93257],[-76.99471,38.9326],[-76.99476,38.93289],[-76.99482,38.93316],[-76.99487,38.93336],[-76.99491,38.93355],[-76.99493,38.93359],[-76.99498,38.93367],[-76.99501,38.93369],[-76.99516,38.93367],[-76.99518,38.93367],[-76.9952,38.93366],[-76.99527,38.93365],[-76.99531,38.93377],[-76.99537,38.93397],[-76.99543,38.9342],[-76.99543,38.93434]]},"properties":{"name":"Metropolitan Branch Trail Ne","src":"dc"}},{"type":"Feature","geometry":{"type":"LineString","coordinates":[[-76.96501,38.88353],[-76.96511,38.88348],[-76.96521,38.88341],[-76.9653,38.88334],[-76.96539,38.88328],[-76.96547,38.88321],[-76.96552,38.88316],[-76.96558,38.8831],[-76.96561,38.88303],[-76.96563,38.883],[-76.96566,38.88294],[-76.9657,38.8829],[-76.96576,38.88285],[-76.96581,38.88281],[-76.96586,38.88276],[-76.9659,38.88271],[-76.96594,38.88266],[-76.96598,38.8826],[-76.96604,38.88253],[-76.96611,38.88247],[-76.96616,38.88241],[-76.96623,38.88236],[-76.96629,38.88231],[-76.96639,38.88225],[-76.96645,38.88221],[-76.96652,38.88218],[-76.96661,38.88215],[-76.96671,38.88214],[-76.9668,38.88212],[-76.96691,38.8821],[-76.96758,38.88199],[-76.96766,38.88198],[-76.96773,38.88196],[-76.9678,38.88193],[-76.9679,38.88187],[-76.96796,38.88183],[-76.96803,38.88177],[-76.96805,38.88173],[-76.96808,38.88168],[-76.9681,38.88164],[-76.96812,38.88158],[-76.96814,38.88143],[-76.96817,38.88126],[-76.96819,38.88112],[-76.96821,38.88096],[-76.96823,38.88085],[-76.96824,38.88076],[-76.96825,38.8807],[-76.96826,38.88065],[-76.96829,38.8806],[-76.96835,38.88053],[-76.9684,38.88047],[-76.96844,38.88044],[-76.96851,38.8804],[-76.96859,38.88037],[-76.96882,38.88026],[-76.96941,38.88002],[-76.96946,38.88],[-76.96949,38.87997],[-76.96954,38.87993],[-76.96958,38.87988],[-76.96968,38.8797],[-76.96973,38.87963],[-76.96976,38.87957],[-76.96979,38.8795],[-76.9698,38.87947],[-76.96983,38.87947],[-76.96986,38.87947],[-76.96993,38.87948],[-76.97001,38.87949],[-76.97006,38.8795],[-76.97018,38.87948],[-76.97027,38.87946],[-76.97036,38.87943],[-76.9705,38.87938],[-76.97055,38.87934],[-76.97058,38.87929],[-76.97063,38.87925],[-76.97066,38.87923],[-76.97071,38.8792],[-76.97075,38.8792],[-76.97081,38.87922],[-76.9709,38.87922],[-76.97095,38.87921],[-76.971,38.87919],[-76.97102,38.87919],[-76.97114,38.87897],[-76.9712,38.87888],[-76.97145,38.87854],[-76.97186,38.87799],[-76.97195,38.87786],[-76.97209,38.87774],[-76.97221,38.87763],[-76.97236,38.87752],[-76.97245,38.87748],[-76.97252,38.87746],[-76.9726,38.87744],[-76.97268,38.87739],[-76.97277,38.87734],[-76.97288,38.87727],[-76.97294,38.87722],[-76.973,38.87717],[-76.97304,38.87714],[-76.9731,38.8771],[-76.97316,38.87707],[-76.97328,38.87704],[-76.97345,38.87699],[-76.9736,38.87695],[-76.97434,38.87672],[-76.97443,38.87668],[-76.97472,38.8766],[-76.97479,38.87657],[-76.97484,38.87655],[-76.9749,38.87652],[-76.97499,38.87648],[-76.97608,38.87613],[-76.97668,38.87598],[-76.97678,38.87595],[-76.97705,38.87587],[-76.97729,38.87578],[-76.97744,38.87572],[-76.97825,38.87548],[-76.97838,38.87544],[-76.97855,38.87541],[-76.97872,38.87536],[-76.98037,38.87477],[-76.98048,38.87473],[-76.98058,38.87471],[-76.98069,38.87468],[-76.98087,38.87464],[-76.98128,38.87449],[-76.98161,38.87437],[-76.98179,38.87429],[-76.98192,38.87423],[-76.98219,38.87413],[-76.98281,38.87391],[-76.98299,38.87383],[-76.98318,38.87375],[-76.98328,38.8737],[-76.98395,38.8734],[-76.98407,38.87335],[-76.9849,38.87296],[-76.9867,38.87201],[-76.98755,38.87157],[-76.98763,38.87154],[-76.98774,38.87149],[-76.9879,38.87143],[-76.98804,38.87138],[-76.98818,38.87131],[-76.9885,38.87114],[-76.98867,38.87105],[-76.98926,38.8707],[-76.98966,38.87044],[-76.98995,38.87025],[-76.99025,38.87],[-76.99044,38.86984],[-76.99052,38.86976],[-76.99063,38.86969],[-76.99072,38.86963],[-76.99083,38.86955],[-76.99095,38.86944],[-76.99102,38.86937],[-76.99115,38.86925],[-76.99123,38.86917],[-76.99134,38.86906],[-76.99145,38.86895],[-76.99157,38.86885],[-76.99175,38.86875],[-76.99199,38.86863],[-76.99233,38.86848],[-76.99269,38.86835],[-76.99321,38.86822],[-76.99366,38.86815],[-76.99395,38.86812],[-76.99429,38.86812],[-76.99499,38.86815],[-76.99517,38.86816],[-76.99552,38.86818],[-76.99577,38.8682],[-76.99605,38.86825],[-76.9967,38.86837],[-76.99719,38.8685],[-76.99761,38.8686],[-76.99792,38.86868],[-76.99828,38.86877],[-76.99896,38.86893],[-76.99928,38.86902],[-76.99963,38.86912],[-77.00023,38.8693],[-77.00035,38.86935],[-77.00037,38.86926],[-77.00039,38.86923],[-77.00041,38.86919],[-77.00043,38.86915],[-77.00046,38.86912],[-77.00047,38.86906],[-77.00051,38.86902],[-77.00054,38.86895],[-77.00058,38.86886],[-77.00062,38.86877],[-77.00069,38.86866],[-77.00076,38.86848],[-77.00092,38.86819],[-77.00108,38.86788],[-77.00117,38.86767],[-77.00127,38.86756],[-77.00132,38.86753],[-77.00141,38.8675],[-77.00156,38.86749],[-77.0017,38.86753],[-77.00179,38.86757],[-77.00195,38.86763],[-77.00206,38.86764],[-77.00217,38.86765],[-77.0023,38.86763],[-77.00239,38.8676],[-77.00255,38.86754],[-77.00267,38.86751]]},"properties":{"name":" Anacostia River Trail","src":"dc"}},{"type":"Feature","geometry":{"type":"LineString","coordinates":[[-76.96141,38.88947],[-76.96139,38.88939],[-76.96139,38.88935],[-76.9614,38.88931],[-76.96141,38.88926],[-76.96143,38.88919],[-76.96147,38.88912],[-76.96156,38.88902],[-76.96166,38.88893],[-76.9617,38.88889],[-76.96174,38.88884],[-76.96176,38.8888],[-76.96178,38.88876],[-76.96179,38.88871],[-76.9618,38.88866],[-76.9618,38.8886],[-76.9618,38.88855],[-76.9618,38.88852],[-76.96182,38.8885],[-76.96185,38.88849],[-76.96188,38.88847],[-76.9619,38.88846],[-76.96194,38.88846],[-76.9621,38.88846]]},"properties":{"name":"Anacostia River Trail - East Capitol Connector","src":"dc"}},{"type":"Feature","geometry":{"type":"LineString","coordinates":[[-76.96181,38.89045],[-76.96185,38.89054],[-76.96187,38.89061],[-76.96189,38.89065],[-76.96188,38.89068],[-76.9616,38.89129],[-76.96155,38.89141],[-76.96151,38.89151],[-76.96148,38.8916],[-76.96147,38.89162],[-76.96145,38.89176],[-76.96144,38.89194],[-76.96144,38.89202],[-76.96144,38.89216],[-76.96145,38.89224],[-76.96145,38.89233],[-76.96144,38.89244],[-76.96144,38.89249],[-76.96142,38.89258],[-76.96141,38.89266],[-76.9614,38.89274],[-76.96139,38.89278],[-76.96137,38.89284],[-76.96135,38.89291],[-76.96133,38.89298],[-76.96132,38.89302],[-76.96131,38.89305],[-76.96129,38.89309],[-76.96127,38.89315],[-76.96126,38.89317],[-76.96123,38.89322],[-76.96119,38.89328],[-76.96116,38.89332],[-76.96111,38.89338],[-76.96107,38.89342],[-76.96104,38.89346],[-76.96099,38.8935],[-76.96091,38.89357],[-76.96083,38.89364],[-76.96075,38.8937],[-76.96065,38.89376],[-76.96054,38.89384],[-76.96046,38.8939],[-76.96039,38.89395],[-76.96035,38.894],[-76.96031,38.89404],[-76.96027,38.89407],[-76.96025,38.89411],[-76.96023,38.89415],[-76.9602,38.8942],[-76.96018,38.89426],[-76.96016,38.8943],[-76.96015,38.89433],[-76.96015,38.89437],[-76.96016,38.89442],[-76.96017,38.89446],[-76.96018,38.89452],[-76.96018,38.89456],[-76.96019,38.89461],[-76.96022,38.89465],[-76.96025,38.89469],[-76.96029,38.89474],[-76.96034,38.89482],[-76.96038,38.89488],[-76.96042,38.89494],[-76.96045,38.89498],[-76.9605,38.89504],[-76.96054,38.89508],[-76.96057,38.89514],[-76.9606,38.8952],[-76.96062,38.89524],[-76.96063,38.89528],[-76.96071,38.89574],[-76.96074,38.89591],[-76.96077,38.89605],[-76.96078,38.8961],[-76.96079,38.89613],[-76.96081,38.89616],[-76.96083,38.89621],[-76.96089,38.89629],[-76.96094,38.89635],[-76.96097,38.89638],[-76.96102,38.89643],[-76.96105,38.89647],[-76.96106,38.89653],[-76.96105,38.89667],[-76.96105,38.89673],[-76.96104,38.89681],[-76.96099,38.89729],[-76.961,38.89735],[-76.96103,38.89742],[-76.96105,38.89746],[-76.96106,38.89751],[-76.96106,38.89754],[-76.96106,38.89759],[-76.96099,38.89794],[-76.96097,38.89808],[-76.96096,38.89819],[-76.96097,38.89823],[-76.96097,38.89827],[-76.96099,38.8983],[-76.96101,38.89834],[-76.96103,38.89837],[-76.96107,38.89841],[-76.96111,38.89844],[-76.96115,38.89849],[-76.96118,38.89852],[-76.96121,38.89857],[-76.96123,38.89861],[-76.96124,38.89866],[-76.96124,38.89872],[-76.96124,38.89882],[-76.96124,38.89892],[-76.96124,38.89895],[-76.96124,38.899],[-76.96125,38.89904],[-76.96127,38.89911],[-76.96129,38.89918],[-76.96131,38.89922],[-76.96133,38.89929],[-76.96133,38.89936],[-76.96133,38.89942],[-76.96133,38.89949],[-76.96132,38.89953],[-76.9613,38.89958],[-76.96129,38.89962],[-76.96128,38.89967],[-76.96126,38.89971],[-76.96121,38.89979],[-76.96117,38.89985],[-76.9611,38.89995],[-76.96082,38.90031],[-76.96073,38.90043],[-76.96069,38.90047],[-76.96064,38.90053],[-76.9606,38.90059],[-76.96053,38.90068],[-76.96046,38.90076],[-76.96037,38.90085],[-76.96028,38.90091],[-76.96019,38.90096],[-76.9601,38.901],[-76.96001,38.90104],[-76.95992,38.90106],[-76.95982,38.90108],[-76.95972,38.9011],[-76.95959,38.90111],[-76.95949,38.90112],[-76.95939,38.90113],[-76.95932,38.90113],[-76.95925,38.90112],[-76.9592,38.90111],[-76.95915,38.90109],[-76.95909,38.90109],[-76.95903,38.90108],[-76.95897,38.90109],[-76.95893,38.9011],[-76.95886,38.90111],[-76.95879,38.90112],[-76.95873,38.90112],[-76.95866,38.90112],[-76.95859,38.90113],[-76.95852,38.90112],[-76.95847,38.90111],[-76.95841,38.90109],[-76.95832,38.90106],[-76.95828,38.90105],[-76.95823,38.90105],[-76.95819,38.90106],[-76.95813,38.90109],[-76.95809,38.90113],[-76.95807,38.90119],[-76.95797,38.90148],[-76.95797,38.9015],[-76.95796,38.90153],[-76.95796,38.90158],[-76.95796,38.90162],[-76.95796,38.90165],[-76.95794,38.90169],[-76.95791,38.90173],[-76.95788,38.90176],[-76.95784,38.9018],[-76.95782,38.90182],[-76.95772,38.90194],[-76.95764,38.90199]]},"properties":{"name":"Anacostia River Trail","src":"dc"}},{"type":"Feature","geometry":{"type":"LineString","coordinates":[[-76.95764,38.90199],[-76.95758,38.902],[-76.95753,38.90199],[-76.95748,38.90198],[-76.95742,38.90197],[-76.95734,38.90195],[-76.95723,38.90192],[-76.95713,38.90191],[-76.95704,38.9019],[-76.95694,38.90191],[-76.9568,38.90193],[-76.9567,38.90193],[-76.95664,38.90194],[-76.95637,38.90193],[-76.95627,38.90194],[-76.95618,38.90195],[-76.95604,38.90197],[-76.95592,38.902],[-76.95581,38.90203],[-76.95574,38.90205],[-76.95568,38.90208],[-76.95564,38.90209],[-76.9556,38.90209],[-76.95553,38.90209],[-76.95538,38.90209]]},"properties":{"name":"Anacostia River Trail","src":"dc"}},{"type":"Feature","geometry":{"type":"LineString","coordinates":[[-76.94877,38.9053],[-76.94872,38.90533],[-76.94868,38.90537],[-76.94866,38.90541],[-76.94862,38.90548],[-76.94858,38.90553],[-76.94855,38.90556],[-76.94853,38.90559],[-76.9483,38.9057],[-76.94817,38.90576],[-76.94803,38.90581],[-76.94784,38.90586],[-76.94777,38.90588],[-76.94775,38.90589],[-76.9477,38.90592],[-76.94765,38.90596],[-76.94762,38.90598],[-76.94757,38.90602],[-76.94754,38.90604],[-76.94752,38.90608],[-76.94748,38.90614],[-76.94745,38.90618],[-76.94739,38.90625],[-76.94735,38.90631],[-76.94732,38.90635],[-76.94728,38.9064],[-76.94724,38.90643],[-76.94719,38.90646],[-76.94711,38.9065],[-76.94679,38.9066],[-76.94667,38.90665],[-76.94659,38.90669],[-76.94654,38.90673],[-76.94651,38.90675],[-76.94646,38.9068],[-76.94642,38.90686],[-76.94639,38.90691],[-76.94635,38.90699],[-76.94632,38.90707],[-76.9463,38.90712],[-76.94627,38.90716],[-76.94625,38.90719],[-76.94622,38.90722],[-76.94618,38.90726],[-76.94614,38.90729],[-76.9461,38.90735],[-76.94608,38.90739],[-76.94606,38.90744],[-76.94606,38.90749],[-76.94608,38.90752],[-76.94639,38.90833],[-76.94646,38.90852],[-76.94649,38.90859],[-76.94653,38.90864],[-76.94656,38.90867],[-76.94661,38.90871],[-76.94672,38.90876],[-76.94687,38.90882],[-76.94725,38.90895],[-76.94762,38.90909],[-76.94782,38.90917],[-76.94801,38.90925],[-76.94819,38.90935],[-76.94833,38.90945],[-76.9484,38.9095],[-76.94845,38.90955],[-76.94858,38.90971],[-76.94865,38.9098],[-76.94871,38.90988],[-76.94876,38.90993],[-76.94881,38.90997],[-76.94886,38.91002],[-76.94892,38.91005],[-76.94902,38.9101],[-76.94911,38.91013],[-76.94918,38.91015],[-76.94925,38.91016],[-76.94936,38.91018],[-76.94947,38.91018],[-76.94963,38.91019],[-76.94973,38.91021],[-76.94988,38.91024],[-76.95001,38.91027],[-76.95012,38.9103],[-76.95023,38.91033],[-76.95033,38.91037],[-76.95048,38.91044],[-76.95062,38.9105],[-76.95071,38.91055],[-76.95076,38.91056],[-76.95084,38.91057],[-76.95091,38.91059],[-76.95097,38.9106],[-76.95105,38.9106],[-76.95111,38.9106],[-76.95118,38.91061],[-76.95123,38.91062],[-76.9513,38.91064],[-76.95136,38.91066],[-76.95146,38.9107],[-76.95154,38.91072],[-76.95161,38.91073],[-76.95168,38.91074],[-76.95175,38.91073],[-76.95182,38.91072],[-76.95189,38.91069],[-76.95201,38.91065],[-76.9523,38.91052],[-76.9524,38.91048],[-76.95247,38.91045],[-76.95254,38.91042],[-76.9526,38.91042],[-76.95269,38.91041],[-76.95277,38.91042],[-76.95283,38.91045],[-76.95291,38.91048],[-76.95298,38.91052]]},"properties":{"name":"Anacostia River Trail","src":"dc"}},{"type":"Feature","geometry":{"type":"LineString","coordinates":[[-76.94358,38.91614],[-76.94347,38.91621],[-76.94337,38.91627],[-76.94328,38.91631],[-76.94319,38.91635],[-76.94316,38.91637],[-76.94312,38.91639],[-76.9431,38.91641],[-76.94308,38.91643],[-76.94307,38.91646],[-76.94307,38.91649],[-76.94305,38.91684],[-76.94305,38.91687],[-76.94303,38.9169],[-76.94301,38.91693],[-76.9429,38.91704],[-76.94286,38.91708],[-76.9428,38.91713],[-76.94268,38.91721],[-76.94239,38.91744],[-76.94215,38.91764],[-76.94211,38.91766],[-76.94207,38.9177],[-76.94204,38.91773],[-76.94202,38.91776],[-76.94201,38.91781],[-76.94197,38.91793],[-76.94195,38.91797],[-76.94191,38.91803],[-76.94185,38.9181],[-76.94169,38.91822],[-76.9416,38.91828]]},"properties":{"name":"Anacostia River Trail","src":"dc"}},{"type":"Feature","geometry":{"type":"LineString","coordinates":[[-76.95298,38.91052],[-76.953,38.91059],[-76.95301,38.91065],[-76.95302,38.91069],[-76.95301,38.91074],[-76.95298,38.9108],[-76.95295,38.91086],[-76.95292,38.91094],[-76.9529,38.911],[-76.95288,38.91104],[-76.95287,38.9111],[-76.95286,38.91116],[-76.95285,38.91119],[-76.95287,38.91123],[-76.95295,38.91137],[-76.95301,38.91145],[-76.95304,38.91149],[-76.95305,38.91153],[-76.95306,38.91156],[-76.95306,38.9116],[-76.95305,38.91166],[-76.95303,38.91171],[-76.95303,38.91176],[-76.95304,38.91181],[-76.95305,38.91185],[-76.95308,38.91194],[-76.9531,38.912],[-76.95311,38.91203],[-76.95309,38.91207],[-76.95306,38.91211],[-76.95302,38.91217],[-76.95294,38.91227],[-76.95291,38.9123],[-76.95289,38.91235],[-76.95288,38.9124],[-76.95287,38.91244],[-76.95286,38.91249],[-76.95287,38.91254],[-76.95287,38.91259],[-76.95288,38.91264],[-76.95288,38.91268],[-76.95288,38.91274],[-76.95287,38.91279],[-76.95286,38.91284],[-76.95284,38.91289],[-76.95282,38.91295],[-76.95281,38.91299],[-76.9528,38.91304],[-76.95278,38.9131],[-76.95277,38.91313],[-76.95276,38.9132],[-76.95274,38.91335],[-76.95272,38.91341],[-76.9527,38.91343],[-76.95264,38.9135],[-76.9526,38.91356],[-76.95257,38.9136],[-76.95253,38.91363],[-76.95252,38.91368],[-76.9525,38.91373],[-76.95248,38.91378],[-76.95247,38.91381],[-76.95242,38.91385],[-76.95236,38.91391],[-76.95231,38.91394],[-76.95228,38.91397],[-76.95224,38.91401],[-76.9522,38.91405],[-76.95217,38.91409],[-76.95213,38.91413],[-76.95209,38.91417],[-76.95204,38.91421],[-76.95197,38.91422],[-76.95189,38.91423],[-76.95177,38.91424],[-76.95165,38.91424],[-76.9516,38.91424],[-76.95154,38.91426],[-76.95148,38.91428],[-76.95144,38.91429],[-76.95139,38.91434],[-76.95136,38.91436],[-76.95131,38.91439],[-76.95123,38.91441],[-76.95115,38.91444],[-76.95087,38.91444],[-76.9508,38.91445],[-76.95075,38.91444],[-76.95071,38.91443],[-76.95069,38.9144],[-76.95066,38.91437],[-76.95061,38.91434],[-76.95053,38.91431],[-76.9505,38.9143],[-76.95046,38.9143],[-76.95039,38.91432],[-76.95034,38.91433],[-76.95026,38.91433],[-76.9502,38.91433],[-76.95015,38.91433],[-76.95009,38.91433],[-76.95004,38.91432],[-76.94995,38.91431],[-76.9499,38.91431],[-76.94988,38.91432],[-76.94981,38.91432],[-76.94977,38.91432],[-76.94966,38.91429],[-76.94954,38.91426],[-76.94946,38.91425],[-76.94943,38.91426],[-76.94934,38.9143],[-76.94924,38.91431],[-76.94919,38.91432],[-76.94914,38.91432],[-76.94896,38.91429],[-76.94893,38.91428],[-76.94891,38.91428],[-76.94877,38.9143],[-76.94867,38.91431],[-76.94859,38.91431],[-76.94856,38.91431],[-76.94815,38.91423],[-76.94811,38.91423],[-76.94805,38.91423],[-76.94803,38.91423],[-76.948,38.91424],[-76.94776,38.91436],[-76.94771,38.91437],[-76.94757,38.91439],[-76.94735,38.91436],[-76.94718,38.9143],[-76.94708,38.91426],[-76.94705,38.91425],[-76.94701,38.91425],[-76.94697,38.91425],[-76.94689,38.91427],[-76.94679,38.91431],[-76.9467,38.91435],[-76.9466,38.91439],[-76.94654,38.91441],[-76.94619,38.91445],[-76.94596,38.91451],[-76.9459,38.91452],[-76.94578,38.91452],[-76.94567,38.91453],[-76.94552,38.91453],[-76.94544,38.91454],[-76.94536,38.91455],[-76.94527,38.91457],[-76.9452,38.91458],[-76.94514,38.91461],[-76.94508,38.91464],[-76.94503,38.91468],[-76.94496,38.91475],[-76.94493,38.91478],[-76.9449,38.91483],[-76.94488,38.91489],[-76.94483,38.91495],[-76.9448,38.915],[-76.94476,38.91505],[-76.94473,38.91508],[-76.9447,38.91511],[-76.94464,38.91515],[-76.94461,38.91518],[-76.94459,38.91521],[-76.94454,38.91527],[-76.94449,38.91535],[-76.94442,38.91543],[-76.94437,38.9155],[-76.94435,38.91552],[-76.94432,38.91555],[-76.94427,38.91558],[-76.94414,38.91568],[-76.94406,38.91575],[-76.94404,38.91577],[-76.944,38.91582],[-76.94397,38.91585],[-76.94393,38.91588],[-76.94388,38.91592],[-76.94381,38.91597],[-76.94372,38.91604],[-76.94361,38.91613],[-76.94358,38.91614]]},"properties":{"name":"Anacostia River Trail","src":"dc"}},{"type":"Feature","geometry":{"type":"LineString","coordinates":[[-77.01323,38.81425],[-77.01318,38.81421],[-77.01302,38.81411],[-77.01294,38.81405],[-77.01287,38.81398],[-77.01281,38.81394],[-77.01276,38.81388],[-77.01271,38.81381],[-77.01266,38.81374],[-77.0126,38.81362],[-77.01255,38.81353],[-77.01239,38.81323],[-77.01236,38.8132],[-77.01233,38.81316],[-77.01228,38.81312],[-77.01225,38.81308],[-77.0122,38.81306],[-77.01213,38.81303],[-77.01205,38.81302],[-77.01192,38.813],[-77.01175,38.81298]]},"properties":{"name":" Oxon Cove Connector","src":"dc"}},{"type":"Feature","geometry":{"type":"LineString","coordinates":[[-76.9676,38.8898],[-76.9676,38.88995],[-76.9676,38.88998],[-76.96761,38.89],[-76.96762,38.89002],[-76.96764,38.89005],[-76.96767,38.89009],[-76.96772,38.89014],[-76.96776,38.89018],[-76.96783,38.89025],[-76.96791,38.89031],[-76.96805,38.89042],[-76.96813,38.89049],[-76.9682,38.89054],[-76.96826,38.89059],[-76.96831,38.89064],[-76.96841,38.89071],[-76.96849,38.89077],[-76.96857,38.89083],[-76.96866,38.89091],[-76.96869,38.89094],[-76.96871,38.89096],[-76.96874,38.89099],[-76.96889,38.89126],[-76.96908,38.89162],[-76.96912,38.8917],[-76.96913,38.89174],[-76.96914,38.89178],[-76.96914,38.89184],[-76.96914,38.89189],[-76.96914,38.89194],[-76.96914,38.89198],[-76.96915,38.89208],[-76.96916,38.89212],[-76.96917,38.89214],[-76.9692,38.89218],[-76.96933,38.89234],[-76.96934,38.89236],[-76.96936,38.89239],[-76.96938,38.89242],[-76.96939,38.89247],[-76.9694,38.8925],[-76.9694,38.89254],[-76.96941,38.8926],[-76.96941,38.89269],[-76.9694,38.89283],[-76.96938,38.89292],[-76.96937,38.89295],[-76.96933,38.89306],[-76.96915,38.89335],[-76.96894,38.89371],[-76.96885,38.89387],[-76.96879,38.89397],[-76.96874,38.89406],[-76.96867,38.89425],[-76.96862,38.89442],[-76.96857,38.89453],[-76.96856,38.89455],[-76.96855,38.89459],[-76.96852,38.89462],[-76.96839,38.89477],[-76.96829,38.8949],[-76.96823,38.89499],[-76.96819,38.89505],[-76.96815,38.89512],[-76.96812,38.89519],[-76.96806,38.89533],[-76.96803,38.89541],[-76.968,38.89544],[-76.96796,38.8955],[-76.9679,38.89556],[-76.96787,38.89559],[-76.96785,38.89562],[-76.96782,38.89567],[-76.96778,38.89576],[-76.96775,38.89583],[-76.96771,38.8959],[-76.96768,38.89593],[-76.96764,38.89597],[-76.96759,38.89602],[-76.96756,38.89606],[-76.96739,38.89626],[-76.96725,38.89641],[-76.96721,38.89646],[-76.96713,38.89654],[-76.96702,38.89664],[-76.96694,38.89671],[-76.96685,38.89682],[-76.96681,38.89689],[-76.96674,38.89707],[-76.96668,38.89723],[-76.96667,38.8973]]},"properties":{"name":"Anacostia River Trail","src":"dc"}},{"type":"Feature","geometry":{"type":"LineString","coordinates":[[-76.9676,38.8898],[-76.96762,38.88961],[-76.96763,38.88952],[-76.96765,38.8894],[-76.96767,38.88929],[-76.96771,38.88914],[-76.96778,38.88898],[-76.96791,38.88875],[-76.96796,38.88866],[-76.96803,38.88852],[-76.96814,38.88829],[-76.96825,38.88812],[-76.96829,38.88806],[-76.96842,38.88787],[-76.96849,38.88776],[-76.96854,38.88768],[-76.96857,38.88762],[-76.9686,38.88757],[-76.96862,38.88751],[-76.96864,38.88737],[-76.96864,38.88725],[-76.96864,38.88721],[-76.96864,38.88718],[-76.96867,38.88713],[-76.96869,38.88709],[-76.96872,38.88705],[-76.96888,38.88692],[-76.96892,38.88687],[-76.96898,38.88681],[-76.9691,38.88667],[-76.96922,38.8865],[-76.9695,38.88611],[-76.96974,38.8858],[-76.96986,38.88563],[-76.97005,38.88537],[-76.9701,38.88531],[-76.97019,38.88519],[-76.97024,38.88512],[-76.97028,38.88506],[-76.9703,38.88501],[-76.97032,38.88496],[-76.97033,38.88489],[-76.97033,38.88484],[-76.97032,38.88479],[-76.97031,38.88472],[-76.9703,38.88467],[-76.9703,38.88462],[-76.9703,38.88457],[-76.97031,38.88452],[-76.97035,38.88447],[-76.97037,38.88444],[-76.97042,38.88442],[-76.97046,38.88439],[-76.97052,38.88436],[-76.97057,38.88434],[-76.9706,38.88431],[-76.97063,38.88429],[-76.97065,38.88427],[-76.97066,38.88421],[-76.9707,38.88415],[-76.97076,38.88405],[-76.97086,38.88389],[-76.97091,38.8838],[-76.97099,38.88369],[-76.97104,38.88361],[-76.97116,38.88342],[-76.97123,38.88331],[-76.97133,38.88314],[-76.97139,38.88304],[-76.97151,38.88289],[-76.97162,38.88272],[-76.97185,38.8824],[-76.97215,38.88197],[-76.97234,38.88169],[-76.97258,38.88135],[-76.97289,38.88089],[-76.97306,38.88064],[-76.97312,38.88054],[-76.97319,38.88045],[-76.97326,38.88038],[-76.97334,38.88027],[-76.97344,38.8802],[-76.97355,38.88015],[-76.9737,38.88011],[-76.974,38.88001],[-76.97419,38.87996],[-76.97429,38.87992],[-76.97445,38.87988],[-76.97454,38.87986],[-76.97462,38.87984],[-76.9747,38.87983],[-76.97476,38.87982],[-76.97489,38.8798],[-76.97501,38.87977],[-76.97513,38.87974],[-76.97526,38.8797],[-76.97541,38.87964],[-76.9755,38.8796],[-76.97561,38.87956],[-76.97579,38.8795],[-76.97608,38.87943],[-76.97626,38.87938],[-76.97661,38.87929],[-76.97668,38.87926],[-76.97674,38.87923],[-76.9768,38.87919],[-76.97685,38.87914],[-76.97688,38.87909],[-76.97697,38.87893],[-76.97725,38.87847],[-76.97733,38.87833],[-76.97736,38.87829],[-76.9774,38.87824],[-76.97745,38.87819],[-76.97751,38.87816],[-76.97757,38.87812],[-76.97766,38.87809],[-76.97776,38.87806],[-76.97782,38.87805],[-76.97787,38.87804],[-76.97796,38.87804],[-76.97806,38.87805],[-76.97816,38.87807],[-76.97826,38.87809],[-76.97832,38.8781],[-76.97838,38.8781],[-76.97845,38.87809],[-76.97854,38.87808],[-76.9786,38.87806],[-76.97869,38.87802],[-76.97875,38.87799],[-76.97882,38.87795],[-76.97889,38.87789],[-76.97893,38.87785],[-76.97898,38.8778],[-76.97901,38.87776],[-76.97902,38.87774],[-76.97904,38.87772],[-76.97906,38.87771],[-76.97912,38.87768],[-76.97917,38.87767],[-76.97969,38.87753],[-76.97979,38.87752],[-76.97986,38.87752],[-76.97992,38.87752],[-76.97999,38.87755],[-76.98005,38.87758]]},"properties":{"name":"Anacostia River Trail","src":"dc"}},{"type":"Feature","geometry":{"type":"LineString","coordinates":[[-76.98411,38.8767],[-76.98414,38.87665],[-76.98418,38.8766],[-76.98422,38.87657],[-76.98426,38.87654],[-76.98429,38.87652],[-76.98431,38.87649],[-76.98435,38.87645],[-76.98437,38.87642],[-76.98439,38.87639],[-76.9844,38.87636],[-76.98441,38.87633],[-76.98442,38.87629],[-76.98444,38.8762],[-76.98445,38.87614],[-76.98447,38.8761],[-76.98449,38.87607],[-76.98452,38.87604],[-76.98455,38.87602],[-76.98461,38.876],[-76.98468,38.87598],[-76.98474,38.87597],[-76.98483,38.87597],[-76.98487,38.87597],[-76.98494,38.87598],[-76.98507,38.876],[-76.98513,38.876],[-76.98516,38.87601],[-76.98519,38.87603]]},"properties":{"name":"Anacostia River Trail","src":"dc"}},{"type":"Feature","geometry":{"type":"LineString","coordinates":[]},"properties":{"name":"Anacostia Riverwalk Trail West Bank","src":"dc"}},{"type":"Feature","geometry":{"type":"LineString","coordinates":[]},"properties":{"name":"Anacostia Riverwalk Trail West Bank","src":"dc"}},{"type":"Feature","geometry":{"type":"LineString","coordinates":[]},"properties":{"name":"Anacostia Riverwalk Trail West Bank","src":"dc"}},{"type":"Feature","geometry":{"type":"LineString","coordinates":[]},"properties":{"name":"Anacostia Riverwalk Trail West Bank","src":"dc"}},{"type":"Feature","geometry":{"type":"LineString","coordinates":[[-76.99893,38.8728],[-76.9996,38.87288],[-77.00048,38.87295],[-77.00062,38.87321],[-77.00124,38.87321],[-77.00145,38.87305],[-77.00221,38.87305],[-77.00233,38.87304],[-77.0024,38.87278],[-77.00263,38.87273],[-77.00351,38.87254],[-77.00359,38.87253],[-77.00466,38.87208],[-77.00599,38.87154],[-77.00602,38.87119],[-77.00652,38.87084],[-77.00678,38.87052],[-77.00704,38.87018]]},"properties":{"name":" Anacostia Riverwalk Trail","src":"dc"}},{"type":"Feature","geometry":{"type":"LineString","coordinates":[[-77.02667,38.88121],[-77.02783,38.88164],[-77.02842,38.88188],[-77.02902,38.88212],[-77.02945,38.88225],[-77.02976,38.88233],[-77.03033,38.88249],[-77.03051,38.88254],[-77.03076,38.88262],[-77.03119,38.88283],[-77.03161,38.88308],[-77.03239,38.88346]]},"properties":{"name":"Anacostia River Trail","src":"dc"}},{"type":"Feature","geometry":{"type":"LineString","coordinates":[[-77.02066,38.87659],[-77.02076,38.87673],[-77.02121,38.87721],[-77.02168,38.87768],[-77.02285,38.87854],[-77.02317,38.8788],[-77.02369,38.8792],[-77.0239,38.87937],[-77.02407,38.8795],[-77.02416,38.87957],[-77.02426,38.87965],[-77.02436,38.87973],[-77.02454,38.87987],[-77.02468,38.87999],[-77.02494,38.88019],[-77.02507,38.88028],[-77.02532,38.88049],[-77.02547,38.8806],[-77.02559,38.8807],[-77.0257,38.88077],[-77.02579,38.88083],[-77.02588,38.88088],[-77.02597,38.88093],[-77.02606,38.88098],[-77.0262,38.88103],[-77.02631,38.88107],[-77.0264,38.88111],[-77.02655,38.88116],[-77.02667,38.88121]]},"properties":{"name":"Anacostia River Trail","src":"dc"}},{"type":"Feature","geometry":{"type":"LineString","coordinates":[[-77.05161,38.92145],[-77.05159,38.92151],[-77.05154,38.92164],[-77.05152,38.92169],[-77.05149,38.92178],[-77.05147,38.92187],[-77.05145,38.9219],[-77.05144,38.92195],[-77.05143,38.92201]]},"properties":{"name":"Rock Creek Park Multi-Use Trail","src":"dc"}},{"type":"Feature","geometry":{"type":"LineString","coordinates":[[-77.05102,38.92161],[-77.05101,38.92166],[-77.05101,38.92171],[-77.05098,38.92176],[-77.05095,38.92182],[-77.05092,38.92185],[-77.05087,38.9219],[-77.0508,38.92194],[-77.05054,38.92209],[-77.05051,38.92212]]},"properties":{"name":"Rock Creek Park Multi-Use Trail","src":"dc"}},{"type":"Feature","geometry":{"type":"LineString","coordinates":[[-77.04996,38.93388],[-77.05003,38.9339],[-77.05008,38.93391],[-77.05012,38.93393],[-77.05018,38.934]]},"properties":{"name":"Rock Creek Park Multi-Use Trail","src":"dc"}},{"type":"Feature","geometry":{"type":"LineString","coordinates":[[-77.05222,38.93849],[-77.0523,38.93854],[-77.05243,38.93862],[-77.05254,38.9387],[-77.05261,38.93877],[-77.05265,38.9388],[-77.05266,38.93916],[-77.05264,38.93929],[-77.05254,38.93941],[-77.05243,38.93983],[-77.05269,38.93987]]},"properties":{"name":"Rock Creek Park Multi-Use Trail","src":"dc"}},{"type":"Feature","geometry":{"type":"LineString","coordinates":[[-76.99619,38.93317],[-76.99608,38.93321],[-76.99579,38.93333],[-76.99543,38.93348],[-76.99539,38.93349],[-76.99536,38.9335],[-76.99533,38.93352],[-76.99529,38.93353],[-76.99525,38.93355],[-76.99522,38.93356],[-76.99518,38.93358],[-76.99514,38.9336],[-76.9951,38.93361],[-76.99506,38.93363],[-76.99503,38.93365],[-76.99499,38.93367],[-76.99498,38.93367]]},"properties":{"name":"Metropolitan Branch Trail Ne","src":"dc"}},{"type":"Feature","geometry":{"type":"LineString","coordinates":[]},"properties":{"name":"Metropolitan Branch Trail Ne","src":"dc"}},{"type":"Feature","geometry":{"type":"LineString","coordinates":[]},"properties":{"name":"Metropolitan Branch Trail Ne","src":"dc"}},{"type":"Feature","geometry":{"type":"LineString","coordinates":[[-76.96924,38.8894],[-76.96902,38.88953],[-76.96875,38.88962],[-76.96844,38.88966],[-76.96782,38.8897],[-76.96702,38.8897],[-76.96628,38.8897],[-76.96589,38.8897],[-76.9655,38.88971],[-76.96529,38.8897],[-76.9648,38.88971],[-76.96273,38.88971]]},"properties":{"name":"Whitney Young Memorial Bridge","src":"dc"}},{"type":"Feature","geometry":{"type":"LineString","coordinates":[[-76.96273,38.88971],[-76.96221,38.88963],[-76.96204,38.8896],[-76.96141,38.88947]]},"properties":{"name":"Whitney Young Memorial Bridge","src":"dc"}},{"type":"Feature","geometry":{"type":"LineString","coordinates":[[-76.94912,38.90565],[-76.94908,38.9056],[-76.94904,38.90556],[-76.949,38.90551],[-76.94899,38.9055],[-76.94895,38.90547],[-76.94893,38.90544],[-76.94891,38.90542],[-76.94886,38.90538],[-76.94882,38.90534],[-76.94881,38.90533],[-76.94877,38.9053]]},"properties":{"name":"Anacostia River Trail","src":"dc"}},{"type":"Feature","geometry":{"type":"LineString","coordinates":[[-76.94912,38.90565],[-76.94916,38.9057],[-76.9492,38.90575],[-76.94923,38.9058],[-76.94926,38.90585],[-76.94929,38.9059],[-76.94931,38.90595],[-76.94934,38.906],[-76.94936,38.90605],[-76.94938,38.9061],[-76.9494,38.90615],[-76.94942,38.90621],[-76.94943,38.90626],[-76.94944,38.90631],[-76.94946,38.90636],[-76.94947,38.90642],[-76.94949,38.90647],[-76.94951,38.90652],[-76.94953,38.90657],[-76.94955,38.90662],[-76.94957,38.90667],[-76.9496,38.90672],[-76.94962,38.90677],[-76.94966,38.90682],[-76.94969,38.90688],[-76.94973,38.90693],[-76.94977,38.90697],[-76.94981,38.90702],[-76.94986,38.90707],[-76.94991,38.90711],[-76.94996,38.90715],[-76.95001,38.90719],[-76.95007,38.90723],[-76.95013,38.90727],[-76.95019,38.9073],[-76.95026,38.90734],[-76.95033,38.90737],[-76.9504,38.9074],[-76.95047,38.90743],[-76.95054,38.90745],[-76.95062,38.90747],[-76.95069,38.9075],[-76.95077,38.90751],[-76.95083,38.90753],[-76.95088,38.90753],[-76.9509,38.90754],[-76.95097,38.90755],[-76.95104,38.90755],[-76.95111,38.90756],[-76.95118,38.90756],[-76.95125,38.90756],[-76.95132,38.90755],[-76.95139,38.90755],[-76.95146,38.90754],[-76.95153,38.90753],[-76.9516,38.90752],[-76.95167,38.90751],[-76.95174,38.90749],[-76.9518,38.90748],[-76.95187,38.90746],[-76.95194,38.90744],[-76.95198,38.90742],[-76.952,38.90741],[-76.95206,38.90739],[-76.95212,38.90736],[-76.95217,38.90733],[-76.95221,38.90731],[-76.95225,38.90728],[-76.9523,38.90726],[-76.95234,38.90723],[-76.95238,38.9072],[-76.95241,38.90717],[-76.95245,38.90714],[-76.95249,38.90711],[-76.95252,38.90708],[-76.95256,38.90704],[-76.95259,38.90701],[-76.95262,38.90697],[-76.95265,38.90694],[-76.95268,38.9069],[-76.95271,38.90686],[-76.95274,38.90682],[-76.95276,38.90678],[-76.95279,38.90674],[-76.95281,38.9067],[-76.95283,38.90666],[-76.95284,38.90661],[-76.95286,38.90657],[-76.95287,38.90653],[-76.95289,38.90648],[-76.9529,38.90644],[-76.95291,38.90639],[-76.95292,38.90635],[-76.95293,38.9063],[-76.95293,38.90625],[-76.95294,38.90622],[-76.95294,38.90618],[-76.95294,38.90614],[-76.95294,38.9061],[-76.95294,38.90606],[-76.95294,38.90602],[-76.95294,38.90598],[-76.95293,38.90595],[-76.95293,38.90591],[-76.95292,38.90587],[-76.95284,38.90554],[-76.95282,38.90549],[-76.9528,38.90544],[-76.95278,38.9054],[-76.95276,38.90535],[-76.95273,38.9053],[-76.9527,38.90526],[-76.95267,38.90522],[-76.95264,38.90517],[-76.95261,38.90513],[-76.95257,38.90509],[-76.95227,38.90483],[-76.95189,38.90452],[-76.95188,38.90451],[-76.95182,38.90446],[-76.95174,38.90438],[-76.95146,38.90415],[-76.95096,38.90373],[-76.95088,38.90366],[-76.95074,38.90354],[-76.95051,38.90335],[-76.95006,38.90296],[-76.94996,38.90289],[-76.94981,38.90276],[-76.94974,38.9027]]},"properties":{"name":"Anacostia River Trail","src":"dc"}},{"type":"Feature","geometry":{"type":"LineString","coordinates":[]},"properties":{"name":"Anacostia Riverwalk Trail East Bank","src":"dc"}},{"type":"Feature","geometry":{"type":"LineString","coordinates":[]},"properties":{"name":"Anacostia Riverwalk Trail East Bank","src":"dc"}},{"type":"Feature","geometry":{"type":"LineString","coordinates":[[-76.95306,38.9001],[-76.95297,38.90016],[-76.95256,38.90048],[-76.95209,38.90085],[-76.9515,38.90132],[-76.95142,38.90138],[-76.95132,38.90146],[-76.9512,38.90155],[-76.95051,38.9021],[-76.94986,38.90261],[-76.94983,38.90263],[-76.94974,38.9027]]},"properties":{"name":"Anacostia Riverwalk Trail East Bank","src":"dc"}},{"type":"Feature","geometry":{"type":"LineString","coordinates":[[-76.95538,38.90209],[-76.95537,38.90207],[-76.95533,38.90203],[-76.9553,38.90199],[-76.95526,38.90194],[-76.95523,38.9019],[-76.9552,38.90186],[-76.95516,38.90181],[-76.95508,38.9017],[-76.95505,38.90166],[-76.95503,38.90162],[-76.955,38.90158],[-76.95498,38.90154],[-76.95496,38.9015],[-76.95494,38.90146],[-76.95493,38.90142],[-76.95491,38.90138],[-76.9549,38.90134],[-76.95488,38.9013],[-76.95488,38.90128],[-76.95487,38.90126],[-76.95486,38.90124],[-76.95486,38.90123],[-76.95485,38.90121],[-76.95484,38.90119],[-76.95483,38.90117],[-76.95483,38.90115],[-76.95482,38.90113],[-76.95481,38.90111],[-76.95479,38.90108],[-76.95478,38.90106],[-76.95476,38.90103],[-76.95474,38.90101],[-76.95472,38.90098],[-76.9547,38.90096],[-76.95468,38.90093],[-76.95466,38.90091],[-76.95464,38.90089],[-76.95461,38.90087],[-76.9546,38.90085],[-76.95457,38.90083],[-76.95454,38.90081],[-76.95452,38.90078],[-76.95449,38.90076],[-76.95446,38.90074],[-76.95443,38.90072],[-76.9544,38.9007],[-76.95437,38.90068],[-76.95434,38.90066],[-76.95431,38.90064],[-76.95429,38.90063],[-76.95426,38.90062],[-76.95424,38.90061],[-76.95422,38.9006],[-76.95419,38.90058],[-76.95417,38.90057],[-76.95414,38.90056],[-76.95412,38.90055],[-76.95409,38.90055],[-76.95407,38.90054],[-76.95403,38.90053],[-76.95398,38.90051],[-76.95394,38.9005],[-76.9539,38.90049],[-76.95386,38.90048],[-76.95381,38.90047],[-76.95377,38.90046],[-76.95373,38.90044],[-76.95369,38.90043],[-76.95365,38.90042],[-76.95359,38.9004],[-76.95353,38.90038],[-76.95347,38.90035],[-76.95342,38.90033],[-76.95336,38.9003],[-76.95331,38.90027],[-76.95326,38.90024],[-76.95321,38.90021],[-76.95316,38.90018],[-76.95312,38.90015],[-76.95309,38.90012],[-76.95306,38.9001]]},"properties":{"name":"Anacostia River Trail","src":"dc"}},{"type":"Feature","geometry":{"type":"LineString","coordinates":[[-76.96501,38.88353],[-76.96501,38.88355],[-76.965,38.88358],[-76.96499,38.8836],[-76.96497,38.88364],[-76.96496,38.88367],[-76.96494,38.8837],[-76.96493,38.88373],[-76.96491,38.88376],[-76.96489,38.88379],[-76.96487,38.88382],[-76.96485,38.88385],[-76.96483,38.88388],[-76.9648,38.88391],[-76.96458,38.88419],[-76.96439,38.88445],[-76.96418,38.88472],[-76.96393,38.88505],[-76.96366,38.88541],[-76.96338,38.88579],[-76.96319,38.88606],[-76.963,38.88629],[-76.96289,38.88644],[-76.96288,38.88647],[-76.96286,38.88649],[-76.96285,38.88652],[-76.96283,38.88654],[-76.96282,38.88657],[-76.9628,38.88659],[-76.96279,38.88662],[-76.96278,38.88665],[-76.96277,38.88667],[-76.96276,38.8867],[-76.96264,38.88701],[-76.96258,38.88717],[-76.96255,38.88724],[-76.96253,38.88727],[-76.96251,38.88731],[-76.96249,38.88735],[-76.96247,38.88739],[-76.96245,38.88742],[-76.96243,38.88746],[-76.96241,38.8875],[-76.96238,38.88753],[-76.96236,38.88757],[-76.96234,38.8876],[-76.96221,38.88783],[-76.9622,38.88785],[-76.96218,38.88788],[-76.96217,38.88791],[-76.96216,38.88794],[-76.96215,38.88797],[-76.96214,38.88801],[-76.96213,38.88804],[-76.96213,38.88807],[-76.96212,38.8881],[-76.96212,38.88813],[-76.9621,38.88845],[-76.96209,38.88868],[-76.96209,38.88876],[-76.96209,38.88878],[-76.96209,38.8888],[-76.96209,38.88883],[-76.96209,38.88885],[-76.9621,38.88888],[-76.9621,38.8889],[-76.9621,38.88892],[-76.96211,38.88895],[-76.96212,38.88897],[-76.96212,38.88899],[-76.96213,38.88902],[-76.96214,38.88905],[-76.96214,38.88908],[-76.96215,38.88911],[-76.96215,38.88913],[-76.96216,38.88916],[-76.96216,38.88919],[-76.96216,38.88922],[-76.96217,38.88925],[-76.96217,38.88928],[-76.96217,38.88931],[-76.96217,38.88934],[-76.96217,38.88938],[-76.96217,38.88941],[-76.96217,38.88944],[-76.96217,38.88948],[-76.96217,38.88951],[-76.96217,38.88954],[-76.96216,38.88958],[-76.96214,38.88968],[-76.96213,38.88975],[-76.96212,38.8898],[-76.96208,38.89006],[-76.96208,38.89008],[-76.96207,38.8901],[-76.96207,38.89013],[-76.96206,38.89015],[-76.96205,38.89017],[-76.96204,38.89019],[-76.96204,38.89022],[-76.96203,38.89024],[-76.96202,38.89026],[-76.96201,38.89028],[-76.962,38.8903],[-76.96199,38.89032],[-76.96197,38.89034],[-76.96196,38.89035],[-76.96195,38.89037],[-76.96193,38.89038],[-76.96191,38.8904],[-76.9619,38.89041],[-76.96188,38.89042],[-76.96186,38.89044],[-76.96183,38.89044],[-76.96181,38.89045],[-76.96181,38.89045]]},"properties":{"name":"Anacostia River Trail","src":"dc"}},{"type":"Feature","geometry":{"type":"LineString","coordinates":[[-76.96181,38.89045],[-76.96179,38.89046],[-76.96177,38.89046],[-76.96174,38.89047],[-76.96172,38.89047],[-76.96169,38.89048],[-76.96167,38.89048],[-76.96165,38.89048],[-76.96162,38.89048],[-76.96159,38.89048],[-76.96156,38.89048],[-76.96153,38.89048],[-76.9615,38.89049],[-76.96147,38.89049],[-76.96144,38.89049],[-76.96141,38.89049],[-76.96138,38.8905],[-76.96135,38.8905],[-76.96123,38.89051]]},"properties":{"name":"Anacostia Riverwalk Trail East Bank","src":"dc"}},{"type":"Feature","geometry":{"type":"LineString","coordinates":[]},"properties":{"name":"Anacostia Riverwalk Trail West Bank","src":"dc"}},{"type":"Feature","geometry":{"type":"LineString","coordinates":[]},"properties":{"name":"Anacostia Riverwalk Trail West Bank","src":"dc"}},{"type":"Feature","geometry":{"type":"LineString","coordinates":[[-76.98936,38.87399],[-76.98939,38.87403],[-76.98936,38.87404],[-76.98933,38.87406],[-76.98929,38.87408],[-76.98926,38.87409],[-76.98923,38.87411],[-76.9892,38.87413],[-76.98917,38.87414],[-76.98914,38.87416],[-76.98912,38.87417],[-76.9891,38.87418],[-76.98907,38.87419],[-76.98905,38.8742],[-76.98903,38.87422],[-76.98901,38.87423],[-76.98898,38.87424],[-76.98896,38.87425],[-76.98894,38.87426],[-76.98891,38.87427],[-76.98889,38.87428],[-76.98886,38.87429],[-76.98884,38.8743],[-76.98881,38.87432],[-76.98879,38.87433],[-76.98876,38.87434],[-76.98874,38.87435],[-76.98872,38.87437],[-76.98869,38.87438],[-76.98867,38.87439],[-76.98865,38.87441],[-76.98863,38.87442],[-76.9886,38.87443],[-76.98858,38.87445],[-76.98856,38.87446],[-76.98854,38.87448],[-76.98852,38.87449],[-76.9885,38.8745],[-76.98848,38.87452],[-76.98846,38.87453],[-76.98844,38.87455],[-76.98842,38.87456],[-76.9884,38.87457],[-76.98839,38.87458],[-76.98837,38.8746],[-76.98835,38.87461],[-76.98833,38.87462],[-76.98831,38.87463],[-76.98829,38.87464],[-76.98827,38.87465],[-76.98814,38.87472],[-76.98811,38.87473],[-76.98808,38.87475],[-76.98805,38.87476],[-76.98802,38.87477],[-76.98799,38.87479],[-76.98796,38.8748],[-76.98793,38.87481],[-76.9879,38.87483],[-76.98787,38.87484],[-76.98784,38.87485],[-76.98781,38.87487],[-76.98778,38.87488],[-76.98774,38.8749],[-76.98771,38.87491],[-76.98768,38.87492],[-76.98764,38.87494],[-76.98761,38.87495],[-76.98758,38.87497],[-76.98754,38.87498],[-76.98751,38.87499],[-76.98738,38.87505],[-76.98737,38.87505],[-76.98736,38.87506],[-76.98735,38.87507],[-76.98733,38.87507],[-76.98732,38.87507],[-76.98731,38.87508],[-76.9873,38.87508],[-76.98729,38.87509],[-76.98728,38.87509],[-76.98727,38.8751],[-76.98718,38.87512],[-76.98716,38.87513],[-76.98714,38.87514],[-76.98711,38.87515],[-76.98709,38.87516],[-76.98707,38.87517],[-76.98705,38.87518],[-76.98703,38.87519],[-76.98701,38.87519],[-76.98699,38.8752],[-76.98696,38.87521],[-76.98689,38.87525],[-76.98687,38.87526],[-76.98685,38.87527],[-76.98684,38.87527],[-76.98682,38.87528],[-76.98681,38.87529],[-76.98679,38.8753],[-76.98677,38.87531],[-76.98676,38.87532],[-76.98674,38.87533],[-76.98673,38.87534],[-76.98671,38.87535],[-76.98669,38.87536],[-76.98667,38.87537],[-76.98665,38.87538],[-76.98663,38.87539],[-76.98661,38.8754],[-76.98659,38.87541],[-76.98657,38.87542],[-76.98655,38.87543],[-76.98653,38.87544],[-76.9864,38.87551],[-76.98623,38.87559],[-76.98621,38.8756],[-76.98618,38.87561],[-76.98616,38.87562],[-76.98614,38.87563],[-76.98611,38.87564],[-76.98611,38.87565],[-76.98609,38.87565],[-76.98608,38.87566],[-76.98607,38.87566],[-76.98606,38.87567],[-76.98605,38.87567],[-76.98604,38.87568],[-76.98603,38.87569],[-76.98601,38.87569],[-76.986,38.8757],[-76.98599,38.8757],[-76.98598,38.87571],[-76.98597,38.87572],[-76.98595,38.87573],[-76.98594,38.87574],[-76.98593,38.87574],[-76.98591,38.87575],[-76.9859,38.87576],[-76.98589,38.87576],[-76.98587,38.87577],[-76.98586,38.87578],[-76.98584,38.87578],[-76.98583,38.87579],[-76.98581,38.8758],[-76.9858,38.8758],[-76.98578,38.87581],[-76.98577,38.87581],[-76.98575,38.87582],[-76.98574,38.87583],[-76.98572,38.87583],[-76.98571,38.87584],[-76.98569,38.87584],[-76.98568,38.87585],[-76.98566,38.87585],[-76.98564,38.87586],[-76.98563,38.87586],[-76.98561,38.87587],[-76.9856,38.87588],[-76.98558,38.87588],[-76.98556,38.87589],[-76.98555,38.87589],[-76.98553,38.8759],[-76.98551,38.8759],[-76.9855,38.87591],[-76.98548,38.87591],[-76.98546,38.87591],[-76.98545,38.87592],[-76.98543,38.87592],[-76.98541,38.87593],[-76.9854,38.87593],[-76.98538,38.87594],[-76.98537,38.87594],[-76.98536,38.87594],[-76.98535,38.87595],[-76.98526,38.87598],[-76.98523,38.876],[-76.98508,38.87612],[-76.98463,38.87642],[-76.98455,38.8766],[-76.98447,38.87664],[-76.98322,38.87686],[-76.98249,38.87702],[-76.9822,38.87714],[-76.98181,38.87717],[-76.98147,38.87719],[-76.98101,38.87736],[-76.98065,38.87744],[-76.98005,38.87758]]},"properties":{"name":"Anacostia Riverwalk Trail","src":"dc"}},{"type":"Feature","geometry":{"type":"LineString","coordinates":[[-77.01372,38.86392],[-77.01375,38.87199],[-77.01424,38.872],[-77.01503,38.872],[-77.016,38.87201],[-77.01675,38.872],[-77.01697,38.87199],[-77.01732,38.872],[-77.01739,38.872],[-77.01748,38.87201],[-77.0176,38.87204],[-77.01766,38.87207]]},"properties":{"name":"Anacostia River Trail - West Bank","src":"dc"}},{"type":"Feature","geometry":{"type":"LineString","coordinates":[[-77.01068,38.86602],[-77.01072,38.86586],[-77.01073,38.86577],[-77.01073,38.86574],[-77.01072,38.86561],[-77.01071,38.86558],[-77.0107,38.8655],[-77.01069,38.86543],[-77.01067,38.86517],[-77.01068,38.8651],[-77.01069,38.86505],[-77.01072,38.86497],[-77.01098,38.86462],[-77.01219,38.86461],[-77.0122,38.86391]]},"properties":{"name":"Anacostia River Trail - West Bank","src":"dc"}},{"type":"Feature","geometry":{"type":"LineString","coordinates":[[-77.02068,38.87657],[-77.02074,38.87648],[-77.02076,38.87643],[-77.02077,38.87641],[-77.02079,38.87636],[-77.0208,38.87635],[-77.02081,38.87629],[-77.02081,38.87616],[-77.02081,38.87606],[-77.02081,38.87592],[-77.02082,38.87585],[-77.02082,38.87578],[-77.02081,38.87569],[-77.0208,38.87562],[-77.02081,38.87555],[-77.02082,38.87546],[-77.02084,38.8754],[-77.02088,38.87533],[-77.02093,38.87525],[-77.02095,38.87519],[-77.02095,38.87513],[-77.02091,38.87503],[-77.02087,38.87499],[-77.02078,38.87492],[-77.02075,38.8749],[-77.02071,38.87487],[-77.02066,38.87482],[-77.02062,38.87476],[-77.0206,38.87469],[-77.02058,38.87434],[-77.02064,38.87425],[-77.0194,38.87209],[-77.01767,38.87207]]},"properties":{"name":"Anacostia River Trail - West Bank","src":"dc"}},{"type":"Feature","geometry":{"type":"LineString","coordinates":[[-77.03361,38.88227],[-77.03366,38.88223],[-77.03371,38.88219],[-77.03377,38.88214],[-77.03381,38.8821],[-77.0339,38.88201],[-77.03408,38.8818],[-77.03427,38.88154],[-77.03432,38.88148],[-77.03436,38.88143],[-77.0344,38.88138],[-77.03443,38.88134],[-77.03451,38.88127],[-77.03457,38.88121],[-77.03462,38.88117],[-77.03465,38.88114],[-77.03468,38.88111],[-77.03471,38.88107],[-77.03473,38.88104],[-77.03475,38.881],[-77.03475,38.88098],[-77.03476,38.88093],[-77.03476,38.88087],[-77.03474,38.8808],[-77.03474,38.88076],[-77.03474,38.88073],[-77.03474,38.88071],[-77.03475,38.88068],[-77.03477,38.88064],[-77.03479,38.8806],[-77.03483,38.88056],[-77.03493,38.88049],[-77.03502,38.88045],[-77.03507,38.88042],[-77.03513,38.88032],[-77.03519,38.88019],[-77.03526,38.88008],[-77.03529,38.88005],[-77.03534,38.88003],[-77.0355,38.87998],[-77.03562,38.87995],[-77.03586,38.87993],[-77.03599,38.87994],[-77.03687,38.87994],[-77.03711,38.87995],[-77.03783,38.87993],[-77.03811,38.87994],[-77.0383,38.87997],[-77.03865,38.88003],[-77.03895,38.88011],[-77.03905,38.88013],[-77.03915,38.88015],[-77.03931,38.88014],[-77.03972,38.88006],[-77.03979,38.88004],[-77.0399,38.88006],[-77.03995,38.88007],[-77.04024,38.88024],[-77.04048,38.88037],[-77.04057,38.88041],[-77.04061,38.88043],[-77.04064,38.88044],[-77.04067,38.88039]]},"properties":{"name":"Rock Creek Park Multi-Use Trail","src":"dc"}},{"type":"Feature","geometry":{"type":"LineString","coordinates":[[-77.04067,38.88039],[-77.04069,38.88035],[-77.04074,38.88033],[-77.0408,38.88032],[-77.04089,38.88031],[-77.04098,38.88028],[-77.04104,38.88026],[-77.04114,38.88023],[-77.04123,38.88021],[-77.04131,38.8802],[-77.04139,38.88019],[-77.04148,38.8802],[-77.04152,38.8802],[-77.04159,38.88021],[-77.04168,38.88024],[-77.04171,38.88025],[-77.0418,38.88029],[-77.04203,38.88043],[-77.04241,38.88068],[-77.04288,38.88099],[-77.04318,38.8812],[-77.04354,38.88145],[-77.0439,38.88171],[-77.04429,38.88199],[-77.04471,38.8823],[-77.04511,38.88259],[-77.04552,38.8829],[-77.0459,38.8832],[-77.04617,38.88342],[-77.04643,38.88363],[-77.04669,38.88385],[-77.04702,38.88413],[-77.04734,38.8844],[-77.0477,38.88471],[-77.04809,38.88505],[-77.04852,38.88545],[-77.04891,38.8858],[-77.04907,38.88591],[-77.04909,38.88593],[-77.04929,38.88605],[-77.04962,38.88625],[-77.04973,38.88632],[-77.04982,38.88637],[-77.04985,38.88638],[-77.04992,38.8864],[-77.04995,38.88641],[-77.05004,38.88641],[-77.05014,38.88641],[-77.05018,38.88641],[-77.05023,38.88642],[-77.0503,38.88644],[-77.05036,38.88646],[-77.05038,38.88647],[-77.05041,38.88649],[-77.05048,38.88655],[-77.0505,38.88657],[-77.05051,38.88658],[-77.05055,38.88668],[-77.05059,38.88676],[-77.05062,38.88682],[-77.05064,38.88686],[-77.05066,38.88687],[-77.05069,38.88688],[-77.05072,38.8869],[-77.05075,38.88692],[-77.05078,38.88694],[-77.05083,38.88697],[-77.05103,38.8871],[-77.05116,38.88718],[-77.05138,38.88734],[-77.05149,38.88742],[-77.05175,38.88764],[-77.05194,38.8878],[-77.05197,38.88784],[-77.05206,38.88793],[-77.05216,38.88805],[-77.05218,38.88808],[-77.05227,38.8882],[-77.05238,38.88836],[-77.05243,38.88845]]},"properties":{"name":"Rock Creek Park Multi-Use Trail","src":"dc"}},{"type":"Feature","geometry":{"type":"LineString","coordinates":[[-77.05243,38.88845],[-77.05249,38.88856]]},"properties":{"name":"Rock Creek Park Multi-Use Trail","src":"dc"}},{"type":"Feature","geometry":{"type":"LineString","coordinates":[[-77.05243,38.88845],[-77.05249,38.88856]]},"properties":{"name":"Rock Creek Park Multi-Use Trail","src":"dc"}},{"type":"Feature","geometry":{"type":"LineString","coordinates":[]},"properties":{"name":"Rock Creek Park Multi-Use Trail","src":"dc"}},{"type":"Feature","geometry":{"type":"LineString","coordinates":[]},"properties":{"name":"Rock Creek Park Multi-Use Trail","src":"dc"}},{"type":"Feature","geometry":{"type":"LineString","coordinates":[]},"properties":{"name":"Rock Creek Park Multi-Use Trail","src":"dc"}},{"type":"Feature","geometry":{"type":"LineString","coordinates":[[-77.05132,38.90923],[-77.05137,38.90926],[-77.05174,38.90929],[-77.0519,38.90928],[-77.05211,38.9093],[-77.05226,38.90932],[-77.05234,38.90935],[-77.05243,38.90943],[-77.05251,38.90949],[-77.05274,38.90943]]},"properties":{"name":"Rock Creek Park Multi-Use Trail","src":"dc"}},{"type":"Feature","geometry":{"type":"LineString","coordinates":[[-76.98851,38.83984],[-76.98852,38.83944],[-76.98853,38.83925],[-76.98855,38.83908],[-76.98864,38.83894],[-76.98875,38.83886],[-76.98885,38.83878],[-76.98907,38.83875],[-76.9896,38.83868],[-76.99009,38.83859],[-76.99038,38.83853],[-76.99079,38.83847],[-76.99093,38.83846],[-76.99125,38.83837],[-76.99198,38.83823]]},"properties":{"name":"Oxon Run Trail","src":"dc"}},{"type":"Feature","geometry":{"type":"LineString","coordinates":[[-76.98903,38.83977],[-76.98918,38.83957],[-76.98921,38.83952],[-76.98922,38.83942],[-76.98918,38.83925],[-76.98917,38.83915],[-76.98917,38.83911],[-76.9892,38.83908],[-76.98924,38.83903],[-76.98932,38.83898],[-76.98942,38.83893],[-76.98956,38.83871],[-76.98957,38.83868],[-76.9896,38.83863],[-76.9896,38.8386],[-76.98936,38.83769]]},"properties":{"name":"Oxon Run Trail","src":"dc"}},{"type":"Feature","geometry":{"type":"LineString","coordinates":[[-76.99178,38.83786],[-76.99158,38.83789],[-76.99118,38.83795],[-76.99072,38.83803],[-76.99029,38.83809],[-76.9899,38.83815],[-76.98949,38.83822],[-76.9891,38.83823],[-76.9886,38.83813],[-76.98841,38.83796],[-76.98834,38.83789]]},"properties":{"name":"Oxon Run Trail","src":"dc"}},{"type":"Feature","geometry":{"type":"LineString","coordinates":[[-76.99162,38.83905],[-76.99172,38.83897],[-76.99205,38.8388],[-76.99216,38.83866],[-76.99219,38.83855],[-76.99214,38.83842],[-76.99211,38.83834],[-76.99203,38.83827],[-76.99198,38.83823],[-76.99194,38.83816],[-76.99186,38.83801],[-76.99178,38.83786],[-76.99178,38.83782],[-76.99168,38.83762],[-76.99167,38.83743],[-76.99164,38.83733],[-76.99156,38.83719]]},"properties":{"name":"Oxon Run Trail","src":"dc"}},{"type":"Feature","geometry":{"type":"LineString","coordinates":[[-76.99341,38.83791],[-76.99339,38.83788],[-76.99337,38.83784],[-76.99335,38.83779],[-76.99334,38.83774],[-76.99332,38.83772],[-76.99328,38.8377],[-76.99324,38.83769],[-76.99317,38.83771],[-76.99306,38.83776],[-76.99299,38.83777],[-76.99288,38.83779],[-76.99269,38.83783],[-76.99264,38.83784],[-76.99251,38.83791],[-76.99231,38.83801],[-76.99221,38.83805],[-76.99198,38.83815],[-76.99195,38.83817]]},"properties":{"name":"Oxon Run Trail","src":"dc"}},{"type":"Feature","geometry":{"type":"LineString","coordinates":[[-76.9913,38.83793],[-76.99144,38.83787],[-76.99171,38.83778],[-76.99184,38.83774],[-76.99201,38.83767],[-76.99221,38.83756],[-76.99246,38.8375],[-76.9927,38.83745],[-76.9929,38.83738],[-76.99305,38.83729],[-76.99309,38.83716],[-76.9931,38.83697],[-76.99315,38.8368]]},"properties":{"name":"Oxon Run Trail","src":"dc"}},{"type":"Feature","geometry":{"type":"LineString","coordinates":[[-76.99315,38.83681],[-76.99343,38.83672],[-76.99349,38.8367],[-76.99454,38.83644],[-76.99499,38.83632],[-76.99514,38.83628],[-76.99526,38.83626],[-76.99539,38.83621],[-76.99556,38.83616],[-76.99592,38.83603],[-76.996,38.83608],[-76.99618,38.83617],[-76.99635,38.83618],[-76.99661,38.83612],[-76.99678,38.83613],[-76.99694,38.83605],[-76.99706,38.83591],[-76.9972,38.83576],[-76.99728,38.83565],[-76.99737,38.83558],[-76.99745,38.8355],[-76.99754,38.83541],[-76.9976,38.83536],[-76.99772,38.83528],[-76.99813,38.83502],[-76.99846,38.83482],[-76.99857,38.83476],[-76.99869,38.83465],[-76.9988,38.83456],[-76.99884,38.83452],[-76.99889,38.8345],[-76.99895,38.83447],[-76.99922,38.8344],[-76.99928,38.83439],[-76.99973,38.83415],[-76.99978,38.83412],[-76.99983,38.83409],[-77.00006,38.83385]]},"properties":{"name":" Oxon Run Trail","src":"dc"}},{"type":"Feature","geometry":{"type":"LineString","coordinates":[[-76.99445,38.83765],[-76.99466,38.83763],[-76.99492,38.83758],[-76.99515,38.83752],[-76.99559,38.83737],[-76.99566,38.83734],[-76.99572,38.83731],[-76.99574,38.83726],[-76.99582,38.83721],[-76.99598,38.83713],[-76.99614,38.83708],[-76.99627,38.83703],[-76.9964,38.83698],[-76.99648,38.83692],[-76.99671,38.83674],[-76.9969,38.83665],[-76.99714,38.83654],[-76.99732,38.83649],[-76.99738,38.83643],[-76.99748,38.83636],[-76.99779,38.83616],[-76.99795,38.83608],[-76.99821,38.83597],[-76.99837,38.83588],[-76.99847,38.83582],[-76.99858,38.83573],[-76.99865,38.83568],[-76.99871,38.83556],[-76.99874,38.83541],[-76.99891,38.83516],[-76.99904,38.83508],[-76.99945,38.8349],[-76.99969,38.83476],[-76.99983,38.83468],[-76.99995,38.83465],[-77.00009,38.83464],[-77.00028,38.83472],[-77.00036,38.83481],[-77.0004,38.83497],[-77.00041,38.83525],[-77.00047,38.83526],[-77.00074,38.8352]]},"properties":{"name":" Oxon Run Trail","src":"dc"}},{"type":"Feature","geometry":{"type":"LineString","coordinates":[[-76.9985,38.83746],[-76.99847,38.83727],[-76.99825,38.83706],[-76.99801,38.83681],[-76.99786,38.83664],[-76.99768,38.83658],[-76.99759,38.83653],[-76.99734,38.83647],[-76.99725,38.83642],[-76.99717,38.8364],[-76.99686,38.83619]]},"properties":{"name":"Oxon Run Trail","src":"dc"}},{"type":"Feature","geometry":{"type":"LineString","coordinates":[[-76.99686,38.83619],[-76.99679,38.83612],[-76.99684,38.8359],[-76.99687,38.83573],[-76.99684,38.83565],[-76.99677,38.83555]]},"properties":{"name":"Oxon Run Trail","src":"dc"}},{"type":"Feature","geometry":{"type":"LineString","coordinates":[[-77.00042,38.83524],[-76.99989,38.83548],[-76.99951,38.83567],[-76.99929,38.83574],[-76.99913,38.83573],[-76.99887,38.83571],[-76.99876,38.8357],[-76.99857,38.83574]]},"properties":{"name":"Oxon Run Trail","src":"dc"}},{"type":"Feature","geometry":{"type":"LineString","coordinates":[[-76.99368,38.8388],[-76.99367,38.83874],[-76.99367,38.83868],[-76.99366,38.83854],[-76.99365,38.83835],[-76.99368,38.83799],[-76.99369,38.83792],[-76.9937,38.83788],[-76.99373,38.83783],[-76.99377,38.83778],[-76.99382,38.83774],[-76.99388,38.83772],[-76.99394,38.83769],[-76.99403,38.83767],[-76.9941,38.83766],[-76.99436,38.83766],[-76.99445,38.83765]]},"properties":{"name":"Oxon Run Trail","src":"dc"}},{"type":"Feature","geometry":{"type":"LineString","coordinates":[[-77.0035,38.88052],[-77.0033,38.88047],[-77.00322,38.88045],[-77.00312,38.88043],[-77.0029,38.88037],[-77.00244,38.88024],[-77.00227,38.8802],[-77.00215,38.88015],[-77.00211,38.88014],[-77.00205,38.88012],[-77.00187,38.88008],[-77.00165,38.88002],[-77.00143,38.87996],[-77.00094,38.87982],[-77.00083,38.87979],[-77.00074,38.87977],[-77.00072,38.87976],[-77.0007,38.87975],[-77.00068,38.87974],[-77.00058,38.87971],[-77.00044,38.87967],[-77.00043,38.87967],[-77.00041,38.87965],[-77.0004,38.87964],[-77.00038,38.87964],[-76.99968,38.87944],[-76.99923,38.87932],[-76.99907,38.87927],[-76.99903,38.87927],[-76.99901,38.87926],[-76.99899,38.87927],[-76.99896,38.87927],[-76.99895,38.87927],[-76.99892,38.87927],[-76.99862,38.8792],[-76.99846,38.87916],[-76.99805,38.87904],[-76.99784,38.87898],[-76.99721,38.87881],[-76.99666,38.87866],[-76.99619,38.87852],[-76.99595,38.87845],[-76.99537,38.87829],[-76.99498,38.87817],[-76.99488,38.87815],[-76.99486,38.87814],[-76.99476,38.87813],[-76.99474,38.87813],[-76.99471,38.87812],[-76.99437,38.87802],[-76.99388,38.87788],[-76.99384,38.87787],[-76.99377,38.87788]]},"properties":{"name":" Virginia Ave Se","src":"dc"}},{"type":"Feature","geometry":{"type":"LineString","coordinates":[[-76.94261,38.90194],[-76.9426,38.90186],[-76.94257,38.9018],[-76.94255,38.90176],[-76.94248,38.90174],[-76.94245,38.90173],[-76.94241,38.90169],[-76.94239,38.90167],[-76.94238,38.90164],[-76.94238,38.90161],[-76.94239,38.90158],[-76.94241,38.90155],[-76.94244,38.90152],[-76.94245,38.9015],[-76.94246,38.90147],[-76.94246,38.90145],[-76.94247,38.90141],[-76.94247,38.90134],[-76.94248,38.90127],[-76.94248,38.9012],[-76.94248,38.90105],[-76.94248,38.90096],[-76.94246,38.90091],[-76.94243,38.90086],[-76.94242,38.90083],[-76.9424,38.90077],[-76.94238,38.9007],[-76.94237,38.90062],[-76.94237,38.90053],[-76.94237,38.90045],[-76.94237,38.90033],[-76.94233,38.90032],[-76.94219,38.90028],[-76.9421,38.90025],[-76.94206,38.90025],[-76.9418,38.90022],[-76.94154,38.9002],[-76.9415,38.90019],[-76.94145,38.90018],[-76.94144,38.90017],[-76.94138,38.90012],[-76.94135,38.90009],[-76.94127,38.89995],[-76.9411,38.89969],[-76.94105,38.89961],[-76.94101,38.89952],[-76.94098,38.89948],[-76.94091,38.89938],[-76.94086,38.89933],[-76.94077,38.89925],[-76.94071,38.8992],[-76.94066,38.89916],[-76.9406,38.89912],[-76.94059,38.89907],[-76.94059,38.89901],[-76.94044,38.89899],[-76.94038,38.89897],[-76.94024,38.89892],[-76.94019,38.8989],[-76.94012,38.89885],[-76.94005,38.89881],[-76.93994,38.8987],[-76.93986,38.89864],[-76.93973,38.8986],[-76.93959,38.89856],[-76.93951,38.89854],[-76.93945,38.89851],[-76.93938,38.89849],[-76.93927,38.89845],[-76.93919,38.89845],[-76.93912,38.89845],[-76.93909,38.89844],[-76.93904,38.89844],[-76.93896,38.89843],[-76.9389,38.89842],[-76.93875,38.89842],[-76.93858,38.89842],[-76.93792,38.89842],[-76.93752,38.89842],[-76.93708,38.89843],[-76.93704,38.89843],[-76.937,38.89847],[-76.9368,38.89865],[-76.93674,38.8987],[-76.93668,38.89872],[-76.93662,38.89873],[-76.93655,38.89873],[-76.93651,38.89871],[-76.93645,38.89869],[-76.93636,38.89867],[-76.93628,38.89866],[-76.936,38.89866],[-76.93577,38.89867],[-76.93568,38.89867],[-76.93556,38.89865],[-76.9355,38.89863],[-76.93538,38.89858],[-76.93532,38.89856],[-76.93529,38.89854],[-76.93523,38.89849],[-76.93521,38.89847],[-76.93519,38.89844],[-76.93517,38.89841],[-76.93513,38.89838],[-76.9351,38.89835],[-76.93505,38.89834],[-76.93496,38.89833],[-76.93489,38.89831],[-76.93465,38.89831],[-76.93423,38.89831],[-76.93412,38.89831],[-76.93405,38.89834],[-76.93394,38.89834],[-76.93385,38.89835],[-76.93378,38.89834],[-76.93372,38.89834],[-76.93356,38.89833],[-76.93346,38.89833],[-76.93341,38.89832],[-76.93331,38.8983],[-76.93319,38.89828],[-76.93304,38.89825],[-76.93293,38.89824],[-76.93284,38.89823],[-76.93279,38.89824],[-76.93269,38.89826],[-76.93262,38.89829],[-76.93255,38.89831],[-76.93248,38.89832],[-76.93241,38.89833],[-76.93229,38.89833],[-76.93179,38.89833],[-76.93169,38.89831],[-76.9316,38.8983],[-76.93101,38.8983],[-76.93091,38.89831],[-76.93081,38.89833],[-76.93074,38.89832],[-76.93067,38.89831],[-76.93058,38.89831],[-76.93049,38.89829],[-76.93023,38.89825],[-76.93012,38.89824],[-76.93005,38.89824],[-76.92986,38.89824],[-76.92976,38.89824],[-76.92963,38.89823],[-76.92952,38.89822],[-76.92917,38.89817],[-76.92894,38.89813],[-76.92873,38.89811],[-76.92854,38.89809],[-76.92832,38.89806],[-76.92808,38.89804],[-76.92796,38.89803],[-76.92786,38.89803],[-76.92777,38.89803],[-76.92771,38.89802],[-76.92766,38.89802],[-76.9276,38.898],[-76.92751,38.89797],[-76.92744,38.89795],[-76.9274,38.89792],[-76.92735,38.89788],[-76.9273,38.89785],[-76.92722,38.8978],[-76.92718,38.89777],[-76.92714,38.89774],[-76.92709,38.89769],[-76.92705,38.89765],[-76.92702,38.89762],[-76.92696,38.89759],[-76.92688,38.89756],[-76.92682,38.89752],[-76.92677,38.89751],[-76.92673,38.89748],[-76.92666,38.89743],[-76.9266,38.89738],[-76.92647,38.89728],[-76.9264,38.89723],[-76.92631,38.89716],[-76.92625,38.89711],[-76.92622,38.89711],[-76.92619,38.89711],[-76.92612,38.89709],[-76.92603,38.89707],[-76.92597,38.89702],[-76.92594,38.897],[-76.92594,38.89697],[-76.92593,38.89689],[-76.92592,38.89681],[-76.92591,38.89678],[-76.9259,38.89675],[-76.92583,38.89667],[-76.92579,38.89663],[-76.92576,38.89658],[-76.92573,38.89654],[-76.92571,38.8965],[-76.92566,38.89641],[-76.92563,38.89637],[-76.92559,38.89633],[-76.92555,38.8963],[-76.92549,38.89626],[-76.9254,38.89622],[-76.92527,38.89616],[-76.92514,38.8961],[-76.92503,38.89605],[-76.92492,38.896],[-76.92477,38.89593],[-76.92469,38.89591],[-76.92458,38.89589],[-76.92448,38.89588],[-76.92433,38.89586],[-76.92422,38.89585],[-76.92406,38.89583],[-76.92392,38.8958],[-76.92379,38.89577],[-76.9235,38.89571],[-76.92335,38.89568],[-76.92319,38.89565],[-76.92302,38.89562],[-76.92294,38.89559],[-76.92274,38.8955],[-76.92265,38.89545],[-76.92254,38.89539],[-76.92246,38.89534],[-76.92239,38.89529],[-76.92231,38.89524],[-76.92226,38.89519],[-76.9222,38.89513],[-76.92215,38.89509],[-76.92212,38.89506],[-76.92206,38.89504],[-76.92201,38.89503],[-76.92189,38.89501],[-76.92181,38.89501],[-76.92169,38.895],[-76.92163,38.89499],[-76.92155,38.89498],[-76.92145,38.89496],[-76.92132,38.89492],[-76.92126,38.89491],[-76.92113,38.89486],[-76.92089,38.89478],[-76.92073,38.89472],[-76.92057,38.89466],[-76.92047,38.89464],[-76.92043,38.89463],[-76.92017,38.89462],[-76.92011,38.89462],[-76.91998,38.89457],[-76.91967,38.89449],[-76.9195,38.89443],[-76.91943,38.89441],[-76.91935,38.89438],[-76.91932,38.89437],[-76.91918,38.89436],[-76.91907,38.89434],[-76.91902,38.89433],[-76.91892,38.8943],[-76.91871,38.89419],[-76.91855,38.89411],[-76.91838,38.89401],[-76.91828,38.89394],[-76.91818,38.89387],[-76.91816,38.89385],[-76.91812,38.89379],[-76.91807,38.89369],[-76.91803,38.89365],[-76.918,38.89355],[-76.91798,38.89345],[-76.91796,38.89339],[-76.91793,38.89335],[-76.91789,38.89334],[-76.91782,38.89333],[-76.91778,38.89333],[-76.91771,38.89333],[-76.9177,38.89331],[-76.9177,38.89329],[-76.91769,38.89325],[-76.91767,38.89322],[-76.91764,38.89319],[-76.91757,38.89316],[-76.91735,38.89307],[-76.91726,38.89303],[-76.91718,38.893],[-76.91714,38.89298],[-76.91707,38.89296],[-76.91705,38.89294],[-76.91706,38.89292],[-76.91706,38.89285],[-76.91701,38.89282],[-76.91681,38.89269],[-76.91663,38.89258],[-76.9165,38.89249],[-76.91642,38.89245],[-76.9162,38.8923],[-76.91609,38.89223],[-76.91601,38.89218],[-76.91591,38.89213],[-76.91582,38.89209],[-76.91569,38.89204],[-76.91561,38.892],[-76.91549,38.89196],[-76.91536,38.89194],[-76.91517,38.8919],[-76.91504,38.89188],[-76.91479,38.89186],[-76.91464,38.89185],[-76.91455,38.89185],[-76.91444,38.89187],[-76.91433,38.89189],[-76.91422,38.89191],[-76.91419,38.89191],[-76.91414,38.89191],[-76.91407,38.89191],[-76.91398,38.89191],[-76.91382,38.8919],[-76.91375,38.8919],[-76.91366,38.8919],[-76.91255,38.8919],[-76.91238,38.89186],[-76.91219,38.8919],[-76.91082,38.8919],[-76.91068,38.89188],[-76.91037,38.89207]]},"properties":{"name":" Marvin Gaye Trail","src":"dc"}},{"type":"Feature","geometry":{"type":"LineString","coordinates":[[-76.94237,38.90033],[-76.94237,38.9002],[-76.94239,38.89974]]},"properties":{"name":"Marvin Gaye Trail","src":"dc"}},{"type":"Feature","geometry":{"type":"LineString","coordinates":[[-76.94237,38.9002],[-76.94232,38.90021],[-76.94223,38.90022],[-76.94211,38.90026]]},"properties":{"name":"Marvin Gaye Trail","src":"dc"}},{"type":"Feature","geometry":{"type":"LineString","coordinates":[[-76.93407,38.89758],[-76.93408,38.89787],[-76.93408,38.89803],[-76.93408,38.89814],[-76.93409,38.89823],[-76.93412,38.89831]]},"properties":{"name":"Marvin Gaye Trail","src":"dc"}},{"type":"Feature","geometry":{"type":"LineString","coordinates":[[-76.93408,38.89803],[-76.93402,38.89807],[-76.93386,38.89812],[-76.93377,38.89815],[-76.93373,38.8982],[-76.93371,38.89825],[-76.93372,38.89834],[-76.93374,38.89859],[-76.93375,38.89872],[-76.93375,38.89881],[-76.93376,38.89898]]},"properties":{"name":"Marvin Gaye Trail","src":"dc"}},{"type":"Feature","geometry":{"type":"LineString","coordinates":[[-76.92594,38.897],[-76.92579,38.897],[-76.92569,38.897],[-76.92562,38.89699],[-76.92558,38.89699],[-76.92553,38.897],[-76.92549,38.89701],[-76.92547,38.89703],[-76.92546,38.89705],[-76.92546,38.89715]]},"properties":{"name":"Marvin Gaye Trail","src":"dc"}},{"type":"Feature","geometry":{"type":"LineString","coordinates":[[-76.9191,38.89374],[-76.91907,38.8938],[-76.91907,38.89434],[-76.91908,38.89454],[-76.91905,38.89461]]},"properties":{"name":"Marvin Gaye Trail","src":"dc"}},{"type":"Feature","geometry":{"type":"LineString","coordinates":[[-76.91838,38.89402],[-76.91806,38.89397],[-76.91787,38.89394],[-76.91778,38.89392]]},"properties":{"name":"Marvin Gaye Trail","src":"dc"}},{"type":"Feature","geometry":{"type":"LineString","coordinates":[[-76.91504,38.89188],[-76.91504,38.89206]]},"properties":{"name":"Marvin Gaye Trail","src":"dc"}},{"type":"Feature","geometry":{"type":"LineString","coordinates":[[-77.0506,38.93338],[-77.05104,38.93334],[-77.0512,38.93335],[-77.05132,38.93338],[-77.05145,38.93341],[-77.05158,38.93344],[-77.0517,38.93347],[-77.05183,38.93348],[-77.05209,38.93345],[-77.0524,38.93343],[-77.05261,38.93344],[-77.0528,38.93346],[-77.05297,38.93348],[-77.05323,38.93343],[-77.05346,38.93337],[-77.05373,38.93332],[-77.05389,38.93326],[-77.05403,38.93319],[-77.05412,38.93313],[-77.05422,38.93305],[-77.05431,38.93298],[-77.05439,38.93293],[-77.05446,38.93288],[-77.05453,38.93284],[-77.0546,38.93281],[-77.05469,38.93279],[-77.05545,38.93271],[-77.05629,38.93262],[-77.05677,38.93258],[-77.05689,38.93258],[-77.05702,38.93258],[-77.05719,38.93261],[-77.05738,38.93264],[-77.0576,38.93269],[-77.05772,38.93271],[-77.05784,38.93272],[-77.05794,38.93272],[-77.05803,38.93269],[-77.05813,38.93261],[-77.05818,38.93256],[-77.05824,38.93245],[-77.05835,38.93221],[-77.05844,38.93192],[-77.05846,38.93175],[-77.05845,38.93159],[-77.05847,38.93146],[-77.05852,38.93134],[-77.05871,38.93119],[-77.0591,38.93089],[-77.05928,38.93078],[-77.05951,38.93063],[-77.05969,38.93052],[-77.05989,38.93039],[-77.05998,38.93036],[-77.06006,38.93033],[-77.06016,38.93032],[-77.0606,38.93029]]},"properties":{"name":" Klingle Valley Trail","src":"dc"}},{"type":"Feature","geometry":{"type":"LineString","coordinates":[[-77.00917,38.86723],[-77.0093,38.86696],[-77.00936,38.86693],[-77.00939,38.86685],[-77.00948,38.86669],[-77.00951,38.86658],[-77.00958,38.86645],[-77.00963,38.86634],[-77.00969,38.86628],[-77.00976,38.86611],[-77.00977,38.86607],[-77.00982,38.86604],[-77.01022,38.86602],[-77.01067,38.86603]]},"properties":{"name":"Anacostia River Trail","src":"dc"}},{"type":"Feature","geometry":{"type":"LineString","coordinates":[[-77.01228,38.86385],[-77.01234,38.86376],[-77.01245,38.86371],[-77.01262,38.86367],[-77.01281,38.86361],[-77.01294,38.86359],[-77.0131,38.8636],[-77.01329,38.86356],[-77.01343,38.86355],[-77.01355,38.86356],[-77.01364,38.86359],[-77.01372,38.86368],[-77.01377,38.86375],[-77.01379,38.86382],[-77.01375,38.86388],[-77.01372,38.86392]]},"properties":{"name":"Anacostia River Trail","src":"dc"}},{"type":"Feature","geometry":{"type":"LineString","coordinates":[[-77.07089,38.90443],[-77.07175,38.90468],[-77.0723,38.90476],[-77.07276,38.90484],[-77.07326,38.9049],[-77.07404,38.90496],[-77.07518,38.90498],[-77.07544,38.90503],[-77.0758,38.90506],[-77.07666,38.90521],[-77.07735,38.90535],[-77.07816,38.90543],[-77.07896,38.90539],[-77.07927,38.90535],[-77.0795,38.90531],[-77.08044,38.9051],[-77.08148,38.90486],[-77.08195,38.90484],[-77.08236,38.90488],[-77.08305,38.90505],[-77.08374,38.90529],[-77.08479,38.90568],[-77.08522,38.90583],[-77.08648,38.90624],[-77.08756,38.90659],[-77.08971,38.90727],[-77.09043,38.90749],[-77.09129,38.9078],[-77.09216,38.9082],[-77.09287,38.90864],[-77.09334,38.90902],[-77.09424,38.9097],[-77.09592,38.91108],[-77.09639,38.91152],[-77.09717,38.91241],[-77.09747,38.91278],[-77.09868,38.91464],[-77.10083,38.91801],[-77.10203,38.91982],[-77.10259,38.92041],[-77.10395,38.92153],[-77.10458,38.92192],[-77.10526,38.92226],[-77.10575,38.92254],[-77.10602,38.92267],[-77.10645,38.92292],[-77.10684,38.92328],[-77.10714,38.92375],[-77.10722,38.92417],[-77.10727,38.92466],[-77.10739,38.92513],[-77.10766,38.92549],[-77.10784,38.92565],[-77.10811,38.92588],[-77.10822,38.92595],[-77.10861,38.92625],[-77.10894,38.92649],[-77.10923,38.92679],[-77.1096,38.92731],[-77.10999,38.92786],[-77.11023,38.92837],[-77.11047,38.92876],[-77.11073,38.92916],[-77.11099,38.92964],[-77.11125,38.93009],[-77.11151,38.93051],[-77.11174,38.93097],[-77.11181,38.9312],[-77.11197,38.93157],[-77.11211,38.9321],[-77.11231,38.93251],[-77.11241,38.93267],[-77.11264,38.93301],[-77.1129,38.93332],[-77.11334,38.93379],[-77.114,38.93445],[-77.11438,38.93501],[-77.11456,38.93549],[-77.11481,38.93597],[-77.11506,38.93627],[-77.11539,38.9366],[-77.11567,38.93687],[-77.11579,38.937],[-77.11585,38.93713],[-77.11597,38.93734],[-77.11598,38.93735],[-77.11598,38.93735]]},"properties":{"name":" Capital Crescent Trail","src":"dc"}},{"type":"Feature","geometry":{"type":"LineString","coordinates":[[-76.95301,38.8663],[-76.95307,38.8662],[-76.96885,38.87264]]},"properties":{"name":"Pennsylvania Ave Trail","src":"dc"}},{"type":"Feature","geometry":{"type":"LineString","coordinates":[[-76.9531,38.86621],[-76.94702,38.86376]]},"properties":{"name":"Pennsylvania Ave Trail","src":"dc"}},{"type":"Feature","geometry":{"type":"LineString","coordinates":[[-77.05895,38.88598],[-77.05197,38.88852]]},"properties":{"name":"Arlington Memorial Bridge","src":"dc"}},{"type":"Feature","geometry":{"type":"MultiLineString","coordinates":[[[-77.05672,38.88372],[-77.05667,38.88372],[-77.05662,38.8837],[-77.05656,38.88366],[-77.0565,38.88361],[-77.05643,38.88357]],[[-77.05909,38.88547],[-77.059,38.88524],[-77.05892,38.88511],[-77.05875,38.88486],[-77.05854,38.88463],[-77.05845,38.88453],[-77.05806,38.88407],[-77.05796,38.88385],[-77.05785,38.88375],[-77.05748,38.88363],[-77.05718,38.88356],[-77.05694,38.88357],[-77.05686,38.88362],[-77.05663,38.88378]],[[-77.05857,38.88605],[-77.05848,38.88589],[-77.05835,38.88573],[-77.05824,38.88562],[-77.0582,38.88555],[-77.05796,38.88526],[-77.05781,38.88505],[-77.0576,38.88472],[-77.05751,38.88461],[-77.05745,38.88456],[-77.05719,38.88438],[-77.05706,38.88428],[-77.05655,38.8837],[-77.05611,38.88325],[-77.05569,38.88283],[-77.05542,38.88259],[-77.05517,38.88241],[-77.05482,38.88222],[-77.05477,38.88215],[-77.05474,38.88208],[-77.05471,38.88201],[-77.05459,38.88189],[-77.05444,38.88181],[-77.05412,38.8817],[-77.05406,38.88167],[-77.05389,38.88149],[-77.05381,38.88142],[-77.05369,38.8813],[-77.05352,38.88118],[-77.05294,38.8808],[-77.05257,38.88059],[-77.05233,38.88042],[-77.05197,38.88022],[-77.05185,38.88015],[-77.05163,38.88007],[-77.05144,38.87998],[-77.05115,38.87981],[-77.05097,38.8797],[-77.05081,38.87958],[-77.05055,38.87937],[-77.05027,38.87912],[-77.04995,38.87882],[-77.04985,38.87874],[-77.0497,38.87862],[-77.04922,38.87822],[-77.04853,38.87771],[-77.04828,38.87751],[-77.04814,38.87741],[-77.04783,38.87714],[-77.04772,38.87706],[-77.04752,38.87685],[-77.04735,38.87671],[-77.04723,38.87663],[-77.04707,38.87656],[-77.04697,38.8765],[-77.04688,38.87643],[-77.04684,38.87636],[-77.04681,38.87629],[-77.04681,38.87619],[-77.04683,38.87614],[-77.04688,38.87607],[-77.04692,38.87603],[-77.04698,38.87599],[-77.04719,38.87589],[-77.04723,38.87586],[-77.04725,38.87584],[-77.04725,38.87578],[-77.04723,38.87573],[-77.04698,38.87545],[-77.04691,38.87537],[-77.04685,38.8753]]]},"properties":{"name":"Mount Vernon Trail","src":"dc"}},{"type":"Feature","geometry":{"type":"LineString","coordinates":[[-77.05895,38.88598],[-77.05904,38.88588],[-77.0591,38.88575],[-77.05911,38.88557],[-77.05909,38.88547],[-77.05917,38.88544],[-77.05929,38.8854],[-77.05935,38.88537],[-77.05939,38.88533],[-77.05947,38.88527],[-77.05957,38.88522],[-77.05973,38.88516],[-77.05983,38.88513],[-77.05992,38.88512],[-77.06009,38.88513],[-77.06019,38.88515],[-77.06032,38.88518],[-77.06042,38.88523],[-77.06051,38.88525],[-77.0606,38.88527],[-77.06075,38.88527],[-77.06086,38.88527],[-77.06097,38.88524],[-77.0611,38.88521],[-77.06129,38.88513],[-77.06147,38.88506],[-77.06166,38.885]]},"properties":{"name":"Memorial Bridge Circle","src":"dc"}},{"type":"Feature","geometry":{"type":"LineString","coordinates":[[-77.06404,38.89],[-77.06381,38.88985],[-77.06375,38.88982],[-77.06367,38.88979],[-77.06354,38.88976],[-77.06346,38.88974],[-77.06335,38.88971],[-77.06315,38.88966],[-77.06271,38.88955],[-77.06257,38.88953],[-77.06231,38.88952],[-77.0621,38.88949],[-77.06189,38.88945],[-77.06169,38.88939],[-77.06156,38.88933],[-77.06149,38.88931],[-77.06122,38.88914],[-77.06108,38.88902],[-77.06085,38.88879],[-77.0607,38.88864],[-77.0606,38.88856],[-77.0599,38.88801],[-77.05967,38.88782],[-77.05945,38.88759],[-77.05928,38.8874],[-77.05918,38.88726],[-77.05906,38.88706],[-77.05897,38.88686],[-77.05885,38.8865],[-77.05877,38.88635]]},"properties":{"name":"Mount Vernon Trail","src":"dc"}},{"type":"Feature","geometry":{"type":"LineString","coordinates":[[-77.00059,38.94717],[-77.00065,38.94724],[-77.0007,38.94732],[-77.00079,38.94774],[-77.00082,38.94791],[-77.00091,38.9481],[-77.00198,38.95077],[-77.00219,38.95121],[-77.00236,38.95136],[-77.00257,38.95138],[-77.00277,38.95136],[-77.00314,38.95145],[-77.00325,38.95152],[-77.00329,38.9516],[-77.00331,38.95178],[-77.00331,38.95198],[-77.00338,38.95209],[-77.00366,38.95239],[-77.00392,38.95271],[-77.00432,38.95306],[-77.00441,38.95314],[-77.00459,38.9533],[-77.00467,38.95344],[-77.0047,38.95349],[-77.00471,38.95368],[-77.00466,38.95402]]},"properties":{"name":"Metropolitan Branch Trail","src":"dc"}},{"type":"Feature","geometry":{"type":"LineString","coordinates":[[-77.00268,38.8675],[-77.00285,38.86752],[-77.00304,38.8676],[-77.00321,38.86767],[-77.00343,38.86775],[-77.00373,38.86787],[-77.00462,38.86823],[-77.00552,38.86859],[-77.0061,38.86882],[-77.007,38.86918],[-77.00755,38.8694],[-77.00802,38.86958]]},"properties":{"name":"Frederick Douglass Memorial Bridge","src":"dc"}},{"type":"Feature","geometry":{"type":"LineString","coordinates":[[-77.00279,38.86675],[-77.0028,38.86692],[-77.00282,38.86704],[-77.00287,38.86714],[-77.00312,38.8673],[-77.00345,38.86743],[-77.00362,38.86751],[-77.00389,38.86763],[-77.00511,38.86813],[-77.00662,38.86874],[-77.00782,38.86922],[-77.00821,38.86937]]},"properties":{"name":"Frederick Douglass Memorial Bridge","src":"dc"}},{"type":"Feature","geometry":{"type":"LineString","coordinates":[[-77.00547,38.82375],[-77.0054,38.82407],[-77.00529,38.82433],[-77.00529,38.82433],[-77.00511,38.8245],[-77.00489,38.82468],[-77.00477,38.82487],[-77.00467,38.82567],[-77.00478,38.82597],[-77.00549,38.82715],[-77.00562,38.82827],[-77.00555,38.8287],[-77.00536,38.82923],[-77.00518,38.82967],[-77.00462,38.83038],[-77.00435,38.83068],[-77.00436,38.83097],[-77.00435,38.83115],[-77.00421,38.83126],[-77.00387,38.83136],[-77.00337,38.83196],[-77.0032,38.83237],[-77.00312,38.8327],[-77.00276,38.83322],[-77.00247,38.83359],[-77.00195,38.83397],[-77.00133,38.83437],[-77.00107,38.83459],[-77.0009,38.8349],[-77.00084,38.8351],[-77.00074,38.8352]]},"properties":{"name":" Oxon Run Trail","src":"dc"}},{"type":"Feature","geometry":{"type":"LineString","coordinates":[[-77.00005,38.83385],[-77.0003,38.83373],[-77.00037,38.8335],[-77.00041,38.83317],[-77.00072,38.83302],[-77.00102,38.8331],[-77.0013,38.8332],[-77.00162,38.83326],[-77.00186,38.83317],[-77.00206,38.83304],[-77.00235,38.83288],[-77.00255,38.83258],[-77.00263,38.83235],[-77.0027,38.83201],[-77.00281,38.83183],[-77.00299,38.83156],[-77.00319,38.83137],[-77.00358,38.83107],[-77.00368,38.83089],[-77.00371,38.8307],[-77.00376,38.83057],[-77.00397,38.8304],[-77.00446,38.83],[-77.0046,38.8298],[-77.00471,38.82958],[-77.0048,38.82917],[-77.00491,38.82894],[-77.00509,38.82856],[-77.00518,38.82834],[-77.00521,38.82816],[-77.00519,38.828],[-77.00515,38.82783],[-77.00492,38.82735],[-77.00476,38.82702],[-77.00466,38.82665],[-77.00453,38.8264],[-77.00427,38.82608],[-77.00416,38.82596],[-77.0041,38.8258],[-77.00402,38.82562],[-77.00379,38.82532],[-77.00382,38.82516],[-77.00404,38.82466],[-77.00429,38.82444],[-77.00432,38.82415],[-77.00436,38.82359],[-77.00431,38.82339],[-77.00422,38.82325],[-77.00418,38.82308],[-77.00395,38.82294]]},"properties":{"name":" Oxon Run Trail","src":"dc"}},{"type":"Feature","geometry":{"type":"LineString","coordinates":[[-77.00434,38.82382],[-77.00475,38.82388],[-77.00538,38.82414],[-77.00585,38.8241]]},"properties":{"name":"Oxon Run Trail","src":"dc"}},{"type":"Feature","geometry":{"type":"LineString","coordinates":[[-76.99147,38.87331],[-76.9912,38.87279],[-76.99099,38.87244],[-76.99011,38.87128],[-76.98936,38.87031],[-76.98855,38.86916],[-76.98838,38.86883],[-76.98831,38.86854],[-76.98835,38.86824],[-76.98866,38.8676]]},"properties":{"name":"11Th Street Bridge","src":"dc"}},{"type":"Feature","geometry":{"type":"LineString","coordinates":[[-77.01868,38.97831],[-77.01925,38.97875],[-77.01973,38.97928]]},"properties":{"name":"Metropolitan Branch Trail","src":"dc"}},{"type":"Feature","geometry":{"type":"LineString","coordinates":[[-77.00575,38.85233],[-77.0061,38.85179],[-77.00639,38.85125],[-77.00662,38.85074],[-77.00676,38.85017],[-77.00679,38.84873],[-77.00677,38.84719],[-77.00667,38.84668],[-77.00643,38.84625],[-77.00614,38.84583],[-77.0059,38.84551],[-77.00585,38.84521],[-77.00581,38.84443],[-77.00632,38.84393],[-77.00705,38.84318],[-77.00726,38.84279],[-77.00738,38.84255],[-77.00744,38.84228],[-77.00814,38.83879],[-77.00798,38.83718],[-77.00754,38.83604]]},"properties":{"name":"","src":"dc"}},{"type":"Feature","geometry":{"type":"LineString","coordinates":[[-76.9649,38.92519],[-76.95765,38.92027]]},"properties":{"name":"South Dakota Shared Use Path","src":"dc"}},{"type":"Feature","geometry":{"type":"LineString","coordinates":[[-77.00802,38.86958],[-77.00823,38.86968],[-77.00834,38.8698],[-77.00837,38.86991],[-77.00836,38.87006],[-77.00836,38.87041],[-77.00836,38.87061],[-77.00837,38.87075],[-77.00833,38.87083],[-77.00833,38.87084],[-77.00845,38.87094],[-77.00848,38.87109],[-77.00855,38.87113],[-77.00873,38.87121],[-77.00882,38.87124],[-77.00902,38.87118],[-77.00914,38.87119],[-77.00931,38.87122],[-77.00939,38.87115],[-77.00955,38.87105],[-77.00964,38.87097],[-77.0097,38.8709],[-77.00971,38.87084],[-77.00972,38.87073],[-77.00972,38.8705],[-77.00972,38.87032],[-77.00973,38.87005],[-77.00973,38.86988],[-77.00973,38.86977],[-77.00969,38.86966],[-77.00958,38.86953],[-77.00935,38.86939],[-77.00912,38.86936],[-77.00897,38.86936],[-77.00877,38.86941],[-77.00863,38.86944],[-77.00854,38.86944],[-77.00844,38.86943],[-77.0083,38.86938],[-77.00821,38.86936]]},"properties":{"name":"Anacostia River Trail - West Oval Path","src":"dc"}},{"type":"Feature","geometry":{"type":"LineString","coordinates":[[-77.00534,38.8252],[-77.00517,38.82526],[-77.00505,38.82535],[-77.00493,38.82545],[-77.00485,38.82543],[-77.00476,38.82538],[-77.00468,38.82538],[-77.00453,38.82538],[-77.00417,38.82539],[-77.00389,38.82538],[-77.00373,38.82536],[-77.00361,38.82534],[-77.00345,38.82528],[-77.00328,38.82519],[-77.0032,38.82507],[-77.00317,38.82505]]},"properties":{"name":"Oxon Run Trail","src":"dc"}},{"type":"Feature","geometry":{"type":"LineString","coordinates":[[-77.00493,38.82545],[-77.00504,38.82557],[-77.00521,38.82572],[-77.00535,38.82577],[-77.00543,38.82581]]},"properties":{"name":"Oxon Run Trail","src":"dc"}},{"type":"Feature","geometry":{"type":"LineString","coordinates":[[-77.00528,38.8243],[-77.00533,38.82435],[-77.00541,38.82445],[-77.00548,38.82453],[-77.0055,38.82457]]},"properties":{"name":"Oxon Run Trail","src":"dc"}},{"type":"Feature","geometry":{"type":"LineString","coordinates":[[-77.04757,38.93557],[-77.04759,38.93542],[-77.04761,38.93524],[-77.04755,38.9352],[-77.04705,38.93533],[-77.04659,38.93547],[-77.04574,38.93582],[-77.04522,38.936],[-77.04498,38.93603],[-77.04476,38.93606],[-77.04406,38.93605],[-77.0432,38.93606],[-77.0427,38.93614],[-77.0422,38.9362],[-77.04164,38.9362],[-77.04131,38.93623],[-77.04095,38.93635],[-77.04079,38.93642],[-77.04061,38.93656],[-77.04014,38.93679],[-77.03924,38.93705],[-77.03867,38.93728],[-77.03843,38.93744],[-77.03829,38.93752],[-77.03806,38.93765],[-77.03762,38.93791],[-77.03698,38.93815],[-77.03623,38.93842],[-77.03567,38.93873],[-77.03541,38.93907],[-77.03521,38.93944],[-77.03517,38.9398],[-77.03516,38.94015]]},"properties":{"name":"Piney Branch Parkway Trail","src":"dc"}},{"type":"Feature","geometry":{"type":"LineString","coordinates":[[-77.0477,38.93674],[-77.04768,38.93674],[-77.04769,38.93672],[-77.0477,38.93668],[-77.0477,38.93663],[-77.04772,38.93652],[-77.04772,38.93643],[-77.04771,38.93634],[-77.04771,38.93629],[-77.04769,38.93615],[-77.04768,38.93604],[-77.04766,38.93592],[-77.04766,38.93577],[-77.04768,38.93558],[-77.04758,38.93557]]},"properties":{"name":"Rock Creek Trail","src":"dc"}},{"type":"Feature","geometry":{"type":"LineString","coordinates":[[-77.00578,38.82773],[-77.00565,38.82774],[-77.0056,38.82777],[-77.00556,38.82782]]},"properties":{"name":"Oxon Run Trail","src":"dc"}},{"type":"Feature","geometry":{"type":"LineString","coordinates":[[-77.00156,38.86749],[-77.00156,38.86729],[-77.00143,38.86722],[-77.00145,38.86713],[-77.00145,38.86686],[-77.00146,38.86648],[-77.00145,38.86615],[-77.00147,38.86603],[-77.00149,38.86589],[-77.00136,38.86552],[-77.0013,38.86531],[-77.00127,38.86519],[-77.00117,38.86513],[-77.00073,38.86501]]},"properties":{"name":"East Oval Sidepath","src":"dc"}},{"type":"Feature","geometry":{"type":"LineString","coordinates":[[-77.00122,38.86516],[-77.00128,38.86505],[-77.00129,38.86485],[-77.00124,38.86473],[-77.00116,38.86453],[-77.00101,38.86438],[-77.00082,38.86427],[-77.00058,38.86417],[-77.00037,38.86407],[-76.99986,38.86386],[-76.99972,38.86379],[-76.99958,38.86372],[-76.99948,38.86369],[-76.9994,38.86368],[-76.99942,38.86359],[-76.99943,38.8635],[-76.99935,38.86343],[-76.99851,38.863],[-76.99837,38.86296],[-76.99821,38.86287],[-76.99811,38.86283],[-76.99792,38.86283],[-76.99787,38.86272],[-76.9977,38.86262],[-76.99758,38.86259],[-76.99737,38.86241]]},"properties":{"name":"Suitland Parkway Trail","src":"dc"}},{"type":"Feature","geometry":{"type":"LineString","coordinates":[[-77.00235,38.86559],[-77.00232,38.86558],[-77.00224,38.86562],[-77.00215,38.86563],[-77.00204,38.86562],[-77.00197,38.8656],[-77.00189,38.86556],[-77.00181,38.86548],[-77.00178,38.86539],[-77.00178,38.86527],[-77.00178,38.86504],[-77.00177,38.86486],[-77.00177,38.86471],[-77.00173,38.86455],[-77.00164,38.86441],[-77.00152,38.86426],[-77.00138,38.86413],[-77.00125,38.86403],[-77.00118,38.86398],[-77.00096,38.86383],[-77.00092,38.86381],[-77.0009,38.86369],[-77.0008,38.86367],[-77.00068,38.86364],[-77.00062,38.86362],[-77.0005,38.86357],[-77.00008,38.86335],[-76.99993,38.86328],[-76.99916,38.86289],[-76.99886,38.86273],[-76.9986,38.86258],[-76.99839,38.86251],[-76.9982,38.8624],[-76.99791,38.8622]]},"properties":{"name":"Suitland Parkway Trail","src":"dc"}},{"type":"Feature","geometry":{"type":"LineString","coordinates":[[-77.0028,38.86658],[-77.00288,38.8666],[-77.00298,38.86665],[-77.00301,38.86673],[-77.00304,38.86686],[-77.00307,38.86693],[-77.00315,38.86703],[-77.00326,38.86709],[-77.00337,38.86713],[-77.00352,38.86718],[-77.00362,38.86727],[-77.00363,38.86732],[-77.00361,38.8674],[-77.00359,38.86744],[-77.00338,38.8678],[-77.00326,38.8679],[-77.00321,38.8679],[-77.00313,38.86788],[-77.00308,38.86786],[-77.00292,38.86781],[-77.00277,38.8678],[-77.00264,38.86781],[-77.00256,38.86779],[-77.0024,38.8678],[-77.00225,38.86782],[-77.00213,38.86785],[-77.00206,38.86785],[-77.00202,38.86783],[-77.00199,38.86779],[-77.00199,38.86774],[-77.00202,38.86764]]},"properties":{"name":"Fdmb - East Oval","src":"dc"}},{"type":"Feature","geometry":{"type":"LineString","coordinates":[[-77.05742,38.90092],[-77.05734,38.9009],[-77.05729,38.90073],[-77.05697,38.89984],[-77.05665,38.89887],[-77.05653,38.8984],[-77.05652,38.89824],[-77.05654,38.89801],[-77.05662,38.89734],[-77.05666,38.8972],[-77.0567,38.89582],[-77.0567,38.89559],[-77.05669,38.89509],[-77.05664,38.89484],[-77.05658,38.89459],[-77.05637,38.89406],[-77.05629,38.89387],[-77.05605,38.89339],[-77.05593,38.8933],[-77.05574,38.89317],[-77.05544,38.89268],[-77.05534,38.89245],[-77.05529,38.89231],[-77.05497,38.89194],[-77.05492,38.89176],[-77.05475,38.89147],[-77.05444,38.89109],[-77.05411,38.89079],[-77.05376,38.89055],[-77.05358,38.89043],[-77.05299,38.89012],[-77.05274,38.89004],[-77.05235,38.88988],[-77.05213,38.8898]]},"properties":{"name":"Rock Creek Park Multi-Use Trail","src":"dc"}},{"type":"Feature","geometry":{"type":"LineString","coordinates":[[-76.98914,38.86999],[-76.98926,38.86995],[-76.9893,38.86991],[-76.98933,38.86983],[-76.98934,38.86972],[-76.98938,38.86969],[-76.98953,38.86968],[-76.98961,38.86968],[-76.98963,38.86966],[-76.98969,38.8696],[-76.98967,38.86943],[-76.98962,38.86927],[-76.98962,38.86919],[-76.98963,38.86915],[-76.98971,38.86909],[-76.98983,38.86906],[-76.98985,38.86905],[-76.98988,38.86902],[-76.98994,38.86894],[-76.98996,38.86893],[-76.99003,38.86887],[-76.99005,38.86885]]},"properties":{"name":"Anacostia River Trail","src":"dc"}},{"type":"Feature","geometry":{"type":"LineString","coordinates":[[-76.99158,38.8732],[-76.99157,38.87311],[-76.99154,38.87304],[-76.99147,38.87292],[-76.99139,38.8728],[-76.99132,38.87272],[-76.99127,38.87262],[-76.99124,38.87253],[-76.99123,38.87241]]},"properties":{"name":"Anacostia River Trail - West Bank","src":"dc"}},{"type":"Feature","geometry":{"type":"LineString","coordinates":[[-77.03137,38.87988],[-77.03172,38.87963],[-77.03187,38.8795],[-77.03195,38.87945],[-77.03202,38.87939],[-77.03205,38.87941]]},"properties":{"name":"Francis Case Memorial Bridge - Ohio Drive Connector","src":"dc"}},{"type":"Feature","geometry":{"type":"LineString","coordinates":[[-77.00367,38.86061],[-77.00354,38.86059],[-77.00332,38.86055],[-77.00322,38.86054],[-77.00309,38.86049],[-77.00273,38.86044],[-77.00252,38.86045],[-77.00245,38.86045],[-77.00217,38.86057],[-77.002,38.86057],[-77.00209,38.86046],[-77.00222,38.86031],[-77.00226,38.86023],[-77.00235,38.86013],[-77.00248,38.85995],[-77.00254,38.85982],[-77.00263,38.8596],[-77.00276,38.85927],[-77.00292,38.85885],[-77.00308,38.85844],[-77.0034,38.85758],[-77.00341,38.85754],[-77.00364,38.85696],[-77.00387,38.85635],[-77.00403,38.85595],[-77.00407,38.85581],[-77.00411,38.85559],[-77.00417,38.85549],[-77.00436,38.85502],[-77.00444,38.85486],[-77.00453,38.85473],[-77.00463,38.85449],[-77.00467,38.85435],[-77.00468,38.85415],[-77.00469,38.85408],[-77.00493,38.85363],[-77.00525,38.85307],[-77.00529,38.853],[-77.00526,38.85288],[-77.00524,38.8528],[-77.00528,38.85273],[-77.00532,38.85269],[-77.0054,38.85266],[-77.0055,38.85266],[-77.00554,38.85264],[-77.00561,38.85258],[-77.00575,38.85233]]},"properties":{"name":"St Elizabeths Rd Connector","src":"dc"}},{"type":"Feature","geometry":{"type":"LineString","coordinates":[[-76.94889,38.89975],[-76.94875,38.89964],[-76.94894,38.89949],[-76.94875,38.89935],[-76.94878,38.89934],[-76.94885,38.8994],[-76.94888,38.89938],[-76.94831,38.89894],[-76.94742,38.89825],[-76.94773,38.89802],[-76.94768,38.898],[-76.94727,38.89833],[-76.94723,38.8983]]},"properties":{"name":"Minnesota Ave Metro Crossing","src":"dc"}},{"type":"Feature","geometry":{"type":"LineString","coordinates":[[-76.96666,38.89731],[-76.96726,38.89731],[-76.96742,38.89732],[-76.9679,38.89735],[-76.96871,38.89744],[-76.96939,38.89749],[-76.96945,38.89743],[-76.96951,38.89736],[-76.96961,38.89729],[-76.96972,38.8972],[-76.97001,38.89689],[-76.97013,38.89675],[-76.97019,38.89668],[-76.97027,38.89661],[-76.97059,38.89623],[-76.97074,38.89603],[-76.97087,38.89592],[-76.971,38.89582],[-76.97116,38.89571],[-76.97132,38.89563],[-76.97223,38.89535],[-76.97318,38.8951],[-76.97376,38.89494],[-76.97404,38.89483],[-76.97421,38.89474],[-76.97431,38.89466],[-76.97453,38.89448],[-76.97466,38.89435],[-76.97473,38.89426],[-76.9748,38.89416],[-76.97488,38.89402],[-76.97492,38.89387],[-76.9749,38.89378],[-76.97485,38.89371],[-76.97429,38.89353],[-76.97378,38.89338]]},"properties":{"name":"Rfk Fields Trail","src":"dc"}},{"type":"Feature","geometry":{"type":"LineString","coordinates":[[-76.97133,38.89562],[-76.9705,38.89469]]},"properties":{"name":"Rfk Campus Trails","src":"dc"}},{"type":"Feature","geometry":{"type":"LineString","coordinates":[[-77.04967,38.94428],[-77.04948,38.94439],[-77.04934,38.94446],[-77.04908,38.94459],[-77.04886,38.94472],[-77.04877,38.94479],[-77.04862,38.94493],[-77.04848,38.9451],[-77.04831,38.94538],[-77.04823,38.94554],[-77.04818,38.94562],[-77.0481,38.9457],[-77.04798,38.94578],[-77.04788,38.94583],[-77.04772,38.94589],[-77.04753,38.94591],[-77.04738,38.9459],[-77.04723,38.94588],[-77.04684,38.94582],[-77.04653,38.94579],[-77.0464,38.94579],[-77.04628,38.94581],[-77.04619,38.94583],[-77.0461,38.94587],[-77.04602,38.94593],[-77.04577,38.94629],[-77.04555,38.94664],[-77.04545,38.94683],[-77.04537,38.94696],[-77.04523,38.94712],[-77.04511,38.94724],[-77.04478,38.94752],[-77.04448,38.94776],[-77.04441,38.94783],[-77.04438,38.94788],[-77.04435,38.94799],[-77.04436,38.94807],[-77.04439,38.94814],[-77.04446,38.94822],[-77.04459,38.94828],[-77.04518,38.94839],[-77.04528,38.9484],[-77.0454,38.94837],[-77.04545,38.94831],[-77.04553,38.94823],[-77.04561,38.94818],[-77.04567,38.94814],[-77.04577,38.94813],[-77.04592,38.94813],[-77.04604,38.94816],[-77.04619,38.94821],[-77.0463,38.94826],[-77.0464,38.94835],[-77.04647,38.94843],[-77.04653,38.94853],[-77.04657,38.94866],[-77.04661,38.94896],[-77.04663,38.94932],[-77.04662,38.94952],[-77.04659,38.94963],[-77.04657,38.94973],[-77.04652,38.94981],[-77.04643,38.94993],[-77.04638,38.94996],[-77.0463,38.95001],[-77.04618,38.95007],[-77.0459,38.95021],[-77.04569,38.95033],[-77.04558,38.95038],[-77.04547,38.95045],[-77.04539,38.95054],[-77.04505,38.9509],[-77.04477,38.95121],[-77.04474,38.95125],[-77.04472,38.95132],[-77.04467,38.95152],[-77.04463,38.95173],[-77.0446,38.95183],[-77.04456,38.95195],[-77.0445,38.95207],[-77.04439,38.95227],[-77.04432,38.95237],[-77.04422,38.95249],[-77.04406,38.95267],[-77.04388,38.9528],[-77.04364,38.95299],[-77.04347,38.95313],[-77.04297,38.95358],[-77.04265,38.95384],[-77.04245,38.95398],[-77.04215,38.9542],[-77.042,38.95436],[-77.04191,38.95448],[-77.04182,38.95467],[-77.04179,38.95479],[-77.04178,38.95496],[-77.04182,38.9552],[-77.04188,38.95547],[-77.04204,38.95617],[-77.04207,38.95629],[-77.04206,38.95637],[-77.042,38.95653],[-77.04192,38.95675],[-77.04188,38.95698],[-77.04191,38.95722],[-77.04192,38.95757],[-77.04193,38.95772],[-77.04189,38.95782],[-77.04181,38.95791],[-77.0417,38.95797],[-77.04143,38.95814],[-77.04126,38.95825],[-77.04114,38.95836],[-77.0411,38.95843],[-77.04081,38.95887],[-77.04073,38.95897],[-77.0406,38.95911],[-77.04052,38.95919],[-77.04035,38.95939],[-77.04031,38.95948],[-77.04028,38.95967],[-77.04031,38.95979],[-77.04036,38.95991],[-77.04046,38.96006],[-77.04062,38.96021],[-77.04079,38.9603],[-77.04106,38.96042],[-77.04121,38.96047],[-77.04165,38.9606]]},"properties":{"name":"Beach Drive","src":"dc"}},{"type":"Feature","geometry":{"type":"LineString","coordinates":[[-77.05328,38.98633],[-77.05285,38.98623],[-77.05245,38.98615],[-77.05193,38.98604],[-77.05166,38.98597],[-77.05147,38.9859],[-77.05126,38.9858],[-77.05109,38.98572],[-77.05087,38.98556],[-77.05067,38.98544],[-77.05048,38.98536],[-77.05036,38.98534],[-77.04999,38.98529],[-77.04886,38.98527],[-77.04856,38.98525],[-77.04829,38.98521],[-77.04815,38.98517],[-77.04798,38.98512],[-77.04785,38.98505],[-77.04745,38.98482],[-77.04682,38.98442],[-77.04661,38.98429],[-77.04637,38.98416],[-77.04619,38.98407],[-77.04595,38.98398],[-77.04551,38.98387],[-77.04486,38.98375],[-77.04466,38.98372],[-77.04437,38.98372],[-77.04407,38.98375],[-77.04367,38.9838],[-77.04336,38.98377],[-77.04313,38.98374],[-77.04296,38.98365]]},"properties":{"name":"Beach Drive","src":"dc"}},{"type":"Feature","geometry":{"type":"LineString","coordinates":[[-77.04158,38.97669],[-77.04192,38.97703],[-77.04219,38.9773],[-77.04235,38.97742],[-77.04254,38.97754],[-77.04271,38.97763],[-77.04287,38.97769],[-77.04324,38.97781],[-77.04337,38.97784],[-77.04351,38.97789],[-77.04382,38.97801],[-77.04397,38.97809],[-77.04408,38.97818],[-77.04426,38.97836],[-77.04436,38.97849],[-77.04457,38.97877],[-77.04465,38.97889],[-77.04475,38.97906],[-77.04482,38.97925],[-77.04489,38.9795],[-77.04499,38.97986],[-77.04502,38.98],[-77.04503,38.98015],[-77.04503,38.98027],[-77.045,38.9804],[-77.04497,38.98053],[-77.04492,38.98065],[-77.04485,38.98078],[-77.04474,38.98093],[-77.04465,38.98103],[-77.04456,38.98112],[-77.04446,38.9812],[-77.04434,38.98126],[-77.04421,38.98132],[-77.04406,38.98138],[-77.04389,38.98141],[-77.04363,38.98145],[-77.04331,38.98151],[-77.0431,38.98156],[-77.04291,38.98162],[-77.04269,38.98174],[-77.04258,38.98186],[-77.04249,38.98196],[-77.04248,38.982]]},"properties":{"name":"Beach Drive","src":"dc"}},{"type":"Feature","geometry":{"type":"LineString","coordinates":[[-76.99219,38.83854],[-76.99225,38.83857],[-76.99234,38.83865],[-76.99241,38.83871],[-76.9925,38.83876],[-76.99263,38.83882]]},"properties":{"name":"Oxon Run Trail","src":"dc"}},{"type":"Feature","geometry":{"type":"LineString","coordinates":[[-77.00916,38.86724],[-77.00921,38.86729],[-77.00961,38.86729],[-77.01009,38.86729],[-77.00964,38.86827],[-77.01064,38.8683],[-77.01064,38.86945],[-77.00945,38.86945]]},"properties":{"name":"Anacostia River Trail","src":"dc"}},{"type":"Feature","geometry":{"type":"LineString","coordinates":[[-77.00832,38.87085],[-77.00813,38.87093],[-77.00782,38.87104],[-77.00763,38.87079],[-77.0075,38.8706],[-77.00723,38.87023],[-77.00703,38.87018]]},"properties":{"name":"Anacostia Riverwalk Trail - West Bank","src":"dc"}},{"type":"Feature","geometry":{"type":"LineString","coordinates":[[-76.99892,38.87279],[-76.99874,38.87277],[-76.99792,38.87257],[-76.996,38.8721],[-76.99587,38.87207],[-76.99576,38.87205],[-76.99479,38.87179],[-76.99439,38.87169],[-76.99401,38.87162],[-76.99391,38.87154],[-76.99342,38.87143],[-76.99279,38.87127],[-76.99156,38.87199],[-76.99125,38.87217]]},"properties":{"name":"Anacostia Riverwalk Trail - West Bank","src":"dc"}},{"type":"Feature","geometry":{"type":"LineString","coordinates":[[-76.99125,38.87217],[-76.99126,38.87223],[-76.99128,38.8723],[-76.99125,38.87237],[-76.99124,38.8724],[-76.99117,38.8724],[-76.99106,38.87238],[-76.99098,38.87238],[-76.9909,38.87241],[-76.99081,38.87249],[-76.99074,38.87257],[-76.99062,38.87262],[-76.99057,38.87265],[-76.99019,38.87285],[-76.99014,38.87288],[-76.99015,38.87293],[-76.99015,38.873],[-76.99029,38.8732],[-76.99035,38.8733],[-76.99035,38.87347],[-76.99022,38.87355],[-76.98993,38.87371],[-76.98936,38.87399]]},"properties":{"name":"Anacostia River Trail - West Bank","src":"dc"}},{"type":"Feature","geometry":{"type":"LineString","coordinates":[[-76.99542,38.93435],[-76.99547,38.93461],[-76.99553,38.93468],[-76.99569,38.93556],[-76.99596,38.93628],[-76.99637,38.9373],[-76.99736,38.9397],[-76.99779,38.94084],[-76.99874,38.94297],[-76.99894,38.94344],[-76.99901,38.94356],[-77.00046,38.947],[-77.00059,38.94717]]},"properties":{"name":"Metropolitan Branch Trail","src":"dc"}},{"type":"Feature","geometry":{"type":"LineString","coordinates":[[-76.99497,38.92569],[-76.99496,38.92696],[-76.99498,38.93234],[-76.99498,38.93237]]},"properties":{"name":"Metropolitan Branch Trail","src":"dc"}},{"type":"Feature","geometry":{"type":"LineString","coordinates":[[-76.97371,38.94322],[-76.96972,38.94009]]},"properties":{"name":"Eastern Avenue Sidepath","src":"dc"}},{"type":"Feature","geometry":{"type":"LineString","coordinates":[[-77.00466,38.95402],[-77.00466,38.95444],[-77.00466,38.95476],[-77.00467,38.95559],[-77.00475,38.95565],[-77.00623,38.95536],[-77.00626,38.95557],[-77.00625,38.95622],[-77.00625,38.95701],[-77.00625,38.95788],[-77.00627,38.95899],[-77.00635,38.95911],[-77.00672,38.95944],[-77.00699,38.95963],[-77.00746,38.95966],[-77.00886,38.95965],[-77.00892,38.95965],[-77.00898,38.95989],[-77.00914,38.96025],[-77.00919,38.96043],[-77.00925,38.96061],[-77.00941,38.96092],[-77.00953,38.96112],[-77.00976,38.96145],[-77.0103,38.9621],[-77.01041,38.96224],[-77.0107,38.96256],[-77.01102,38.96302],[-77.01116,38.96324],[-77.01129,38.9635],[-77.01145,38.96383],[-77.01166,38.96426],[-77.01185,38.96461],[-77.0121,38.96513],[-77.01222,38.96539],[-77.01242,38.96577],[-77.01261,38.96612],[-77.01279,38.96637],[-77.013,38.96665],[-77.0134,38.96706],[-77.01356,38.96723],[-77.01375,38.96743],[-77.01385,38.96756],[-77.01394,38.96773],[-77.014,38.96794],[-77.01404,38.96825],[-77.01407,38.96844],[-77.01415,38.96864],[-77.01424,38.96878],[-77.01456,38.96934],[-77.0147,38.96957],[-77.01502,38.97018],[-77.01537,38.97078],[-77.01546,38.97091],[-77.01567,38.97128],[-77.01627,38.97233]]},"properties":{"name":"Mbt - Fort Totten To Takoma","src":"dc"}},{"type":"Feature","geometry":{"type":"LineString","coordinates":[[-77.01627,38.97233],[-77.01583,38.97237],[-77.01589,38.9725],[-77.01605,38.97276],[-77.01614,38.97291],[-77.01619,38.97302]]},"properties":{"name":"Mbt - Ft Totten To Takoma","src":"dc"}},{"type":"Feature","geometry":{"type":"MultiLineString","coordinates":[[[-76.89453,38.99541],[-76.8943,38.9955],[-76.89394,38.99553],[-76.89323,38.9955],[-76.89261,38.99552],[-76.89203,38.9955],[-76.89173,38.9955],[-76.89159,38.99542],[-76.89128,38.99537],[-76.89097,38.99518],[-76.89071,38.99497],[-76.89037,38.99485],[-76.88962,38.99445],[-76.88925,38.99405],[-76.88891,38.99365],[-76.88863,38.99339],[-76.88858,38.99327],[-76.88858,38.9931],[-76.88856,38.99291],[-76.88858,38.99264],[-76.88865,38.9923],[-76.88882,38.99186],[-76.88882,38.99163],[-76.88903,38.99129],[-76.88903,38.9911],[-76.8891,38.99048],[-76.88958,38.99008],[-76.89058,38.98965],[-76.89133,38.9893],[-76.89186,38.98932],[-76.89229,38.98937],[-76.89278,38.98939],[-76.89334,38.98939],[-76.89328,38.98897],[-76.89324,38.98882],[-76.8934,38.98863],[-76.89344,38.98808],[-76.89336,38.98768],[-76.8934,38.98758],[-76.89305,38.9874],[-76.89284,38.98729],[-76.89289,38.98709],[-76.89318,38.98699],[-76.89324,38.98675],[-76.89324,38.98663],[-76.89332,38.98649],[-76.89332,38.9863],[-76.89332,38.9861],[-76.89331,38.98582],[-76.89332,38.98562],[-76.89333,38.98535],[-76.89346,38.98492],[-76.89364,38.98445],[-76.89377,38.98388],[-76.89385,38.98351],[-76.89396,38.98332],[-76.894,38.98306],[-76.89406,38.98269],[-76.89413,38.9825],[-76.89418,38.98228],[-76.89458,38.98123],[-76.89482,38.98107],[-76.89492,38.98094],[-76.89487,38.98082],[-76.895,38.98068],[-76.895,38.9805],[-76.89513,38.98001],[-76.89507,38.97984],[-76.89517,38.97933],[-76.89525,38.97919],[-76.89535,38.97887],[-76.89554,38.97841],[-76.89586,38.97816],[-76.89589,38.97792],[-76.89602,38.97792],[-76.89614,38.97786],[-76.89637,38.97804],[-76.89645,38.97823],[-76.89653,38.97831],[-76.89658,38.97832],[-76.89668,38.97834],[-76.89683,38.97836],[-76.89694,38.97827],[-76.89706,38.97808],[-76.89715,38.97793],[-76.89753,38.97753],[-76.89776,38.97718],[-76.89784,38.9771],[-76.89799,38.97707],[-76.89815,38.9771],[-76.89831,38.97718],[-76.89874,38.9774],[-76.8989,38.97758],[-76.89912,38.97765],[-76.89927,38.97752],[-76.89924,38.9772],[-76.89941,38.97707],[-76.89952,38.97681],[-76.89983,38.9764],[-76.9004,38.97576],[-76.90045,38.97524],[-76.90048,38.97471],[-76.9006,38.9742]],[[-76.9006,38.9742],[-76.90085,38.97419],[-76.90109,38.9743],[-76.9014,38.97439],[-76.9018,38.97433],[-76.90231,38.97438],[-76.90244,38.97449],[-76.9027,38.97472],[-76.90289,38.97488],[-76.90337,38.97519],[-76.90375,38.97548],[-76.90407,38.97565],[-76.90466,38.97599],[-76.90494,38.97629],[-76.90538,38.97633],[-76.9057,38.97651],[-76.90596,38.97648],[-76.90646,38.97648],[-76.90676,38.9766],[-76.90697,38.97669],[-76.90722,38.97679],[-76.9073,38.9769],[-76.90747,38.97696],[-76.90767,38.97696],[-76.90779,38.97696],[-76.90787,38.97687],[-76.90816,38.97675],[-76.90847,38.97672],[-76.90882,38.97673],[-76.9092,38.9768],[-76.90941,38.97678],[-76.90969,38.97664],[-76.90997,38.97645],[-76.91026,38.97638],[-76.91054,38.97628],[-76.91056,38.9763],[-76.91056,38.97636],[-76.91051,38.97643],[-76.91039,38.97652],[-76.91013,38.97668],[-76.91012,38.97678],[-76.91008,38.97688],[-76.91012,38.97704],[-76.91012,38.97705],[-76.91013,38.9773],[-76.91021,38.97747],[-76.91031,38.97762],[-76.91037,38.97777],[-76.91045,38.97826],[-76.91056,38.97845],[-76.91066,38.97875],[-76.91088,38.97917],[-76.91088,38.97957],[-76.91088,38.97973],[-76.9109,38.97988],[-76.91088,38.98037],[-76.91066,38.98067],[-76.91022,38.981],[-76.90985,38.98127],[-76.90964,38.9812],[-76.90947,38.9812],[-76.90913,38.98129],[-76.90872,38.98161],[-76.90845,38.98169],[-76.9082,38.98184],[-76.90787,38.9818],[-76.90749,38.98186],[-76.90716,38.98182],[-76.90674,38.98184],[-76.90669,38.98184],[-76.90617,38.98166],[-76.90497,38.98175],[-76.90424,38.98169],[-76.90372,38.98166],[-76.90323,38.9821],[-76.90314,38.98218],[-76.90199,38.98254],[-76.90166,38.98381],[-76.90179,38.98445],[-76.90173,38.98458],[-76.90185,38.98468],[-76.90182,38.98499],[-76.90174,38.98523],[-76.90178,38.98547],[-76.90185,38.98572],[-76.90189,38.98593],[-76.90222,38.98619],[-76.90222,38.98643],[-76.90222,38.98657],[-76.90222,38.9866],[-76.9024,38.98739],[-76.90189,38.98757],[-76.90208,38.9879],[-76.90177,38.98844],[-76.90138,38.98896],[-76.90119,38.98953],[-76.90111,38.98978],[-76.90088,38.99044],[-76.9008,38.99084],[-76.90041,38.99079],[-76.90014,38.99084],[-76.89834,38.99159],[-76.89793,38.99181],[-76.89745,38.99184],[-76.89756,38.99198],[-76.89768,38.99211],[-76.89777,38.99219],[-76.89777,38.99225],[-76.89762,38.99233],[-76.89739,38.99265],[-76.89738,38.99279],[-76.89746,38.99299],[-76.89754,38.99319],[-76.89776,38.99335],[-76.89827,38.99347],[-76.89852,38.99351],[-76.89877,38.99356],[-76.89899,38.99363],[-76.89921,38.99351],[-76.89934,38.99349],[-76.89947,38.99353],[-76.89953,38.99366],[-76.89969,38.99413],[-76.89969,38.99427],[-76.89956,38.99433],[-76.89916,38.99438],[-76.89897,38.99442],[-76.89869,38.99452],[-76.89839,38.99475],[-76.89812,38.99501],[-76.89789,38.99508],[-76.89772,38.99517],[-76.89741,38.99508],[-76.89707,38.99515],[-76.89685,38.99528],[-76.89669,38.9953],[-76.8966,38.99524],[-76.89648,38.99518],[-76.89626,38.99504],[-76.89601,38.99487],[-76.89556,38.99482],[-76.89528,38.99486],[-76.89497,38.99494],[-76.89481,38.99496],[-76.89466,38.99515],[-76.8946,38.99533]],[[-76.9006,38.9742],[-76.90052,38.97413],[-76.90035,38.97401],[-76.90025,38.97391],[-76.9001,38.97376],[-76.90008,38.97374]]]},"properties":{"name":"Trails-Greenbelt  Gb","src":"nps"}},{"type":"Feature","geometry":{"type":"MultiLineString","coordinates":[[[-76.89361,38.99001],[-76.89356,38.99017],[-76.89339,38.99052]],[[-76.89339,38.99052],[-76.89399,38.99045],[-76.89482,38.99033],[-76.89529,38.99001],[-76.8958,38.99067],[-76.89628,38.99156],[-76.89655,38.99224],[-76.89675,38.99295],[-76.89671,38.99359],[-76.89647,38.99421],[-76.89569,38.99435],[-76.89542,38.99441],[-76.89446,38.99402],[-76.89383,38.99374],[-76.89304,38.99377],[-76.89223,38.99371],[-76.89146,38.99377],[-76.89134,38.99362],[-76.89138,38.99337],[-76.89128,38.99313],[-76.89122,38.99303],[-76.89122,38.99271],[-76.89059,38.99245],[-76.88976,38.99239],[-76.88957,38.99229],[-76.88949,38.99211],[-76.88953,38.99177],[-76.88973,38.9914],[-76.89004,38.99103],[-76.89047,38.99085],[-76.89081,38.99069],[-76.89129,38.99059],[-76.8917,38.99059],[-76.89213,38.99069],[-76.89253,38.9906],[-76.89292,38.99075],[-76.89326,38.99054],[-76.89339,38.99052]]]},"properties":{"name":"Trails-Greenbelt  Gb","src":"nps"}},{"type":"Feature","geometry":{"type":"LineString","coordinates":[[-77.047,38.99127],[-77.04705,38.9912],[-77.04709,38.99116],[-77.04712,38.99113],[-77.04715,38.9911],[-77.04718,38.99107],[-77.04719,38.99105],[-77.04722,38.99103],[-77.04723,38.99102],[-77.04725,38.99099],[-77.04728,38.99097],[-77.0473,38.99094],[-77.04732,38.99092],[-77.04733,38.9909],[-77.04735,38.99088],[-77.04737,38.99087],[-77.04739,38.99086],[-77.0474,38.99085],[-77.04744,38.99084],[-77.04746,38.99083],[-77.04748,38.99082],[-77.0475,38.99081],[-77.04752,38.99081],[-77.04752,38.99079],[-77.04753,38.99078],[-77.04753,38.99076],[-77.04753,38.99075],[-77.04752,38.99073],[-77.04751,38.99072],[-77.04752,38.9907],[-77.04753,38.99067],[-77.04753,38.99065],[-77.04754,38.99064],[-77.04755,38.99062],[-77.04755,38.9906],[-77.04755,38.99059],[-77.04755,38.99057],[-77.04755,38.99055],[-77.04754,38.99053],[-77.04754,38.99051],[-77.04754,38.99049],[-77.04754,38.99048],[-77.04755,38.99046],[-77.04756,38.99043],[-77.04757,38.99042],[-77.04758,38.9904],[-77.04759,38.99038],[-77.04761,38.99037],[-77.04763,38.99036],[-77.04764,38.99035],[-77.04766,38.99034],[-77.04767,38.99032],[-77.04767,38.9903],[-77.04766,38.99028],[-77.04766,38.99026],[-77.04767,38.99024],[-77.04769,38.99022],[-77.04771,38.9902],[-77.04772,38.99018],[-77.04773,38.99016],[-77.04774,38.99015],[-77.04775,38.99012],[-77.04775,38.99011],[-77.04775,38.99009],[-77.04774,38.99007],[-77.04773,38.99005],[-77.04772,38.99002],[-77.04772,38.99],[-77.04772,38.98998],[-77.04773,38.98996],[-77.04774,38.98995],[-77.04775,38.98993],[-77.04776,38.98992],[-77.04777,38.9899],[-77.04778,38.98989],[-77.04779,38.98986],[-77.04781,38.98984],[-77.04782,38.98982],[-77.04783,38.98979],[-77.04783,38.98978],[-77.04784,38.98976],[-77.04785,38.98974],[-77.04786,38.98973],[-77.04787,38.98972],[-77.04789,38.98971],[-77.04791,38.9897],[-77.04792,38.98969],[-77.04792,38.98966],[-77.04792,38.98964],[-77.04792,38.98962],[-77.04793,38.98961],[-77.04793,38.98959],[-77.04793,38.98958],[-77.04796,38.98957],[-77.048,38.98957],[-77.04803,38.98958],[-77.04806,38.98959],[-77.04809,38.9896],[-77.04811,38.9896],[-77.04818,38.98957],[-77.0482,38.98955],[-77.04823,38.98954],[-77.04827,38.98952],[-77.04829,38.9895],[-77.04833,38.98947],[-77.04836,38.98945],[-77.04838,38.98943],[-77.04839,38.98942],[-77.04842,38.98941],[-77.04844,38.98939],[-77.04846,38.98938],[-77.04848,38.98937],[-77.04849,38.98936],[-77.04854,38.98936],[-77.04858,38.98936],[-77.04862,38.98937],[-77.04865,38.98937],[-77.04867,38.98937],[-77.04872,38.9894],[-77.04876,38.98943],[-77.0488,38.98944],[-77.04882,38.98944],[-77.04885,38.98945],[-77.04888,38.98945],[-77.04891,38.98945],[-77.04894,38.98945],[-77.04897,38.98944],[-77.04899,38.98942],[-77.04901,38.98941],[-77.04903,38.9894],[-77.04904,38.98938],[-77.04905,38.98937],[-77.04907,38.98935],[-77.04908,38.98933],[-77.04907,38.98932],[-77.04907,38.9893],[-77.04906,38.98928],[-77.04906,38.98927],[-77.04905,38.98925],[-77.04905,38.98923],[-77.04907,38.98921],[-77.04908,38.98919],[-77.0491,38.98918],[-77.04912,38.98916],[-77.04956,38.98868],[-77.04958,38.98868],[-77.04962,38.98867],[-77.04965,38.98867],[-77.04967,38.98866],[-77.04971,38.98865],[-77.04972,38.98865],[-77.04975,38.98863],[-77.04977,38.98862],[-77.04979,38.9886],[-77.04981,38.98859],[-77.04983,38.98858],[-77.04984,38.98857],[-77.04986,38.98855],[-77.04987,38.98854],[-77.04989,38.98852],[-77.04991,38.98849],[-77.04991,38.98847],[-77.04991,38.98845],[-77.04992,38.98841],[-77.04992,38.98839],[-77.04993,38.98837],[-77.04994,38.98835],[-77.04997,38.9883],[-77.05,38.98823],[-77.05003,38.98818],[-77.05005,38.98813],[-77.05007,38.9881],[-77.0501,38.98806],[-77.05011,38.98804],[-77.05013,38.98801],[-77.05014,38.98799],[-77.05015,38.98797]]},"properties":{"name":"Boundary Trail","src":"nps"}},{"type":"Feature","geometry":{"type":"MultiLineString","coordinates":[[[-76.90119,38.98953],[-76.90041,38.98908]],[[-76.89691,38.98837],[-76.89666,38.98837],[-76.89653,38.9884],[-76.8962,38.98843],[-76.89597,38.98844],[-76.89584,38.98847],[-76.89569,38.98854],[-76.89553,38.98864],[-76.89527,38.98875],[-76.89479,38.98891],[-76.89456,38.98903],[-76.89433,38.98915]],[[-76.90041,38.98908],[-76.90058,38.9887],[-76.90035,38.98793],[-76.90017,38.98768],[-76.9002,38.98742],[-76.90009,38.98701],[-76.90009,38.98651],[-76.90015,38.98619],[-76.90018,38.98586],[-76.89998,38.98541],[-76.8999,38.9853]],[[-76.90041,38.98908],[-76.90034,38.98924],[-76.90043,38.99001],[-76.89991,38.99008],[-76.89944,38.99015],[-76.89906,38.9905],[-76.89903,38.99051],[-76.89901,38.99051],[-76.89823,38.99066],[-76.8979,38.99048],[-76.89772,38.99007],[-76.89713,38.98975],[-76.89764,38.9896],[-76.89816,38.98939],[-76.89825,38.98912],[-76.89779,38.98897],[-76.89772,38.98889],[-76.89807,38.98851],[-76.89813,38.98811]],[[-76.8999,38.9853],[-76.9004,38.98528],[-76.9005,38.98527],[-76.90059,38.98525],[-76.90072,38.98519],[-76.90076,38.98502],[-76.90063,38.98485],[-76.90032,38.98472],[-76.89999,38.98461],[-76.8996,38.98461],[-76.89921,38.98478],[-76.89904,38.985],[-76.89901,38.98527]],[[-76.8999,38.9853],[-76.89986,38.98525],[-76.89901,38.98527]],[[-76.89901,38.98527],[-76.89882,38.98547],[-76.8985,38.98554],[-76.89828,38.98542],[-76.89816,38.9854],[-76.89804,38.98542],[-76.89787,38.98549],[-76.89753,38.98547],[-76.89724,38.98537],[-76.89707,38.98545],[-76.89701,38.98552],[-76.89703,38.9856],[-76.89718,38.98569],[-76.8974,38.98616],[-76.89737,38.9867],[-76.89772,38.98728],[-76.89767,38.98755],[-76.89776,38.98771],[-76.89789,38.98781],[-76.89813,38.98811]],[[-76.89813,38.98811],[-76.89754,38.98823],[-76.89721,38.98848]],[[-76.89466,38.98981],[-76.8945,38.98953],[-76.89433,38.98915]],[[-76.89433,38.98915],[-76.89418,38.98919],[-76.8939,38.98928],[-76.89365,38.98933],[-76.89334,38.98939]]]},"properties":{"name":"Trails-Greenbelt  Gb","src":"nps"}},{"type":"Feature","geometry":{"type":"MultiLineString","coordinates":[[[-77.05309,38.98614],[-77.05311,38.98615],[-77.05313,38.98617],[-77.05315,38.98619],[-77.05317,38.98621],[-77.05319,38.98623],[-77.0532,38.98624],[-77.05321,38.98625],[-77.05322,38.98627],[-77.05323,38.98628],[-77.05326,38.9863],[-77.05328,38.98632],[-77.0533,38.98635],[-77.05331,38.98637],[-77.05332,38.98638],[-77.05332,38.9864],[-77.05333,38.98642],[-77.05331,38.98645],[-77.05329,38.98646],[-77.05326,38.98648],[-77.05289,38.98677],[-77.05289,38.98677],[-77.05279,38.98685],[-77.05272,38.98689],[-77.05265,38.98691],[-77.05249,38.98689],[-77.05213,38.98677],[-77.05211,38.98676],[-77.05209,38.98675],[-77.05207,38.98674],[-77.05204,38.98672],[-77.05202,38.98672],[-77.05196,38.98672],[-77.05193,38.98673],[-77.05188,38.98675],[-77.05184,38.98679],[-77.05178,38.98683],[-77.05173,38.98687],[-77.0517,38.9869],[-77.05166,38.98692],[-77.0516,38.98696],[-77.05153,38.987],[-77.05148,38.98704],[-77.05145,38.98706],[-77.05141,38.98708],[-77.05138,38.9871],[-77.05135,38.98712],[-77.05132,38.98714],[-77.05129,38.98718],[-77.05125,38.98721],[-77.05121,38.98724],[-77.05117,38.98727],[-77.05113,38.98731],[-77.0511,38.98733],[-77.05104,38.98738],[-77.05101,38.98742],[-77.05097,38.98745],[-77.05093,38.98749],[-77.05088,38.98752],[-77.0508,38.98757],[-77.05072,38.98763],[-77.05059,38.98775],[-77.05057,38.98777],[-77.05055,38.98779],[-77.05051,38.98781],[-77.05049,38.98783],[-77.05047,38.98786],[-77.05046,38.98789],[-77.05043,38.98791],[-77.05039,38.98793],[-77.05035,38.98794],[-77.05032,38.98795],[-77.05029,38.98796],[-77.05026,38.98796],[-77.05022,38.98797],[-77.0502,38.98797],[-77.05017,38.98798],[-77.05015,38.98797],[-77.05006,38.98796],[-77.05002,38.98795],[-77.04997,38.98794],[-77.04992,38.98794],[-77.04986,38.98793],[-77.0498,38.98793],[-77.04973,38.98792],[-77.04969,38.98792],[-77.04964,38.98792],[-77.0496,38.98791],[-77.04957,38.98791],[-77.04952,38.98789],[-77.0495,38.98788],[-77.04946,38.98787],[-77.04942,38.98784],[-77.04939,38.98782],[-77.04936,38.98781],[-77.04933,38.9878],[-77.0493,38.98778],[-77.04927,38.98777],[-77.04925,38.98775],[-77.04922,38.98774],[-77.0492,38.98772],[-77.04917,38.9877],[-77.04914,38.98769],[-77.04912,38.98767],[-77.0491,38.98765],[-77.04908,38.98764],[-77.04906,38.98761],[-77.04903,38.9876],[-77.04902,38.98758],[-77.04901,38.98756],[-77.049,38.98755],[-77.04898,38.98753],[-77.04897,38.9875],[-77.04894,38.98747],[-77.0489,38.98745],[-77.04863,38.98728],[-77.04855,38.98722],[-77.04848,38.98717],[-77.04844,38.98714],[-77.0484,38.98711],[-77.04835,38.98707],[-77.04831,38.98704],[-77.04828,38.98701],[-77.04825,38.98699],[-77.04822,38.98697],[-77.0482,38.98695],[-77.04817,38.98693],[-77.04815,38.98691],[-77.04812,38.98688],[-77.04809,38.98685],[-77.04807,38.98683],[-77.04805,38.9868],[-77.04803,38.98678],[-77.04801,38.98676],[-77.048,38.98674],[-77.04798,38.98673],[-77.04797,38.9867],[-77.04795,38.98667],[-77.04792,38.98664],[-77.0479,38.98662],[-77.04789,38.9866],[-77.04788,38.98658],[-77.04787,38.98655],[-77.04785,38.98653],[-77.04784,38.9865],[-77.04783,38.98648],[-77.04781,38.98645],[-77.0478,38.98643],[-77.04779,38.9864],[-77.04778,38.98638],[-77.04778,38.98636],[-77.04777,38.98634],[-77.04776,38.98632],[-77.04776,38.9863],[-77.04774,38.98627],[-77.04772,38.98625],[-77.04771,38.98624],[-77.04768,38.98622],[-77.04766,38.98621],[-77.04764,38.9862],[-77.04758,38.98617],[-77.04754,38.98616],[-77.04748,38.98614],[-77.04744,38.98612],[-77.0474,38.98611],[-77.04737,38.9861],[-77.04733,38.98609],[-77.04729,38.98607],[-77.04726,38.98606],[-77.04722,38.98605],[-77.0472,38.98604],[-77.04717,38.98603],[-77.04714,38.98602],[-77.04711,38.98601],[-77.04709,38.986],[-77.04706,38.98599],[-77.04704,38.98598],[-77.04703,38.98597],[-77.04701,38.98596],[-77.047,38.98595],[-77.04698,38.98593],[-77.04696,38.98591],[-77.04696,38.98589],[-77.04695,38.98588],[-77.04693,38.98586],[-77.04691,38.98585],[-77.04689,38.98583],[-77.04687,38.98583],[-77.04684,38.98582],[-77.04681,38.98582],[-77.04679,38.98581],[-77.04677,38.98581],[-77.04675,38.98581],[-77.04673,38.9858],[-77.0467,38.9858],[-77.04668,38.98579],[-77.04665,38.98577],[-77.04663,38.98577],[-77.04661,38.98576],[-77.04659,38.98575],[-77.04657,38.98574],[-77.04654,38.98573],[-77.04652,38.98572],[-77.0465,38.98572],[-77.04648,38.98571],[-77.04646,38.9857],[-77.04644,38.98569],[-77.04642,38.98568],[-77.0464,38.98567],[-77.04637,38.98566],[-77.04635,38.98565],[-77.04632,38.98564],[-77.0463,38.98562],[-77.04628,38.98561],[-77.04625,38.9856],[-77.04622,38.98559],[-77.0462,38.98557],[-77.04617,38.98556],[-77.04615,38.98556],[-77.04613,38.98554],[-77.0461,38.98553],[-77.04608,38.98552],[-77.04605,38.98551],[-77.04603,38.9855],[-77.046,38.98549],[-77.04595,38.98548],[-77.04591,38.98546],[-77.04587,38.98544],[-77.04583,38.98542],[-77.0458,38.98541],[-77.04575,38.98539],[-77.04571,38.98536],[-77.04568,38.98534],[-77.04565,38.98532],[-77.04562,38.98531],[-77.0456,38.98529],[-77.04558,38.98529],[-77.04556,38.98528],[-77.04555,38.98527],[-77.04553,38.98526],[-77.04551,38.98524],[-77.04549,38.98523],[-77.04547,38.98522],[-77.04545,38.98521],[-77.04544,38.98519],[-77.04542,38.98518],[-77.04539,38.98516],[-77.04539,38.98515]],[[-77.04539,38.98515],[-77.04535,38.98512],[-77.04532,38.98509],[-77.04528,38.98507],[-77.04524,38.98504],[-77.04521,38.98502],[-77.04518,38.98499],[-77.04515,38.98497],[-77.04511,38.98494],[-77.04507,38.98494],[-77.04503,38.98493],[-77.045,38.98491],[-77.04496,38.9849],[-77.04493,38.98488],[-77.04487,38.98486],[-77.04483,38.98483],[-77.04479,38.9848],[-77.04473,38.98475],[-77.04468,38.98471],[-77.04463,38.98467],[-77.04459,38.98464],[-77.04455,38.98463],[-77.04451,38.98462],[-77.04447,38.98461],[-77.04443,38.9846],[-77.04439,38.9846],[-77.04436,38.9846],[-77.04432,38.98459],[-77.04427,38.9846],[-77.04422,38.9846],[-77.04419,38.9846],[-77.04411,38.9846],[-77.04406,38.9846],[-77.04401,38.9846],[-77.04397,38.9846],[-77.04392,38.9846],[-77.04388,38.98461],[-77.04383,38.98461],[-77.0438,38.98461],[-77.04374,38.98462],[-77.0437,38.98463],[-77.04359,38.98463],[-77.04357,38.98465],[-77.04354,38.98464],[-77.04351,38.98464],[-77.04347,38.98464],[-77.04345,38.98463],[-77.04342,38.98463],[-77.04339,38.98462],[-77.04336,38.98461],[-77.04334,38.98459],[-77.04332,38.98458],[-77.0433,38.98457],[-77.04328,38.98454],[-77.04326,38.98452],[-77.04325,38.98449],[-77.04324,38.98447],[-77.04321,38.98443],[-77.0432,38.9844],[-77.04319,38.98436],[-77.04319,38.98434],[-77.04318,38.98432],[-77.04317,38.98428],[-77.04315,38.98426],[-77.04314,38.98422],[-77.04312,38.9842],[-77.0431,38.98418],[-77.04308,38.98417],[-77.04307,38.98415],[-77.04304,38.98413],[-77.043,38.98412],[-77.04297,38.98411],[-77.04284,38.98412],[-77.04281,38.98412],[-77.04277,38.98412],[-77.04273,38.98414],[-77.04271,38.98415],[-77.04267,38.98418],[-77.04263,38.9842],[-77.04261,38.98422],[-77.04259,38.98424],[-77.04254,38.98426],[-77.04249,38.9843],[-77.04247,38.98431],[-77.04243,38.98431],[-77.0424,38.98431],[-77.04236,38.98431],[-77.04233,38.98432],[-77.04216,38.98429],[-77.04209,38.98428],[-77.04204,38.98427],[-77.04197,38.98426],[-77.04193,38.98426],[-77.0419,38.98425],[-77.04184,38.98425],[-77.0418,38.98424],[-77.04176,38.98423],[-77.04173,38.98422],[-77.0417,38.98421],[-77.04167,38.9842],[-77.04165,38.98419],[-77.04163,38.98417],[-77.04159,38.98415],[-77.04157,38.98414],[-77.04154,38.9841],[-77.04151,38.98408],[-77.0415,38.98406],[-77.04149,38.98404],[-77.04148,38.98402],[-77.04147,38.984],[-77.04145,38.98398],[-77.04144,38.98397],[-77.04142,38.98394],[-77.04139,38.98392],[-77.04138,38.98389],[-77.04136,38.98388],[-77.04134,38.98386],[-77.04132,38.98384],[-77.04127,38.98382],[-77.04125,38.98379],[-77.04122,38.98378],[-77.0412,38.98376],[-77.04118,38.98374],[-77.04114,38.98372],[-77.04111,38.9837],[-77.04109,38.98368],[-77.04106,38.98367],[-77.04103,38.98365],[-77.041,38.98363],[-77.04097,38.98361],[-77.04093,38.98359],[-77.04091,38.98357],[-77.04088,38.98355],[-77.04086,38.98354],[-77.04083,38.98352],[-77.0408,38.9835],[-77.04077,38.98348],[-77.04075,38.98347],[-77.04071,38.98344],[-77.04069,38.98343],[-77.04066,38.9834],[-77.04062,38.98336],[-77.0406,38.98334],[-77.04059,38.98333],[-77.04058,38.98331],[-77.04058,38.9833],[-77.04054,38.98326],[-77.04053,38.98323],[-77.04051,38.9832],[-77.0405,38.98318],[-77.04046,38.98313],[-77.04043,38.98309],[-77.04041,38.98306],[-77.04035,38.98301],[-77.04032,38.98298],[-77.04029,38.98295],[-77.04026,38.98293],[-77.04024,38.98291],[-77.04019,38.98288],[-77.04015,38.98284],[-77.0401,38.98281],[-77.03997,38.98273],[-77.03994,38.98271],[-77.03991,38.98268],[-77.03989,38.98266],[-77.03988,38.98263],[-77.03986,38.98261],[-77.03982,38.98258],[-77.0398,38.98255],[-77.03977,38.98253],[-77.03975,38.98249],[-77.03972,38.98245],[-77.03969,38.98242],[-77.03966,38.98239],[-77.03964,38.98237],[-77.03962,38.98233],[-77.03959,38.98229],[-77.03957,38.98225],[-77.03955,38.98221],[-77.03953,38.98218],[-77.03952,38.98216],[-77.03951,38.98213],[-77.0395,38.98209],[-77.0395,38.98206],[-77.0395,38.98203],[-77.0395,38.982],[-77.0395,38.98197],[-77.0395,38.98195],[-77.0395,38.98192],[-77.0395,38.9819],[-77.03951,38.98187],[-77.03952,38.98184],[-77.03954,38.98181],[-77.03955,38.98179],[-77.03956,38.98177],[-77.03958,38.98174],[-77.03959,38.98172],[-77.03961,38.98169],[-77.03962,38.98167],[-77.03964,38.98165],[-77.03965,38.98162],[-77.03967,38.98158],[-77.03969,38.98154],[-77.03971,38.9815],[-77.03973,38.98147],[-77.03975,38.98145],[-77.03978,38.98141],[-77.03981,38.98137],[-77.03984,38.98134],[-77.03988,38.9813],[-77.03991,38.98128],[-77.03994,38.98124],[-77.03996,38.98122],[-77.03999,38.98118],[-77.04002,38.98115],[-77.04006,38.98112],[-77.04008,38.9811],[-77.04011,38.98107],[-77.04014,38.98104],[-77.04016,38.98102],[-77.04018,38.98099],[-77.04019,38.98097],[-77.04019,38.98094],[-77.04018,38.98093],[-77.04016,38.9809],[-77.04015,38.98089],[-77.04013,38.98087],[-77.04011,38.98086],[-77.04009,38.98085],[-77.04007,38.98083],[-77.04004,38.98081],[-77.03999,38.98079],[-77.03996,38.98077],[-77.03993,38.98076],[-77.0399,38.98075],[-77.03988,38.98074],[-77.03984,38.98073],[-77.0398,38.98071],[-77.03976,38.98071],[-77.03972,38.98071],[-77.03967,38.98071],[-77.03962,38.98071],[-77.03957,38.98071],[-77.03953,38.98071],[-77.03945,38.98071],[-77.0394,38.98072],[-77.03934,38.98072],[-77.03929,38.98073],[-77.03923,38.98073],[-77.03919,38.98074],[-77.03913,38.98075],[-77.03909,38.98075],[-77.03905,38.98075],[-77.03902,38.98074],[-77.039,38.98073],[-77.03898,38.98072],[-77.03896,38.9807],[-77.03894,38.98069],[-77.03893,38.98067],[-77.03893,38.98065],[-77.03893,38.98063],[-77.03893,38.98061],[-77.03894,38.98059],[-77.03895,38.98057],[-77.03897,38.98056],[-77.03898,38.98055],[-77.039,38.98053],[-77.03902,38.98052],[-77.03904,38.98051],[-77.03906,38.9805],[-77.03909,38.98048],[-77.03911,38.98048],[-77.03916,38.98047],[-77.03922,38.98045],[-77.03927,38.98044],[-77.03933,38.98042],[-77.03938,38.98041],[-77.03942,38.9804],[-77.03944,38.98039],[-77.0395,38.98039],[-77.03957,38.98038],[-77.03963,38.98037],[-77.03967,38.98037],[-77.03973,38.98037],[-77.03976,38.98038],[-77.03982,38.98038],[-77.03987,38.98038],[-77.0399,38.98039],[-77.03995,38.98039],[-77.04001,38.98039],[-77.04005,38.9804],[-77.04009,38.9804],[-77.04012,38.9804],[-77.04014,38.98041],[-77.04018,38.98041],[-77.04022,38.98042],[-77.04025,38.98042],[-77.04028,38.98041],[-77.0403,38.98042],[-77.04033,38.98041],[-77.04036,38.98041],[-77.04038,38.98041],[-77.04041,38.98041],[-77.04043,38.98041],[-77.04045,38.9804],[-77.04049,38.9804],[-77.04052,38.98039],[-77.04054,38.98038],[-77.04057,38.98037],[-77.0406,38.98036],[-77.04063,38.98035],[-77.04065,38.98034],[-77.04067,38.98033],[-77.04068,38.98033],[-77.04071,38.98032],[-77.04073,38.9803],[-77.04075,38.98029],[-77.04077,38.98028],[-77.04082,38.98025],[-77.04085,38.98023],[-77.04089,38.9802],[-77.04092,38.98018],[-77.04094,38.98016],[-77.04096,38.98014],[-77.04098,38.98011],[-77.04101,38.98008],[-77.04102,38.98006],[-77.04104,38.98003],[-77.04105,38.98001],[-77.04108,38.97998],[-77.04109,38.97996],[-77.0411,38.97993],[-77.04112,38.97991],[-77.04112,38.97989],[-77.04114,38.97986],[-77.04115,38.97985],[-77.04117,38.97983],[-77.04118,38.9798],[-77.04119,38.97977],[-77.0412,38.97975],[-77.04121,38.97974],[-77.04122,38.97971],[-77.04123,38.97969],[-77.04124,38.97967],[-77.04125,38.97966],[-77.04126,38.97964],[-77.04129,38.97963],[-77.04131,38.97962],[-77.04134,38.97961],[-77.04138,38.97961],[-77.04142,38.97961],[-77.04145,38.97961],[-77.04148,38.97961],[-77.04153,38.97961],[-77.04158,38.97962],[-77.04165,38.97962],[-77.04169,38.97962],[-77.04172,38.97962],[-77.04175,38.97962],[-77.04179,38.97962],[-77.04184,38.97963],[-77.04187,38.97964],[-77.04189,38.97965],[-77.04191,38.97966],[-77.04194,38.97968],[-77.04195,38.97969],[-77.04196,38.97971],[-77.04199,38.97972],[-77.04201,38.97973],[-77.04203,38.97974],[-77.04206,38.97975],[-77.0421,38.97976],[-77.04213,38.97976],[-77.04216,38.97976],[-77.04219,38.97976],[-77.04221,38.97975],[-77.04226,38.97974],[-77.0423,38.97973],[-77.04234,38.97973],[-77.04238,38.97974],[-77.0424,38.97974],[-77.04243,38.97975],[-77.04246,38.97975],[-77.04249,38.97976],[-77.04252,38.97976],[-77.04256,38.97976],[-77.04259,38.97976],[-77.04264,38.97974]],[[-77.04265,38.97973],[-77.04265,38.97972],[-77.04269,38.97962],[-77.04274,38.97954],[-77.04275,38.97948],[-77.04278,38.97941],[-77.0428,38.97935],[-77.04282,38.97929],[-77.04283,38.97926],[-77.04284,38.97923],[-77.04285,38.9792],[-77.04287,38.97917],[-77.0429,38.97916],[-77.04295,38.97914],[-77.043,38.97914],[-77.04308,38.97912],[-77.04317,38.97911],[-77.04322,38.97909],[-77.04328,38.97906],[-77.04331,38.97901],[-77.04333,38.97897],[-77.04333,38.97894],[-77.04333,38.9789],[-77.04333,38.97886],[-77.04331,38.97884],[-77.0433,38.97881],[-77.04328,38.97879],[-77.04327,38.97876],[-77.04325,38.97874],[-77.04324,38.9787],[-77.04324,38.97868],[-77.04322,38.97865],[-77.04322,38.97863],[-77.04322,38.97862]],[[-77.04351,38.97737],[-77.04346,38.97737],[-77.04341,38.97738],[-77.04332,38.97739],[-77.04323,38.9774],[-77.04316,38.9774],[-77.04311,38.9774],[-77.04305,38.9774],[-77.043,38.9774],[-77.04295,38.9774],[-77.04289,38.97739],[-77.04283,38.97738],[-77.04277,38.97737],[-77.04271,38.97735],[-77.04267,38.97733],[-77.04262,38.97731],[-77.04257,38.97728],[-77.04253,38.97726],[-77.0425,38.97723],[-77.04245,38.9772],[-77.04242,38.97716],[-77.04232,38.97705],[-77.04229,38.97701],[-77.04226,38.97698],[-77.04223,38.97696],[-77.0422,38.97693],[-77.04218,38.9769],[-77.04215,38.97688],[-77.04213,38.97685],[-77.04211,38.97683],[-77.04207,38.97679],[-77.04205,38.97677],[-77.04203,38.97673],[-77.04199,38.9767],[-77.04196,38.97668],[-77.04193,38.97665],[-77.04191,38.97663],[-77.04187,38.97659],[-77.04182,38.97655],[-77.0418,38.97653],[-77.04177,38.9765],[-77.04175,38.97649]],[[-77.04175,38.97649],[-77.04167,38.97643],[-77.04162,38.97639],[-77.04155,38.97634],[-77.04148,38.97629],[-77.04143,38.97625],[-77.04138,38.97621],[-77.04132,38.97616],[-77.04128,38.97611],[-77.04122,38.97605],[-77.04116,38.97598],[-77.04112,38.97592],[-77.0411,38.97588],[-77.04109,38.97588],[-77.04098,38.97577],[-77.04096,38.97573],[-77.04093,38.97566],[-77.04089,38.97561],[-77.04084,38.97556],[-77.0408,38.97551],[-77.04076,38.97546],[-77.04074,38.97542],[-77.0407,38.97537],[-77.04068,38.97533],[-77.04067,38.97529],[-77.04064,38.97523],[-77.04063,38.9752],[-77.04062,38.97518],[-77.04061,38.97513],[-77.04059,38.97509],[-77.04058,38.97505],[-77.04058,38.97501],[-77.04058,38.97495],[-77.04058,38.9749],[-77.04059,38.97487],[-77.0406,38.97482],[-77.04061,38.97477],[-77.04062,38.97473],[-77.04065,38.97467],[-77.04067,38.97463],[-77.04068,38.9746],[-77.04071,38.97458],[-77.04073,38.97455],[-77.04077,38.97453],[-77.04079,38.9745],[-77.04083,38.97448],[-77.04086,38.97446],[-77.04089,38.97443],[-77.04093,38.97441],[-77.04095,38.97438],[-77.04097,38.97435],[-77.04098,38.97433],[-77.041,38.97431],[-77.04102,38.97427],[-77.04103,38.97425],[-77.04104,38.97423],[-77.04106,38.9742],[-77.04106,38.97417],[-77.04106,38.97414],[-77.04107,38.9741],[-77.04106,38.97406],[-77.04104,38.97402],[-77.04103,38.97397],[-77.04101,38.97393],[-77.041,38.9739],[-77.04098,38.97386],[-77.04097,38.97381],[-77.04096,38.97377],[-77.04095,38.97373],[-77.04095,38.97369],[-77.04094,38.97366],[-77.04093,38.97362],[-77.04094,38.97359],[-77.04094,38.97357],[-77.04095,38.97354],[-77.04094,38.9735],[-77.04094,38.97345],[-77.04093,38.9734],[-77.04093,38.97337],[-77.04093,38.97335],[-77.04093,38.97333],[-77.04093,38.97328],[-77.04093,38.97323],[-77.04093,38.97319],[-77.04094,38.97313],[-77.04094,38.97308],[-77.04094,38.97301],[-77.04094,38.97294],[-77.04095,38.97289],[-77.04095,38.97284],[-77.04096,38.97278],[-77.04096,38.97271],[-77.04097,38.97266],[-77.04098,38.97261],[-77.04101,38.97255],[-77.04102,38.9725],[-77.04104,38.97245],[-77.04108,38.97241],[-77.04111,38.97236],[-77.04115,38.97232],[-77.04122,38.97229],[-77.04128,38.97226],[-77.04133,38.97224],[-77.04138,38.97223],[-77.04143,38.97222],[-77.04148,38.97221],[-77.04153,38.9722],[-77.04158,38.9722],[-77.04163,38.9722],[-77.04167,38.9722],[-77.04172,38.9722],[-77.04175,38.97221],[-77.04178,38.97221],[-77.04182,38.9722],[-77.04185,38.97219],[-77.04189,38.97218],[-77.04194,38.97215],[-77.04199,38.97213],[-77.04202,38.97211],[-77.04207,38.97209],[-77.04212,38.97206],[-77.04217,38.97203],[-77.04222,38.972],[-77.04226,38.97197],[-77.04231,38.97194],[-77.04237,38.97189],[-77.04241,38.97186],[-77.04246,38.97182],[-77.0425,38.9718],[-77.04251,38.97179],[-77.04255,38.97178],[-77.04257,38.97177],[-77.04261,38.97177],[-77.04265,38.97177],[-77.0427,38.97177],[-77.04276,38.97177],[-77.04283,38.97177],[-77.04289,38.97179],[-77.04297,38.97181],[-77.04303,38.97183],[-77.04309,38.97185],[-77.04315,38.97187],[-77.04321,38.97189],[-77.04327,38.97191],[-77.04334,38.97194],[-77.04338,38.97196],[-77.04345,38.97199],[-77.0435,38.97202],[-77.04355,38.97205],[-77.0436,38.97209],[-77.04364,38.97212],[-77.04367,38.97216],[-77.04369,38.97218],[-77.04372,38.97221],[-77.04374,38.97222],[-77.04375,38.97222],[-77.0438,38.9722],[-77.04394,38.97209],[-77.04397,38.97205],[-77.044,38.97202],[-77.04398,38.97198],[-77.04397,38.97195],[-77.04395,38.97189],[-77.04395,38.97185],[-77.04394,38.97181],[-77.04394,38.97177],[-77.04395,38.97172],[-77.04396,38.97168],[-77.04396,38.97164],[-77.04396,38.97162],[-77.04398,38.97158],[-77.04399,38.97155],[-77.044,38.97152],[-77.04401,38.97148],[-77.04402,38.97145],[-77.04403,38.97141],[-77.04404,38.97138],[-77.04407,38.97133],[-77.04408,38.9713],[-77.04409,38.97127],[-77.0441,38.97126],[-77.04416,38.97122],[-77.04423,38.97119],[-77.04429,38.97117],[-77.04435,38.97113],[-77.04441,38.97109],[-77.04448,38.97104],[-77.04453,38.97099],[-77.04457,38.97096],[-77.04462,38.97091],[-77.04466,38.97087],[-77.0447,38.97083],[-77.04473,38.97079],[-77.04475,38.97074],[-77.04479,38.97071],[-77.04483,38.97066],[-77.04485,38.97062],[-77.04488,38.97057],[-77.0449,38.97053],[-77.04491,38.97051],[-77.04492,38.97048],[-77.04494,38.97044],[-77.04495,38.97041],[-77.04497,38.97039],[-77.04498,38.97037],[-77.04485,38.97035],[-77.0447,38.97031],[-77.04461,38.97029],[-77.04458,38.97027],[-77.04459,38.97026],[-77.04457,38.97024],[-77.04456,38.9702],[-77.04455,38.97017],[-77.04456,38.97013],[-77.04456,38.97009],[-77.04457,38.97005],[-77.04457,38.97001],[-77.04459,38.96998],[-77.0446,38.96992],[-77.04462,38.96987],[-77.04468,38.96966],[-77.04474,38.9695],[-77.04481,38.96932],[-77.04484,38.96924],[-77.04489,38.96914],[-77.04491,38.9691],[-77.04493,38.96906],[-77.04495,38.96902],[-77.04497,38.96899],[-77.04501,38.96894],[-77.04505,38.96889],[-77.04508,38.96884],[-77.04513,38.96881],[-77.04516,38.96877],[-77.0452,38.96875],[-77.04524,38.96873],[-77.04527,38.96871],[-77.0453,38.96869],[-77.04535,38.96866],[-77.04539,38.96864],[-77.04545,38.96861],[-77.0455,38.96859],[-77.04553,38.96856],[-77.04557,38.96853],[-77.04561,38.9685],[-77.04564,38.96846],[-77.04568,38.96843],[-77.0457,38.9684],[-77.04572,38.96837],[-77.04574,38.96835],[-77.04577,38.96833],[-77.04578,38.96831],[-77.04581,38.96827],[-77.04583,38.96825],[-77.04585,38.96823],[-77.04586,38.96821],[-77.04588,38.96819],[-77.04589,38.96815],[-77.0459,38.96812],[-77.04592,38.96809],[-77.04594,38.96805],[-77.04595,38.96802],[-77.04597,38.96798],[-77.04599,38.96794],[-77.046,38.96791],[-77.04602,38.96788],[-77.04604,38.96785],[-77.04605,38.96781],[-77.04607,38.96778],[-77.04609,38.96774],[-77.0461,38.9677],[-77.0461,38.96769],[-77.04611,38.96766],[-77.04611,38.96763],[-77.0461,38.96758],[-77.04609,38.96752],[-77.04609,38.96748],[-77.04609,38.96742],[-77.04608,38.96738],[-77.04609,38.96734],[-77.0461,38.96731],[-77.04609,38.96728],[-77.04609,38.96724],[-77.0461,38.9672],[-77.04611,38.96716],[-77.04612,38.96712],[-77.04613,38.96708],[-77.04614,38.96704],[-77.04615,38.96699],[-77.04616,38.96695],[-77.04617,38.96692],[-77.04617,38.96687],[-77.04619,38.96684],[-77.0462,38.96681],[-77.04622,38.96677],[-77.04624,38.96674],[-77.04626,38.96671],[-77.04626,38.96671],[-77.04629,38.96669],[-77.04633,38.96666],[-77.04636,38.96664],[-77.04639,38.96663],[-77.04641,38.96661],[-77.04644,38.96657],[-77.04647,38.96653],[-77.04649,38.96649],[-77.04652,38.96646],[-77.04654,38.96643],[-77.04654,38.96639],[-77.04656,38.96635],[-77.04657,38.96631],[-77.04657,38.96628],[-77.04658,38.96624],[-77.04659,38.96621],[-77.04659,38.96617],[-77.0466,38.96613],[-77.04661,38.96612],[-77.04662,38.96609],[-77.04664,38.96604],[-77.04665,38.96601],[-77.04666,38.96598],[-77.04667,38.96594],[-77.04669,38.9659],[-77.0467,38.96586],[-77.04672,38.96583],[-77.04674,38.9658],[-77.04675,38.96576],[-77.04676,38.96573],[-77.04677,38.9657],[-77.04678,38.96566],[-77.04678,38.96563],[-77.04678,38.9656],[-77.04678,38.96558],[-77.04679,38.96556],[-77.04681,38.96554],[-77.04682,38.96552],[-77.04687,38.96549],[-77.04694,38.96546],[-77.04699,38.96544],[-77.04704,38.96541],[-77.04706,38.9654],[-77.04707,38.9654],[-77.04711,38.96538],[-77.04715,38.96537],[-77.04719,38.96535],[-77.04722,38.96532],[-77.04724,38.9653],[-77.04726,38.96528],[-77.04727,38.96525],[-77.04729,38.96523],[-77.0473,38.9652]],[[-77.0473,38.9652],[-77.04729,38.96516],[-77.0473,38.9651],[-77.04731,38.96505],[-77.0473,38.96502],[-77.0473,38.96497],[-77.04731,38.96492],[-77.04731,38.96487],[-77.04732,38.96483],[-77.04732,38.96479],[-77.04732,38.96476],[-77.04733,38.96473],[-77.04733,38.96471],[-77.04735,38.96473],[-77.04742,38.96475],[-77.04751,38.96477],[-77.04755,38.96479],[-77.04759,38.96479],[-77.04759,38.96475],[-77.0476,38.96468],[-77.04758,38.96463],[-77.04755,38.96457],[-77.04752,38.96452],[-77.04749,38.96446],[-77.04746,38.96441],[-77.04743,38.96436],[-77.04739,38.96431],[-77.04735,38.96425],[-77.0473,38.9642],[-77.04725,38.96415],[-77.0472,38.9641],[-77.04716,38.96405],[-77.04713,38.96401],[-77.0471,38.96397],[-77.04708,38.96394],[-77.04705,38.96389],[-77.047,38.96386],[-77.04696,38.96381],[-77.04691,38.96375],[-77.04686,38.96369],[-77.04681,38.96364],[-77.04678,38.9636],[-77.04672,38.96354],[-77.04667,38.96349],[-77.04663,38.96345],[-77.04662,38.96342],[-77.0466,38.96339],[-77.04659,38.96336],[-77.0466,38.96334],[-77.04659,38.96331],[-77.04659,38.96329],[-77.04656,38.96328],[-77.04653,38.96327],[-77.04651,38.96326],[-77.04648,38.96324],[-77.04646,38.96321],[-77.0464,38.96317],[-77.04634,38.96312],[-77.04629,38.96307],[-77.04624,38.96303],[-77.04619,38.96299],[-77.04614,38.96296],[-77.04609,38.96292],[-77.04606,38.96288],[-77.04603,38.96285],[-77.04598,38.96281],[-77.04595,38.96277],[-77.04589,38.96273],[-77.04584,38.9627],[-77.0458,38.96268],[-77.04575,38.96265],[-77.04568,38.96261],[-77.04563,38.96257],[-77.04559,38.96253],[-77.04554,38.96249],[-77.04549,38.96244],[-77.04541,38.96238],[-77.04535,38.96233],[-77.0453,38.96228],[-77.04525,38.96224],[-77.04521,38.96219],[-77.04506,38.96204],[-77.045,38.96197],[-77.04493,38.96189],[-77.04488,38.96184],[-77.04483,38.96178],[-77.04479,38.96175]],[[-77.04305,38.96024],[-77.043,38.96023],[-77.04293,38.9602],[-77.04287,38.96019],[-77.04283,38.96018],[-77.04279,38.96018],[-77.04274,38.96018],[-77.04268,38.96018],[-77.04262,38.96017],[-77.04258,38.96017],[-77.04251,38.96017],[-77.04245,38.96016],[-77.0424,38.96015],[-77.04236,38.96014],[-77.04231,38.96013],[-77.04226,38.96012],[-77.04223,38.96011],[-77.04217,38.9601],[-77.04212,38.96008],[-77.04206,38.96006],[-77.042,38.96004],[-77.04195,38.96002],[-77.04189,38.96],[-77.04184,38.95998],[-77.04179,38.95997],[-77.04176,38.95995],[-77.04171,38.95993],[-77.04167,38.95992],[-77.04162,38.95991],[-77.04161,38.9599],[-77.04153,38.95989],[-77.04148,38.95989],[-77.04142,38.95989],[-77.04136,38.9599],[-77.04129,38.95989],[-77.04126,38.95988],[-77.04122,38.95987],[-77.04118,38.95984],[-77.04113,38.95981],[-77.0411,38.95979],[-77.04107,38.95976],[-77.04103,38.95973],[-77.04101,38.95969],[-77.04098,38.95966],[-77.04096,38.95963],[-77.04094,38.9596],[-77.04093,38.95956],[-77.04094,38.95953],[-77.04094,38.95951],[-77.04095,38.95948],[-77.04097,38.95945],[-77.04098,38.95943],[-77.04101,38.9594],[-77.04103,38.95938],[-77.04105,38.95935],[-77.04107,38.95933],[-77.04109,38.95931],[-77.04113,38.95929],[-77.04116,38.95927],[-77.04118,38.95926],[-77.0412,38.95923],[-77.04122,38.95921],[-77.04125,38.95919],[-77.04129,38.95916],[-77.04131,38.95913],[-77.04134,38.95909],[-77.04137,38.95906],[-77.04139,38.95903],[-77.04142,38.95899],[-77.04143,38.95894],[-77.04145,38.9589],[-77.04147,38.95886],[-77.04149,38.9588],[-77.0415,38.95874],[-77.04153,38.95871],[-77.04154,38.95868],[-77.04158,38.95862],[-77.04163,38.95857],[-77.04176,38.95845],[-77.04189,38.95833],[-77.04194,38.95829],[-77.04201,38.95825],[-77.04207,38.95821],[-77.04212,38.95818],[-77.04217,38.95815],[-77.04223,38.9581],[-77.04228,38.95806],[-77.0423,38.95803],[-77.04234,38.95799],[-77.04236,38.95797],[-77.04237,38.95791],[-77.04238,38.95786],[-77.04238,38.95779],[-77.04238,38.95776],[-77.04238,38.95772],[-77.04239,38.95767],[-77.0424,38.95763],[-77.04241,38.95759],[-77.04242,38.95757],[-77.04243,38.95755],[-77.04244,38.95752],[-77.04246,38.95749],[-77.04247,38.95746],[-77.04247,38.95743],[-77.04245,38.9574],[-77.04243,38.95736],[-77.04242,38.95733],[-77.0424,38.95729],[-77.04238,38.95723],[-77.04237,38.95719],[-77.04237,38.95714],[-77.04236,38.95711],[-77.04236,38.95707],[-77.04236,38.95703],[-77.04236,38.95699],[-77.04236,38.95696],[-77.04237,38.95692],[-77.04238,38.95689],[-77.04239,38.95685],[-77.04239,38.95681],[-77.04239,38.95676],[-77.0424,38.9567],[-77.0424,38.95665],[-77.04243,38.95659],[-77.04244,38.95654],[-77.04245,38.95648],[-77.04247,38.95643],[-77.04247,38.95639],[-77.04247,38.95636],[-77.04246,38.95631],[-77.04246,38.95627],[-77.04246,38.95625],[-77.04245,38.95622],[-77.04246,38.95618],[-77.04246,38.95616],[-77.04246,38.95613],[-77.04246,38.95606],[-77.04246,38.95588],[-77.04245,38.95578],[-77.04246,38.9557],[-77.04245,38.95565],[-77.04243,38.95555],[-77.04242,38.95549],[-77.04241,38.95542],[-77.04239,38.95535],[-77.04238,38.95529],[-77.04236,38.95522],[-77.04235,38.95516],[-77.04234,38.95509],[-77.04233,38.95501],[-77.04232,38.95497],[-77.04232,38.95492],[-77.04233,38.95488],[-77.04234,38.95486],[-77.04237,38.95484],[-77.0424,38.95481],[-77.04249,38.95474],[-77.04255,38.95469],[-77.04261,38.95464],[-77.04265,38.9546],[-77.04269,38.95456],[-77.04276,38.95451],[-77.0428,38.95448],[-77.04285,38.95445],[-77.04288,38.95442],[-77.04292,38.95438],[-77.04295,38.95435],[-77.04299,38.9543],[-77.04304,38.95424],[-77.04307,38.9542],[-77.04311,38.95414],[-77.04316,38.9541],[-77.04319,38.95406],[-77.04323,38.95403],[-77.04326,38.95397],[-77.0433,38.95394],[-77.04333,38.9539],[-77.04335,38.95387],[-77.04338,38.95384],[-77.0434,38.9538],[-77.04342,38.95378],[-77.04345,38.95375],[-77.04353,38.95369],[-77.04359,38.95365],[-77.04365,38.95362],[-77.04371,38.95358],[-77.04379,38.95356],[-77.04383,38.95354],[-77.04383,38.95353],[-77.04387,38.95351],[-77.04392,38.95348],[-77.04397,38.95344],[-77.04401,38.9534],[-77.04408,38.95333],[-77.04416,38.95326],[-77.04421,38.95321],[-77.0443,38.9531],[-77.04438,38.95302],[-77.04444,38.95296],[-77.0445,38.95289],[-77.04455,38.95283],[-77.04459,38.95279],[-77.04462,38.95277],[-77.04466,38.95272],[-77.04475,38.95262],[-77.04484,38.9525],[-77.04494,38.9524],[-77.045,38.95231],[-77.04506,38.95224],[-77.04509,38.95216],[-77.04512,38.95207],[-77.04513,38.952],[-77.04515,38.95191],[-77.04514,38.95183],[-77.04513,38.95176],[-77.04512,38.95169],[-77.0451,38.95163],[-77.04508,38.95159],[-77.04508,38.95153],[-77.04508,38.95147],[-77.04508,38.95143],[-77.04509,38.95139],[-77.0451,38.95135],[-77.04513,38.9513],[-77.04518,38.95124],[-77.04523,38.9512],[-77.04531,38.95113],[-77.04538,38.95107],[-77.0455,38.95097],[-77.04562,38.9509],[-77.04569,38.95083],[-77.04577,38.95076],[-77.04582,38.95072],[-77.04586,38.95069],[-77.04589,38.95066],[-77.04592,38.95064],[-77.04593,38.95061],[-77.04597,38.95058],[-77.04601,38.95055],[-77.04606,38.95051],[-77.04612,38.95047],[-77.04618,38.95043],[-77.04622,38.95039],[-77.04627,38.95038],[-77.04633,38.95036],[-77.04639,38.95034],[-77.04645,38.95033],[-77.04651,38.95032],[-77.04657,38.95031],[-77.04663,38.95028],[-77.04667,38.95027],[-77.04672,38.95024],[-77.04677,38.95022],[-77.04681,38.9502],[-77.04685,38.95018],[-77.04687,38.95016],[-77.0469,38.95015],[-77.04693,38.95014],[-77.04697,38.95012],[-77.04701,38.95012],[-77.04704,38.95012],[-77.04708,38.95012],[-77.04712,38.95013],[-77.04716,38.95013],[-77.04729,38.95019],[-77.04738,38.95023],[-77.04747,38.95027],[-77.04751,38.95029],[-77.04756,38.9503],[-77.04762,38.9503],[-77.04766,38.95031],[-77.0477,38.95032],[-77.04774,38.95031],[-77.04773,38.95031],[-77.04769,38.95026],[-77.04765,38.95021],[-77.04763,38.95017],[-77.0476,38.95012],[-77.04758,38.95007],[-77.04756,38.95002],[-77.04754,38.94997],[-77.04753,38.94993],[-77.04753,38.94988],[-77.04753,38.94982],[-77.04753,38.94977],[-77.04753,38.94972],[-77.04754,38.94967],[-77.04754,38.94963],[-77.04755,38.94958],[-77.04758,38.94953],[-77.04761,38.94948],[-77.04763,38.94944],[-77.04764,38.94941],[-77.04766,38.94937],[-77.04766,38.94932],[-77.04767,38.94929],[-77.04768,38.94925],[-77.04769,38.94922],[-77.04771,38.94919],[-77.04771,38.94913],[-77.0477,38.94909],[-77.04771,38.94903],[-77.04772,38.949],[-77.04773,38.94894],[-77.04774,38.9489],[-77.04776,38.94887],[-77.04778,38.94883],[-77.04779,38.94878],[-77.04779,38.94875],[-77.0478,38.94872],[-77.0478,38.94869],[-77.04779,38.94865],[-77.04778,38.94861],[-77.04777,38.94859],[-77.04775,38.94853],[-77.04773,38.94849],[-77.04771,38.94844],[-77.04769,38.9484],[-77.04768,38.94837],[-77.04765,38.94833],[-77.04763,38.94829],[-77.04761,38.94826],[-77.04759,38.94823],[-77.04755,38.94819],[-77.04752,38.94814],[-77.04748,38.94812],[-77.04744,38.94808],[-77.0474,38.94806],[-77.04736,38.94803],[-77.0473,38.948],[-77.04726,38.94798],[-77.04723,38.94795],[-77.04719,38.94793],[-77.04712,38.94789],[-77.04709,38.94787],[-77.04694,38.94778],[-77.04686,38.94774],[-77.04679,38.94771],[-77.04675,38.94769],[-77.04669,38.94766],[-77.04665,38.94763],[-77.04662,38.94761],[-77.04659,38.94759],[-77.04655,38.94757],[-77.04653,38.94754],[-77.04651,38.94752],[-77.04648,38.9475],[-77.04644,38.94748],[-77.04641,38.94746],[-77.04636,38.94743],[-77.04633,38.94739],[-77.0463,38.94736],[-77.04627,38.94732],[-77.04626,38.94728],[-77.04626,38.94725],[-77.04625,38.94724],[-77.04625,38.94724],[-77.04625,38.94719],[-77.04625,38.94717],[-77.04624,38.94716],[-77.04623,38.94711],[-77.04623,38.94707],[-77.04623,38.94704],[-77.04623,38.94699],[-77.04624,38.94694],[-77.04626,38.94691],[-77.04629,38.94686],[-77.04632,38.94682],[-77.04636,38.94677],[-77.04641,38.9467],[-77.04646,38.94666],[-77.04651,38.94661],[-77.04655,38.94657],[-77.0466,38.94652],[-77.04664,38.94648],[-77.04669,38.94645],[-77.04673,38.94642],[-77.04677,38.9464],[-77.0468,38.94637],[-77.04685,38.94635],[-77.0469,38.94633],[-77.04698,38.94633],[-77.04704,38.94634],[-77.04714,38.94635],[-77.04721,38.94637],[-77.04726,38.94638],[-77.04732,38.94638],[-77.04736,38.94638],[-77.04739,38.94638],[-77.04742,38.94638],[-77.04744,38.94637],[-77.04745,38.94635],[-77.04747,38.94632],[-77.04749,38.9463],[-77.04751,38.94626],[-77.04752,38.94624],[-77.04755,38.94622],[-77.04759,38.94619],[-77.04762,38.94616],[-77.04767,38.94614],[-77.04771,38.94613],[-77.04776,38.94612],[-77.0478,38.94611],[-77.04786,38.94609],[-77.04791,38.94608],[-77.04795,38.94607],[-77.04799,38.94605],[-77.04804,38.94602],[-77.0481,38.94599],[-77.04814,38.94596],[-77.04816,38.94593],[-77.04822,38.94588],[-77.04825,38.94583],[-77.04828,38.94579],[-77.04833,38.94572],[-77.04835,38.94569],[-77.04838,38.94563],[-77.04842,38.94558],[-77.04847,38.94549],[-77.04852,38.9454],[-77.04856,38.94533],[-77.04863,38.94526],[-77.04867,38.9452],[-77.0487,38.94516],[-77.04875,38.9451],[-77.0488,38.94503],[-77.04885,38.94497],[-77.04889,38.94492],[-77.04894,38.94483],[-77.04896,38.94479],[-77.04899,38.94474],[-77.04903,38.9447],[-77.04906,38.94468],[-77.0491,38.94465],[-77.04913,38.94463],[-77.04921,38.9446],[-77.04931,38.9446],[-77.04937,38.94459],[-77.04944,38.94459],[-77.04951,38.94459],[-77.04958,38.94458],[-77.04964,38.94459],[-77.0497,38.94459],[-77.04975,38.9446],[-77.04978,38.9446],[-77.04981,38.94459]]]},"properties":{"name":"Black Horse Trail","src":"nps"}},{"type":"Feature","geometry":{"type":"MultiLineString","coordinates":[[[-77.05309,38.98614],[-77.05311,38.98615],[-77.05313,38.98617],[-77.05315,38.98619],[-77.05317,38.98621],[-77.05319,38.98623],[-77.0532,38.98624],[-77.05321,38.98625],[-77.05322,38.98627],[-77.05323,38.98628],[-77.05326,38.9863],[-77.05328,38.98632],[-77.0533,38.98635],[-77.05331,38.98637],[-77.05332,38.98638],[-77.05332,38.9864],[-77.05333,38.98642],[-77.05331,38.98645],[-77.05329,38.98646],[-77.05326,38.98648],[-77.05289,38.98677],[-77.05289,38.98677],[-77.05279,38.98685],[-77.05272,38.98689],[-77.05265,38.98691],[-77.05249,38.98689],[-77.05213,38.98677],[-77.05211,38.98676],[-77.05209,38.98675],[-77.05207,38.98674],[-77.05204,38.98672],[-77.05202,38.98672],[-77.05196,38.98672],[-77.05193,38.98673],[-77.05188,38.98675],[-77.05184,38.98679],[-77.05178,38.98683],[-77.05173,38.98687],[-77.0517,38.9869],[-77.05166,38.98692],[-77.0516,38.98696],[-77.05153,38.987],[-77.05148,38.98704],[-77.05145,38.98706],[-77.05141,38.98708],[-77.05138,38.9871],[-77.05135,38.98712],[-77.05132,38.98714],[-77.05129,38.98718],[-77.05125,38.98721],[-77.05121,38.98724],[-77.05117,38.98727],[-77.05113,38.98731],[-77.0511,38.98733],[-77.05104,38.98738],[-77.05101,38.98742],[-77.05097,38.98745],[-77.05093,38.98749],[-77.05088,38.98752],[-77.0508,38.98757],[-77.05072,38.98763],[-77.05059,38.98775],[-77.05057,38.98777],[-77.05055,38.98779],[-77.05051,38.98781],[-77.05049,38.98783],[-77.05047,38.98786],[-77.05046,38.98789],[-77.05043,38.98791],[-77.05039,38.98793],[-77.05035,38.98794],[-77.05032,38.98795],[-77.05029,38.98796],[-77.05026,38.98796],[-77.05022,38.98797],[-77.0502,38.98797],[-77.05017,38.98798],[-77.05015,38.98797],[-77.05006,38.98796],[-77.05002,38.98795],[-77.04997,38.98794],[-77.04992,38.98794],[-77.04986,38.98793],[-77.0498,38.98793],[-77.04973,38.98792],[-77.04969,38.98792],[-77.04964,38.98792],[-77.0496,38.98791],[-77.04957,38.98791],[-77.04952,38.98789],[-77.0495,38.98788],[-77.04946,38.98787],[-77.04942,38.98784],[-77.04939,38.98782],[-77.04936,38.98781],[-77.04933,38.9878],[-77.0493,38.98778],[-77.04927,38.98777],[-77.04925,38.98775],[-77.04922,38.98774],[-77.0492,38.98772],[-77.04917,38.9877],[-77.04914,38.98769],[-77.04912,38.98767],[-77.0491,38.98765],[-77.04908,38.98764],[-77.04906,38.98761],[-77.04903,38.9876],[-77.04902,38.98758],[-77.04901,38.98756],[-77.049,38.98755],[-77.04898,38.98753],[-77.04897,38.9875],[-77.04894,38.98747],[-77.0489,38.98745],[-77.04863,38.98728],[-77.04855,38.98722],[-77.04848,38.98717],[-77.04844,38.98714],[-77.0484,38.98711],[-77.04835,38.98707],[-77.04831,38.98704],[-77.04828,38.98701],[-77.04825,38.98699],[-77.04822,38.98697],[-77.0482,38.98695],[-77.04817,38.98693],[-77.04815,38.98691],[-77.04812,38.98688],[-77.04809,38.98685],[-77.04807,38.98683],[-77.04805,38.9868],[-77.04803,38.98678],[-77.04801,38.98676],[-77.048,38.98674],[-77.04798,38.98673],[-77.04797,38.9867],[-77.04795,38.98667],[-77.04792,38.98664],[-77.0479,38.98662],[-77.04789,38.9866],[-77.04788,38.98658],[-77.04787,38.98655],[-77.04785,38.98653],[-77.04784,38.9865],[-77.04783,38.98648],[-77.04781,38.98645],[-77.0478,38.98643],[-77.04779,38.9864],[-77.04778,38.98638],[-77.04778,38.98636],[-77.04777,38.98634],[-77.04776,38.98632],[-77.04776,38.9863],[-77.04774,38.98627],[-77.04772,38.98625],[-77.04771,38.98624],[-77.04768,38.98622],[-77.04766,38.98621],[-77.04764,38.9862],[-77.04758,38.98617],[-77.04754,38.98616],[-77.04748,38.98614],[-77.04744,38.98612],[-77.0474,38.98611],[-77.04737,38.9861],[-77.04733,38.98609],[-77.04729,38.98607],[-77.04726,38.98606],[-77.04722,38.98605],[-77.0472,38.98604],[-77.04717,38.98603],[-77.04714,38.98602],[-77.04711,38.98601],[-77.04709,38.986],[-77.04706,38.98599],[-77.04704,38.98598],[-77.04703,38.98597],[-77.04701,38.98596],[-77.047,38.98595],[-77.04698,38.98593],[-77.04696,38.98591],[-77.04696,38.98589],[-77.04695,38.98588],[-77.04693,38.98586],[-77.04691,38.98585],[-77.04689,38.98583],[-77.04687,38.98583],[-77.04684,38.98582],[-77.04681,38.98582],[-77.04679,38.98581],[-77.04677,38.98581],[-77.04675,38.98581],[-77.04673,38.9858],[-77.0467,38.9858],[-77.04668,38.98579],[-77.04665,38.98577],[-77.04663,38.98577],[-77.04661,38.98576],[-77.04659,38.98575],[-77.04657,38.98574],[-77.04654,38.98573],[-77.04652,38.98572],[-77.0465,38.98572],[-77.04648,38.98571],[-77.04646,38.9857],[-77.04644,38.98569],[-77.04642,38.98568],[-77.0464,38.98567],[-77.04637,38.98566],[-77.04635,38.98565],[-77.04632,38.98564],[-77.0463,38.98562],[-77.04628,38.98561],[-77.04625,38.9856],[-77.04622,38.98559],[-77.0462,38.98557],[-77.04617,38.98556],[-77.04615,38.98556],[-77.04613,38.98554],[-77.0461,38.98553],[-77.04608,38.98552],[-77.04605,38.98551],[-77.04603,38.9855],[-77.046,38.98549],[-77.04595,38.98548],[-77.04591,38.98546],[-77.04587,38.98544],[-77.04583,38.98542],[-77.0458,38.98541],[-77.04575,38.98539],[-77.04571,38.98536],[-77.04568,38.98534],[-77.04565,38.98532],[-77.04562,38.98531],[-77.0456,38.98529],[-77.04558,38.98529],[-77.04556,38.98528],[-77.04555,38.98527],[-77.04553,38.98526],[-77.04551,38.98524],[-77.04549,38.98523],[-77.04547,38.98522],[-77.04545,38.98521],[-77.04544,38.98519],[-77.04542,38.98518],[-77.04539,38.98516],[-77.04539,38.98515]],[[-77.04539,38.98515],[-77.04535,38.98512],[-77.04532,38.98509],[-77.04528,38.98507],[-77.04524,38.98504],[-77.04521,38.98502],[-77.04518,38.98499],[-77.04515,38.98497],[-77.04511,38.98494],[-77.04507,38.98494],[-77.04503,38.98493],[-77.045,38.98491],[-77.04496,38.9849],[-77.04493,38.98488],[-77.04487,38.98486],[-77.04483,38.98483],[-77.04479,38.9848],[-77.04473,38.98475],[-77.04468,38.98471],[-77.04463,38.98467],[-77.04459,38.98464],[-77.04455,38.98463],[-77.04451,38.98462],[-77.04447,38.98461],[-77.04443,38.9846],[-77.04439,38.9846],[-77.04436,38.9846],[-77.04432,38.98459],[-77.04427,38.9846],[-77.04422,38.9846],[-77.04419,38.9846],[-77.04411,38.9846],[-77.04406,38.9846],[-77.04401,38.9846],[-77.04397,38.9846],[-77.04392,38.9846],[-77.04388,38.98461],[-77.04383,38.98461],[-77.0438,38.98461],[-77.04374,38.98462],[-77.0437,38.98463],[-77.04359,38.98463],[-77.04357,38.98465],[-77.04354,38.98464],[-77.04351,38.98464],[-77.04347,38.98464],[-77.04345,38.98463],[-77.04342,38.98463],[-77.04339,38.98462],[-77.04336,38.98461],[-77.04334,38.98459],[-77.04332,38.98458],[-77.0433,38.98457],[-77.04328,38.98454],[-77.04326,38.98452],[-77.04325,38.98449],[-77.04324,38.98447],[-77.04321,38.98443],[-77.0432,38.9844],[-77.04319,38.98436],[-77.04319,38.98434],[-77.04318,38.98432],[-77.04317,38.98428],[-77.04315,38.98426],[-77.04314,38.98422],[-77.04312,38.9842],[-77.0431,38.98418],[-77.04308,38.98417],[-77.04307,38.98415],[-77.04304,38.98413],[-77.043,38.98412],[-77.04297,38.98411],[-77.04284,38.98412],[-77.04281,38.98412],[-77.04277,38.98412],[-77.04273,38.98414],[-77.04271,38.98415],[-77.04267,38.98418],[-77.04263,38.9842],[-77.04261,38.98422],[-77.04259,38.98424],[-77.04254,38.98426],[-77.04249,38.9843],[-77.04247,38.98431],[-77.04243,38.98431],[-77.0424,38.98431],[-77.04236,38.98431],[-77.04233,38.98432],[-77.04216,38.98429],[-77.04209,38.98428],[-77.04204,38.98427],[-77.04197,38.98426],[-77.04193,38.98426],[-77.0419,38.98425],[-77.04184,38.98425],[-77.0418,38.98424],[-77.04176,38.98423],[-77.04173,38.98422],[-77.0417,38.98421],[-77.04167,38.9842],[-77.04165,38.98419],[-77.04163,38.98417],[-77.04159,38.98415],[-77.04157,38.98414],[-77.04154,38.9841],[-77.04151,38.98408],[-77.0415,38.98406],[-77.04149,38.98404],[-77.04148,38.98402],[-77.04147,38.984],[-77.04145,38.98398],[-77.04144,38.98397],[-77.04142,38.98394],[-77.04139,38.98392],[-77.04138,38.98389],[-77.04136,38.98388],[-77.04134,38.98386],[-77.04132,38.98384],[-77.04127,38.98382],[-77.04125,38.98379],[-77.04122,38.98378],[-77.0412,38.98376],[-77.04118,38.98374],[-77.04114,38.98372],[-77.04111,38.9837],[-77.04109,38.98368],[-77.04106,38.98367],[-77.04103,38.98365],[-77.041,38.98363],[-77.04097,38.98361],[-77.04093,38.98359],[-77.04091,38.98357],[-77.04088,38.98355],[-77.04086,38.98354],[-77.04083,38.98352],[-77.0408,38.9835],[-77.04077,38.98348],[-77.04075,38.98347],[-77.04071,38.98344],[-77.04069,38.98343],[-77.04066,38.9834],[-77.04062,38.98336],[-77.0406,38.98334],[-77.04059,38.98333],[-77.04058,38.98331],[-77.04058,38.9833],[-77.04054,38.98326],[-77.04053,38.98323],[-77.04051,38.9832],[-77.0405,38.98318],[-77.04046,38.98313],[-77.04043,38.98309],[-77.04041,38.98306],[-77.04035,38.98301],[-77.04032,38.98298],[-77.04029,38.98295],[-77.04026,38.98293],[-77.04024,38.98291],[-77.04019,38.98288],[-77.04015,38.98284],[-77.0401,38.98281],[-77.03997,38.98273],[-77.03994,38.98271],[-77.03991,38.98268],[-77.03989,38.98266],[-77.03988,38.98263],[-77.03986,38.98261],[-77.03982,38.98258],[-77.0398,38.98255],[-77.03977,38.98253],[-77.03975,38.98249],[-77.03972,38.98245],[-77.03969,38.98242],[-77.03966,38.98239],[-77.03964,38.98237],[-77.03962,38.98233],[-77.03959,38.98229],[-77.03957,38.98225],[-77.03955,38.98221],[-77.03953,38.98218],[-77.03952,38.98216],[-77.03951,38.98213],[-77.0395,38.98209],[-77.0395,38.98206],[-77.0395,38.98203],[-77.0395,38.982],[-77.0395,38.98197],[-77.0395,38.98195],[-77.0395,38.98192],[-77.0395,38.9819],[-77.03951,38.98187],[-77.03952,38.98184],[-77.03954,38.98181],[-77.03955,38.98179],[-77.03956,38.98177],[-77.03958,38.98174],[-77.03959,38.98172],[-77.03961,38.98169],[-77.03962,38.98167],[-77.03964,38.98165],[-77.03965,38.98162],[-77.03967,38.98158],[-77.03969,38.98154],[-77.03971,38.9815],[-77.03973,38.98147],[-77.03975,38.98145],[-77.03978,38.98141],[-77.03981,38.98137],[-77.03984,38.98134],[-77.03988,38.9813],[-77.03991,38.98128],[-77.03994,38.98124],[-77.03996,38.98122],[-77.03999,38.98118],[-77.04002,38.98115],[-77.04006,38.98112],[-77.04008,38.9811],[-77.04011,38.98107],[-77.04014,38.98104],[-77.04016,38.98102],[-77.04018,38.98099],[-77.04019,38.98097],[-77.04019,38.98094],[-77.04018,38.98093],[-77.04016,38.9809],[-77.04015,38.98089],[-77.04013,38.98087],[-77.04011,38.98086],[-77.04009,38.98085],[-77.04007,38.98083],[-77.04004,38.98081],[-77.03999,38.98079],[-77.03996,38.98077],[-77.03993,38.98076],[-77.0399,38.98075],[-77.03988,38.98074],[-77.03984,38.98073],[-77.0398,38.98071],[-77.03976,38.98071],[-77.03972,38.98071],[-77.03967,38.98071],[-77.03962,38.98071],[-77.03957,38.98071],[-77.03953,38.98071],[-77.03945,38.98071],[-77.0394,38.98072],[-77.03934,38.98072],[-77.03929,38.98073],[-77.03923,38.98073],[-77.03919,38.98074],[-77.03913,38.98075],[-77.03909,38.98075],[-77.03905,38.98075],[-77.03902,38.98074],[-77.039,38.98073],[-77.03898,38.98072],[-77.03896,38.9807],[-77.03894,38.98069],[-77.03893,38.98067],[-77.03893,38.98065],[-77.03893,38.98063],[-77.03893,38.98061],[-77.03894,38.98059],[-77.03895,38.98057],[-77.03897,38.98056],[-77.03898,38.98055],[-77.039,38.98053],[-77.03902,38.98052],[-77.03904,38.98051],[-77.03906,38.9805],[-77.03909,38.98048],[-77.03911,38.98048],[-77.03916,38.98047],[-77.03922,38.98045],[-77.03927,38.98044],[-77.03933,38.98042],[-77.03938,38.98041],[-77.03942,38.9804],[-77.03944,38.98039],[-77.0395,38.98039],[-77.03957,38.98038],[-77.03963,38.98037],[-77.03967,38.98037],[-77.03973,38.98037],[-77.03976,38.98038],[-77.03982,38.98038],[-77.03987,38.98038],[-77.0399,38.98039],[-77.03995,38.98039],[-77.04001,38.98039],[-77.04005,38.9804],[-77.04009,38.9804],[-77.04012,38.9804],[-77.04014,38.98041],[-77.04018,38.98041],[-77.04022,38.98042],[-77.04025,38.98042],[-77.04028,38.98041],[-77.0403,38.98042],[-77.04033,38.98041],[-77.04036,38.98041],[-77.04038,38.98041],[-77.04041,38.98041],[-77.04043,38.98041],[-77.04045,38.9804],[-77.04049,38.9804],[-77.04052,38.98039],[-77.04054,38.98038],[-77.04057,38.98037],[-77.0406,38.98036],[-77.04063,38.98035],[-77.04065,38.98034],[-77.04067,38.98033],[-77.04068,38.98033],[-77.04071,38.98032],[-77.04073,38.9803],[-77.04075,38.98029],[-77.04077,38.98028],[-77.04082,38.98025],[-77.04085,38.98023],[-77.04089,38.9802],[-77.04092,38.98018],[-77.04094,38.98016],[-77.04096,38.98014],[-77.04098,38.98011],[-77.04101,38.98008],[-77.04102,38.98006],[-77.04104,38.98003],[-77.04105,38.98001],[-77.04108,38.97998],[-77.04109,38.97996],[-77.0411,38.97993],[-77.04112,38.97991],[-77.04112,38.97989],[-77.04114,38.97986],[-77.04115,38.97985],[-77.04117,38.97983],[-77.04118,38.9798],[-77.04119,38.97977],[-77.0412,38.97975],[-77.04121,38.97974],[-77.04122,38.97971],[-77.04123,38.97969],[-77.04124,38.97967],[-77.04125,38.97966],[-77.04126,38.97964],[-77.04129,38.97963],[-77.04131,38.97962],[-77.04134,38.97961],[-77.04138,38.97961],[-77.04142,38.97961],[-77.04145,38.97961],[-77.04148,38.97961],[-77.04153,38.97961],[-77.04158,38.97962],[-77.04165,38.97962],[-77.04169,38.97962],[-77.04172,38.97962],[-77.04175,38.97962],[-77.04179,38.97962],[-77.04184,38.97963],[-77.04187,38.97964],[-77.04189,38.97965],[-77.04191,38.97966],[-77.04194,38.97968],[-77.04195,38.97969],[-77.04196,38.97971],[-77.04199,38.97972],[-77.04201,38.97973],[-77.04203,38.97974],[-77.04206,38.97975],[-77.0421,38.97976],[-77.04213,38.97976],[-77.04216,38.97976],[-77.04219,38.97976],[-77.04221,38.97975],[-77.04226,38.97974],[-77.0423,38.97973],[-77.04234,38.97973],[-77.04238,38.97974],[-77.0424,38.97974],[-77.04243,38.97975],[-77.04246,38.97975],[-77.04249,38.97976],[-77.04252,38.97976],[-77.04256,38.97976],[-77.04259,38.97976],[-77.04264,38.97974]],[[-77.04265,38.97973],[-77.04265,38.97972],[-77.04269,38.97962],[-77.04274,38.97954],[-77.04275,38.97948],[-77.04278,38.97941],[-77.0428,38.97935],[-77.04282,38.97929],[-77.04283,38.97926],[-77.04284,38.97923],[-77.04285,38.9792],[-77.04287,38.97917],[-77.0429,38.97916],[-77.04295,38.97914],[-77.043,38.97914],[-77.04308,38.97912],[-77.04317,38.97911],[-77.04322,38.97909],[-77.04328,38.97906],[-77.04331,38.97901],[-77.04333,38.97897],[-77.04333,38.97894],[-77.04333,38.9789],[-77.04333,38.97886],[-77.04331,38.97884],[-77.0433,38.97881],[-77.04328,38.97879],[-77.04327,38.97876],[-77.04325,38.97874],[-77.04324,38.9787],[-77.04324,38.97868],[-77.04322,38.97865],[-77.04322,38.97863],[-77.04322,38.97862],[-77.04315,38.97863],[-77.04311,38.97862],[-77.04308,38.9786],[-77.04306,38.97859],[-77.04304,38.97857],[-77.04302,38.97855],[-77.04301,38.97853],[-77.04298,38.97851],[-77.04294,38.97848],[-77.0429,38.97845],[-77.04286,38.97842],[-77.04282,38.97839],[-77.04279,38.97838],[-77.04275,38.97836],[-77.04269,38.97835],[-77.04264,38.97834],[-77.04257,38.97832],[-77.04252,38.9783],[-77.04247,38.97827],[-77.0424,38.97824],[-77.04236,38.97822],[-77.04231,38.9782],[-77.04226,38.97818],[-77.04221,38.97816],[-77.04218,38.97815],[-77.04214,38.97812],[-77.04211,38.9781],[-77.04207,38.97806],[-77.04204,38.97804],[-77.04199,38.97801],[-77.04194,38.97799],[-77.04191,38.97798],[-77.04186,38.97798],[-77.04183,38.97797],[-77.04181,38.97796],[-77.04179,38.97795],[-77.04176,38.97792],[-77.04174,38.97791],[-77.04168,38.97789],[-77.04164,38.97788],[-77.04159,38.97787],[-77.04155,38.97786],[-77.04152,38.97785],[-77.04149,38.97784],[-77.04147,38.97782],[-77.04145,38.97781],[-77.04144,38.9778],[-77.04143,38.97777],[-77.04142,38.97775],[-77.04142,38.97772],[-77.04141,38.9777],[-77.0414,38.97765],[-77.04139,38.97764],[-77.04138,38.9776],[-77.04138,38.97759],[-77.04136,38.97757],[-77.04134,38.97756],[-77.04132,38.97754],[-77.04127,38.97752],[-77.04126,38.97751],[-77.04124,38.97749],[-77.04122,38.97747],[-77.04121,38.97745],[-77.04121,38.97742],[-77.04121,38.9774],[-77.0412,38.97738],[-77.0412,38.97736],[-77.04119,38.97735],[-77.04115,38.97733],[-77.04112,38.97731],[-77.04109,38.97729],[-77.04106,38.97727],[-77.04104,38.97725],[-77.04102,38.97723],[-77.04101,38.97721],[-77.04099,38.97719],[-77.04098,38.97716],[-77.04097,38.97714],[-77.04095,38.97713],[-77.04094,38.9771],[-77.04092,38.97707],[-77.04092,38.97705],[-77.04078,38.97701],[-77.04073,38.97699],[-77.0407,38.97698],[-77.04066,38.97696],[-77.04064,38.97694],[-77.0406,38.97693],[-77.04058,38.97691],[-77.04055,38.97688],[-77.04052,38.97686],[-77.0405,38.97685],[-77.04047,38.97684],[-77.04044,38.97681],[-77.04041,38.97678],[-77.04039,38.97676],[-77.04036,38.97674],[-77.04033,38.97671],[-77.04031,38.97669],[-77.04026,38.97667],[-77.04022,38.97667],[-77.04017,38.97666],[-77.04013,38.97665],[-77.0401,38.97664],[-77.04007,38.97664],[-77.04006,38.97663],[-77.04002,38.97661],[-77.03998,38.97658],[-77.03994,38.97654],[-77.03987,38.97649],[-77.03983,38.97644],[-77.03979,38.97639],[-77.03974,38.97633],[-77.03972,38.97626],[-77.03971,38.97619],[-77.03967,38.97612],[-77.03963,38.97601],[-77.03959,38.97588],[-77.03957,38.97576],[-77.03957,38.97566],[-77.03956,38.97554],[-77.03955,38.97539],[-77.03956,38.97527],[-77.03958,38.9752],[-77.03958,38.97512],[-77.03959,38.97507],[-77.0396,38.97503],[-77.03961,38.97498],[-77.03962,38.97494],[-77.03962,38.97488],[-77.03962,38.97484],[-77.03961,38.9748],[-77.0396,38.97474],[-77.03958,38.9747],[-77.03955,38.97465],[-77.03953,38.97461],[-77.0395,38.97455],[-77.03945,38.97449],[-77.03943,38.97445],[-77.03939,38.97438],[-77.03937,38.97433],[-77.03935,38.97428],[-77.03933,38.97422],[-77.03932,38.97417],[-77.03931,38.9741],[-77.03932,38.97405],[-77.03933,38.97401],[-77.03934,38.97398],[-77.03936,38.97395],[-77.03937,38.97391],[-77.03939,38.97388],[-77.0394,38.97386],[-77.03939,38.97382],[-77.0394,38.97381],[-77.03939,38.97378],[-77.03939,38.97375],[-77.03939,38.97372],[-77.0394,38.97369],[-77.03941,38.97366],[-77.03945,38.97361],[-77.03945,38.97358],[-77.03948,38.97353],[-77.03951,38.9735],[-77.03954,38.97346],[-77.03956,38.97345],[-77.03958,38.97341],[-77.0396,38.97339],[-77.03963,38.97335],[-77.03965,38.9733],[-77.03966,38.97328],[-77.03967,38.97324],[-77.03967,38.97322],[-77.0397,38.97319],[-77.0397,38.97316],[-77.03972,38.97314],[-77.03972,38.97314]],[[-77.04895,38.93746],[-77.04888,38.93746],[-77.04883,38.93745],[-77.0488,38.93745]],[[-77.0488,38.93745],[-77.04886,38.9375],[-77.0489,38.93755],[-77.0489,38.93757],[-77.0489,38.93762],[-77.04894,38.93772],[-77.04892,38.93776],[-77.04894,38.93779],[-77.04899,38.93783],[-77.04901,38.93785],[-77.04901,38.93785],[-77.04904,38.93788],[-77.04903,38.93789],[-77.04903,38.93796],[-77.04904,38.93801],[-77.04906,38.93805],[-77.04907,38.93812],[-77.04906,38.93817],[-77.04906,38.93823],[-77.04906,38.93827],[-77.04906,38.93829],[-77.04906,38.93834],[-77.04908,38.93841],[-77.04908,38.93846],[-77.04909,38.93852],[-77.04909,38.93856],[-77.04909,38.93861],[-77.04903,38.9387],[-77.04902,38.93876],[-77.04905,38.9388],[-77.04905,38.93884],[-77.04906,38.93888],[-77.04906,38.93893],[-77.04906,38.93897],[-77.04908,38.93902],[-77.04906,38.93906],[-77.04904,38.93909],[-77.04905,38.93915],[-77.04906,38.9392],[-77.04903,38.93924],[-77.04905,38.93929],[-77.04904,38.93935],[-77.04904,38.93937],[-77.04903,38.93943],[-77.04903,38.93944],[-77.04904,38.93951],[-77.04906,38.93957],[-77.04908,38.93962],[-77.04914,38.93964],[-77.04914,38.9397],[-77.04917,38.93975],[-77.04917,38.93981],[-77.0492,38.93985],[-77.04918,38.93991],[-77.04919,38.93996],[-77.04921,38.94001],[-77.04921,38.94005],[-77.0492,38.9401],[-77.04921,38.94017],[-77.04922,38.94023],[-77.04922,38.94026],[-77.04923,38.94033],[-77.04923,38.94037],[-77.04923,38.94038],[-77.04922,38.94041],[-77.04921,38.94046],[-77.0492,38.9405],[-77.04918,38.94054],[-77.04918,38.94057],[-77.04915,38.94063],[-77.04911,38.94065],[-77.0491,38.94069],[-77.04909,38.94074],[-77.04906,38.94077],[-77.04908,38.9408],[-77.04906,38.94084],[-77.04904,38.94087],[-77.04902,38.94091],[-77.04901,38.94093],[-77.049,38.94094],[-77.04896,38.94097],[-77.04891,38.941],[-77.04886,38.94105],[-77.04881,38.94106],[-77.0488,38.9411],[-77.04877,38.94113],[-77.04875,38.94114],[-77.04872,38.94122],[-77.04869,38.94123],[-77.04865,38.94126],[-77.04863,38.94129],[-77.0486,38.94131],[-77.0486,38.94135],[-77.0486,38.94138],[-77.04861,38.94141],[-77.0486,38.94148],[-77.04858,38.94152],[-77.04852,38.94157],[-77.04848,38.94161],[-77.04843,38.94165],[-77.04838,38.94169],[-77.04837,38.94175],[-77.04836,38.9418],[-77.04834,38.94185],[-77.04831,38.94191],[-77.04829,38.94194],[-77.04825,38.94198],[-77.04823,38.94199],[-77.04816,38.94202],[-77.04814,38.94202],[-77.04805,38.94205],[-77.04801,38.94205],[-77.04789,38.94211],[-77.04782,38.94213],[-77.04779,38.94214],[-77.04779,38.94215],[-77.0478,38.94219],[-77.04783,38.94224],[-77.0479,38.94229],[-77.04795,38.94232],[-77.04799,38.94232],[-77.04805,38.94234],[-77.04811,38.94235],[-77.04823,38.94245],[-77.04818,38.94247],[-77.04812,38.94249],[-77.048,38.9425],[-77.04793,38.94251],[-77.04787,38.94252],[-77.04782,38.94249],[-77.04774,38.94252],[-77.04769,38.94257],[-77.04765,38.94258],[-77.0476,38.94256],[-77.04753,38.94258],[-77.04746,38.94259],[-77.04739,38.94259],[-77.04734,38.94259],[-77.04731,38.94258],[-77.04723,38.94253],[-77.0472,38.94255],[-77.04717,38.94259],[-77.04715,38.94262],[-77.04713,38.94267],[-77.04713,38.94269],[-77.0471,38.94276],[-77.04708,38.9428],[-77.04708,38.94284],[-77.04708,38.94289],[-77.04709,38.94293],[-77.04711,38.94299],[-77.04712,38.943],[-77.04716,38.94303],[-77.04721,38.94306],[-77.04725,38.9431],[-77.04731,38.94311],[-77.04737,38.94313],[-77.04739,38.94319],[-77.0476,38.9432],[-77.04767,38.9432],[-77.04772,38.94321],[-77.04781,38.94323],[-77.04784,38.94324],[-77.04788,38.94327],[-77.04802,38.94335],[-77.04804,38.94336],[-77.04809,38.94338],[-77.04815,38.9434],[-77.0482,38.94342],[-77.04828,38.94345],[-77.04834,38.94346],[-77.0484,38.94347],[-77.04846,38.9435],[-77.04857,38.94354],[-77.0486,38.94354],[-77.04869,38.94356],[-77.04872,38.94358],[-77.04876,38.94363],[-77.04879,38.94369],[-77.0488,38.94372],[-77.04882,38.94377],[-77.0488,38.94382],[-77.04875,38.94385],[-77.04869,38.94384],[-77.04863,38.94384],[-77.04859,38.94382],[-77.04852,38.94382],[-77.04846,38.94382],[-77.04839,38.94381],[-77.04832,38.94381],[-77.04827,38.94381],[-77.04821,38.94381],[-77.04806,38.94384],[-77.04803,38.94387],[-77.04792,38.94391],[-77.04786,38.94393],[-77.0478,38.94397],[-77.04774,38.944],[-77.04767,38.94404],[-77.04761,38.94407],[-77.04755,38.9441],[-77.04748,38.94411],[-77.04741,38.94414],[-77.04734,38.94415],[-77.04727,38.94418],[-77.04718,38.94418],[-77.04711,38.94421],[-77.04706,38.94426],[-77.04703,38.94427],[-77.04702,38.94433],[-77.04703,38.94438],[-77.04704,38.94445],[-77.04705,38.94449],[-77.04707,38.94459],[-77.04707,38.94462],[-77.04708,38.94468],[-77.04708,38.94473],[-77.04707,38.94479],[-77.04706,38.94485],[-77.04701,38.94489],[-77.04698,38.94492],[-77.04694,38.94496],[-77.04688,38.945],[-77.04683,38.94506],[-77.04677,38.94514],[-77.04673,38.94519],[-77.0467,38.94519],[-77.04664,38.94519],[-77.0466,38.94517],[-77.04657,38.94512],[-77.04653,38.94508],[-77.04649,38.94506],[-77.04646,38.94505],[-77.0464,38.94503],[-77.04635,38.94501],[-77.0463,38.94499],[-77.04624,38.94498],[-77.04619,38.94498],[-77.04616,38.94499],[-77.04605,38.94503],[-77.04601,38.94505],[-77.04598,38.94507],[-77.04593,38.9451],[-77.0459,38.94513],[-77.04586,38.94515],[-77.04579,38.94519],[-77.04575,38.94522],[-77.0457,38.94525],[-77.04566,38.9453],[-77.0456,38.94532],[-77.04557,38.94537],[-77.04554,38.94541],[-77.04551,38.94545],[-77.04551,38.94549],[-77.04549,38.94554],[-77.04547,38.94558],[-77.04546,38.94562],[-77.04544,38.94569],[-77.0454,38.94575],[-77.04535,38.94578],[-77.0453,38.94582],[-77.04526,38.94586],[-77.04523,38.94589],[-77.04518,38.94593],[-77.04514,38.94598],[-77.04512,38.94602],[-77.04507,38.94607],[-77.04506,38.94611],[-77.04504,38.94617],[-77.04502,38.9462],[-77.04498,38.94628],[-77.04497,38.94631],[-77.045,38.9464],[-77.045,38.94647],[-77.04502,38.94653],[-77.04503,38.94655],[-77.04503,38.94659],[-77.04503,38.94663],[-77.04499,38.94671],[-77.04492,38.94679],[-77.04487,38.94684],[-77.04485,38.94684],[-77.04481,38.94683],[-77.04476,38.94687],[-77.04473,38.94691],[-77.04469,38.94693],[-77.04463,38.94699],[-77.04461,38.94701],[-77.04453,38.94708],[-77.04452,38.94711],[-77.04447,38.94719],[-77.04444,38.94725],[-77.0444,38.9473],[-77.04438,38.94732],[-77.04431,38.94742],[-77.04428,38.94745],[-77.04423,38.9475],[-77.04421,38.94754],[-77.04418,38.94758],[-77.04415,38.94763],[-77.04413,38.94767],[-77.0441,38.9477],[-77.04404,38.94771],[-77.04402,38.94776],[-77.044,38.94779],[-77.04397,38.94783],[-77.04397,38.94784],[-77.04394,38.94789],[-77.04393,38.9479],[-77.04391,38.94794],[-77.04389,38.94797],[-77.04389,38.94804],[-77.04389,38.94809],[-77.04387,38.94814],[-77.04387,38.94816],[-77.04386,38.94823],[-77.04388,38.94824],[-77.0439,38.94829],[-77.04392,38.94833],[-77.04392,38.94835],[-77.04396,38.94842],[-77.04399,38.94844],[-77.04405,38.94848],[-77.04406,38.9485],[-77.04412,38.94853],[-77.04413,38.94854],[-77.0442,38.94858],[-77.04426,38.94862],[-77.04431,38.94863],[-77.04438,38.94867],[-77.04454,38.94873],[-77.04458,38.94874],[-77.0446,38.94873],[-77.04471,38.94874],[-77.04476,38.94873],[-77.04487,38.94868],[-77.04488,38.94868],[-77.04495,38.94863],[-77.04499,38.94862],[-77.04505,38.9486],[-77.04509,38.94861],[-77.04512,38.94861],[-77.0452,38.94861],[-77.04529,38.9486],[-77.04538,38.9486],[-77.04545,38.94861],[-77.0455,38.94861],[-77.04556,38.94862],[-77.04557,38.94862],[-77.04566,38.94865],[-77.04571,38.94866],[-77.04578,38.94866],[-77.04583,38.94868],[-77.04589,38.94869],[-77.04594,38.94872],[-77.04598,38.94875],[-77.04603,38.94877],[-77.04608,38.9488],[-77.04611,38.94885],[-77.04613,38.9489],[-77.04613,38.94896],[-77.04614,38.94899],[-77.04616,38.94904],[-77.04617,38.9491],[-77.04619,38.94914],[-77.04618,38.9492],[-77.04617,38.94924],[-77.04615,38.94928],[-77.04614,38.94933],[-77.04615,38.94938],[-77.04615,38.94942],[-77.04616,38.94947],[-77.04618,38.9495],[-77.04621,38.94954],[-77.04623,38.94958],[-77.04625,38.94962],[-77.04626,38.94966],[-77.04628,38.94969],[-77.04628,38.94972],[-77.04629,38.94975],[-77.0463,38.94978],[-77.0463,38.94982],[-77.0463,38.94985],[-77.04628,38.94988],[-77.04626,38.94991],[-77.0462,38.94996],[-77.04613,38.94999],[-77.04607,38.95002],[-77.04602,38.95005],[-77.04595,38.95006],[-77.04591,38.95009],[-77.04587,38.9501],[-77.04582,38.95012],[-77.04578,38.95014],[-77.04572,38.95018],[-77.04568,38.95019],[-77.04566,38.9502],[-77.04558,38.95023],[-77.04553,38.95025],[-77.04549,38.95027],[-77.04545,38.95029],[-77.04543,38.95031],[-77.04532,38.95035],[-77.04527,38.95038],[-77.04525,38.95043],[-77.04522,38.95047],[-77.04518,38.95051],[-77.04518,38.95056],[-77.04514,38.95066],[-77.04511,38.95068],[-77.04507,38.95069],[-77.04502,38.95072],[-77.04499,38.95077],[-77.04495,38.95082],[-77.0449,38.95083],[-77.04487,38.95086],[-77.04483,38.9509],[-77.0448,38.95095],[-77.04478,38.95099],[-77.04475,38.95102],[-77.04471,38.95106],[-77.04468,38.95111],[-77.04466,38.95115],[-77.04465,38.95118],[-77.04461,38.95124],[-77.04459,38.95127],[-77.04455,38.95131],[-77.04455,38.95131],[-77.04454,38.95134],[-77.04452,38.95138],[-77.04451,38.95144],[-77.0445,38.9515],[-77.04446,38.95156],[-77.04446,38.95161],[-77.04447,38.95165],[-77.04446,38.95169],[-77.04446,38.95172],[-77.04445,38.95176],[-77.04442,38.95183],[-77.04442,38.95188],[-77.04441,38.95194],[-77.04438,38.95198],[-77.04436,38.95202],[-77.04432,38.95206],[-77.04429,38.9521],[-77.04426,38.95215],[-77.04422,38.9522],[-77.04419,38.95224],[-77.04417,38.95228],[-77.04415,38.9523],[-77.04412,38.95235],[-77.0441,38.95238],[-77.04408,38.9524],[-77.04406,38.95244],[-77.04403,38.95247],[-77.044,38.95249],[-77.04395,38.95254],[-77.04392,38.95257],[-77.04389,38.95259],[-77.04386,38.95263],[-77.04383,38.95265],[-77.04378,38.95268],[-77.04374,38.95272],[-77.04371,38.95276],[-77.04368,38.95279],[-77.04365,38.95282],[-77.04361,38.95283],[-77.04357,38.95287],[-77.04353,38.95289],[-77.04347,38.95291],[-77.04341,38.95293],[-77.04339,38.95294],[-77.04339,38.95298],[-77.04338,38.95301],[-77.04334,38.95303],[-77.04331,38.95308],[-77.04328,38.95311],[-77.04326,38.95314],[-77.04323,38.95316],[-77.04317,38.9532],[-77.04314,38.95324],[-77.04311,38.95326],[-77.04307,38.95329],[-77.04303,38.95332],[-77.04299,38.95338],[-77.04295,38.95339],[-77.04292,38.95341],[-77.04289,38.95346],[-77.04286,38.95347],[-77.04282,38.95349],[-77.04278,38.95353],[-77.04274,38.95356],[-77.04272,38.95357],[-77.04268,38.9536],[-77.04265,38.95363],[-77.04261,38.95368],[-77.04258,38.95371],[-77.04255,38.95373],[-77.04253,38.95377],[-77.0425,38.95379],[-77.04247,38.95381],[-77.04245,38.95385],[-77.04241,38.95386],[-77.04238,38.95388],[-77.04233,38.9539],[-77.04231,38.95393],[-77.04226,38.95393],[-77.04224,38.95395],[-77.0422,38.95397],[-77.04217,38.95399],[-77.04213,38.95402],[-77.04209,38.95405],[-77.04202,38.95408],[-77.04198,38.9541],[-77.04196,38.95412],[-77.04193,38.95416],[-77.04186,38.95421],[-77.04182,38.95429],[-77.04182,38.9543],[-77.04179,38.95437],[-77.04175,38.95444],[-77.04174,38.95446],[-77.0417,38.95453],[-77.04166,38.95458],[-77.04164,38.95461],[-77.04163,38.95463],[-77.04161,38.95467],[-77.04161,38.95471],[-77.0416,38.95474],[-77.04159,38.95477],[-77.04156,38.9548],[-77.04154,38.95482],[-77.0415,38.95485],[-77.04148,38.95488],[-77.04147,38.95492],[-77.04144,38.95497],[-77.04143,38.95499],[-77.04144,38.95508],[-77.04148,38.95513],[-77.04147,38.95517],[-77.04146,38.95522],[-77.04145,38.95527],[-77.04143,38.95532],[-77.04137,38.95541],[-77.04139,38.95542],[-77.04145,38.95548],[-77.04149,38.95551],[-77.04149,38.95551],[-77.04156,38.95555],[-77.0416,38.95557],[-77.04161,38.95559],[-77.04163,38.9556],[-77.04168,38.95566],[-77.0417,38.95569],[-77.04172,38.95573],[-77.04174,38.95578],[-77.04178,38.9558],[-77.0418,38.95584],[-77.04181,38.95588],[-77.04182,38.95591],[-77.04183,38.95597],[-77.0418,38.95602],[-77.04178,38.95606],[-77.04178,38.95611],[-77.04182,38.95614],[-77.04184,38.95618],[-77.04185,38.95622],[-77.04185,38.95625],[-77.04185,38.95626],[-77.04186,38.9563],[-77.04186,38.95633],[-77.04185,38.95636],[-77.04184,38.95639],[-77.04183,38.95643],[-77.04183,38.95643],[-77.04183,38.9565],[-77.04183,38.95653],[-77.04181,38.95659],[-77.04181,38.95664],[-77.04179,38.95668],[-77.04178,38.95672],[-77.04176,38.95676],[-77.04174,38.95679],[-77.04175,38.95682],[-77.04172,38.95689],[-77.04171,38.95693],[-77.0417,38.95697],[-77.04171,38.95701],[-77.04172,38.95706],[-77.04172,38.9571],[-77.04174,38.95716],[-77.04173,38.95721],[-77.04173,38.95724],[-77.04172,38.95728],[-77.04171,38.95734],[-77.04171,38.95737],[-77.0417,38.95743],[-77.0417,38.95744],[-77.04171,38.95749],[-77.04172,38.95754],[-77.04173,38.95758],[-77.04174,38.95763],[-77.04175,38.95767],[-77.04174,38.95769],[-77.04173,38.95775],[-77.04171,38.95779],[-77.0417,38.95782],[-77.04165,38.95787],[-77.04161,38.95789],[-77.04157,38.95791],[-77.04151,38.95793],[-77.04146,38.95796],[-77.04143,38.95799],[-77.0414,38.958],[-77.04129,38.95808],[-77.04126,38.9581],[-77.04118,38.95814],[-77.04113,38.95815],[-77.04109,38.95817],[-77.04103,38.9582],[-77.04094,38.95832],[-77.04085,38.95838],[-77.04085,38.9584],[-77.04082,38.95846],[-77.04078,38.95854],[-77.04078,38.95857],[-77.04076,38.95861],[-77.04074,38.95864],[-77.0407,38.95868],[-77.0407,38.9587],[-77.0407,38.95875],[-77.04069,38.95878],[-77.04063,38.95885],[-77.04063,38.95885],[-77.04058,38.95896],[-77.04058,38.95897],[-77.04053,38.95899],[-77.04045,38.95906],[-77.04045,38.95907],[-77.04038,38.95916],[-77.04036,38.9592],[-77.04034,38.95923],[-77.0403,38.95929],[-77.04025,38.95934],[-77.04024,38.95935],[-77.0402,38.95939],[-77.04019,38.95942],[-77.04019,38.95946],[-77.04017,38.95949],[-77.04016,38.95954],[-77.04016,38.95956],[-77.0402,38.95961],[-77.04021,38.95965],[-77.04021,38.95966],[-77.0402,38.9597],[-77.0402,38.95974],[-77.0402,38.9598],[-77.04023,38.95986],[-77.04026,38.95993],[-77.04029,38.95999],[-77.04032,38.96003],[-77.04038,38.9601],[-77.04045,38.96015],[-77.04056,38.96023],[-77.04067,38.96028],[-77.04074,38.96034],[-77.04086,38.96039],[-77.04098,38.96043],[-77.04109,38.96047],[-77.0412,38.96052],[-77.04132,38.96056],[-77.04146,38.96061],[-77.04158,38.96066],[-77.04168,38.96069],[-77.04175,38.96071],[-77.04181,38.96072],[-77.04187,38.96073],[-77.04191,38.96074],[-77.04195,38.96075],[-77.04194,38.96079],[-77.04193,38.96083],[-77.04194,38.96085],[-77.04195,38.96088],[-77.04198,38.96089],[-77.04206,38.9609],[-77.04212,38.96091],[-77.0422,38.96091],[-77.04226,38.96092],[-77.04231,38.96092],[-77.04235,38.96094],[-77.04243,38.96098],[-77.04252,38.96103],[-77.04262,38.96109],[-77.04278,38.96119],[-77.04294,38.96132],[-77.04309,38.96144],[-77.04321,38.96155],[-77.04329,38.96164],[-77.04335,38.96172],[-77.04339,38.9618],[-77.04341,38.96185],[-77.04342,38.9619],[-77.04341,38.96195],[-77.04338,38.96198],[-77.04336,38.96198],[-77.04334,38.96197],[-77.04333,38.96195],[-77.0433,38.96194],[-77.04325,38.96193],[-77.04324,38.96194],[-77.04322,38.96196],[-77.04321,38.96199],[-77.04321,38.96203],[-77.0432,38.96206],[-77.04317,38.96209],[-77.04316,38.9621],[-77.04312,38.96211],[-77.04308,38.96212],[-77.04304,38.96213],[-77.043,38.96214],[-77.04297,38.96215],[-77.04296,38.96218],[-77.04295,38.96222],[-77.04294,38.96227],[-77.04294,38.96232],[-77.04295,38.96236],[-77.04298,38.9624],[-77.04301,38.96244],[-77.04305,38.96248],[-77.04308,38.96252],[-77.04312,38.96255],[-77.04316,38.96258],[-77.04319,38.96261],[-77.04324,38.96263],[-77.04328,38.96264],[-77.04333,38.96265],[-77.0434,38.96266],[-77.04347,38.96267],[-77.04351,38.96268],[-77.04355,38.96269],[-77.04358,38.96271],[-77.04362,38.96274],[-77.04365,38.96278],[-77.04368,38.96281],[-77.04372,38.96285],[-77.04375,38.96288],[-77.0438,38.9629],[-77.04384,38.96293],[-77.0439,38.96296],[-77.04396,38.96298],[-77.04402,38.96299],[-77.04408,38.963],[-77.04414,38.96301],[-77.04419,38.96302],[-77.04424,38.96303],[-77.04431,38.96304],[-77.04439,38.96303],[-77.04445,38.96302],[-77.04449,38.96302],[-77.04462,38.96311],[-77.04466,38.96315],[-77.04472,38.9632],[-77.04484,38.9633],[-77.04491,38.96336],[-77.04493,38.96338],[-77.04498,38.96347],[-77.04502,38.9636],[-77.04509,38.96374],[-77.04513,38.96382],[-77.04517,38.9639],[-77.04521,38.96395],[-77.04525,38.96399],[-77.0453,38.96405],[-77.04535,38.9641],[-77.04542,38.96416],[-77.04549,38.96419],[-77.04556,38.96421],[-77.04563,38.96424],[-77.04573,38.96428],[-77.0458,38.96431],[-77.04585,38.96435],[-77.04588,38.96437],[-77.04592,38.96437],[-77.04597,38.96439],[-77.04606,38.96459],[-77.04607,38.96464],[-77.04607,38.96469],[-77.04606,38.96474],[-77.04607,38.96479],[-77.04608,38.96483],[-77.04609,38.96487],[-77.04613,38.96491],[-77.04618,38.96497],[-77.04619,38.96499],[-77.04618,38.96502],[-77.04616,38.96508],[-77.04613,38.96512],[-77.04611,38.96517],[-77.04609,38.96521],[-77.04608,38.96524],[-77.04607,38.96529],[-77.04608,38.96534],[-77.04608,38.96539],[-77.04609,38.96543],[-77.0461,38.96549],[-77.0461,38.96556],[-77.04611,38.96564],[-77.04613,38.96575],[-77.04621,38.9662],[-77.04626,38.96671],[-77.04624,38.96674],[-77.04622,38.96677],[-77.0462,38.96681],[-77.04619,38.96684],[-77.04617,38.96687],[-77.04617,38.96692],[-77.04616,38.96695],[-77.04615,38.96699],[-77.04614,38.96704],[-77.04613,38.96708],[-77.04612,38.96712],[-77.04611,38.96716],[-77.0461,38.9672],[-77.04609,38.96724],[-77.04609,38.96728],[-77.0461,38.96731],[-77.04609,38.96734],[-77.04608,38.96738],[-77.04609,38.96742],[-77.04609,38.96748],[-77.04609,38.96752],[-77.0461,38.96758],[-77.04611,38.96763],[-77.04611,38.96766],[-77.0461,38.96769],[-77.0461,38.9677],[-77.04609,38.96774],[-77.04607,38.96778],[-77.04605,38.96781],[-77.04604,38.96785],[-77.04602,38.96788],[-77.046,38.96791],[-77.04599,38.96794],[-77.04597,38.96798],[-77.04595,38.96802],[-77.04594,38.96805],[-77.04592,38.96809],[-77.0459,38.96812],[-77.04589,38.96815],[-77.04588,38.96819],[-77.04586,38.96821],[-77.04585,38.96823],[-77.04583,38.96825],[-77.04581,38.96827],[-77.04578,38.96831],[-77.04577,38.96833],[-77.04574,38.96835],[-77.04572,38.96837],[-77.0457,38.9684],[-77.04568,38.96843],[-77.04564,38.96846],[-77.04561,38.9685],[-77.04557,38.96853],[-77.04553,38.96856],[-77.0455,38.96859],[-77.04545,38.96861],[-77.04539,38.96864],[-77.04535,38.96866],[-77.0453,38.96869],[-77.04527,38.96871],[-77.04524,38.96873],[-77.0452,38.96875],[-77.04516,38.96877],[-77.04513,38.96881],[-77.04508,38.96884],[-77.04505,38.96889],[-77.04501,38.96894],[-77.04497,38.96899],[-77.04495,38.96902],[-77.04493,38.96906],[-77.04491,38.9691],[-77.04489,38.96914],[-77.04484,38.96924],[-77.04481,38.96932],[-77.04474,38.9695],[-77.04468,38.96966],[-77.04462,38.96987],[-77.0446,38.96992],[-77.04459,38.96998],[-77.04457,38.97001],[-77.04457,38.97005],[-77.04456,38.97009],[-77.04456,38.97013],[-77.04455,38.97017],[-77.04456,38.9702],[-77.04457,38.97024],[-77.04459,38.97026],[-77.04458,38.97027],[-77.04456,38.97029],[-77.04454,38.97031],[-77.04453,38.97034],[-77.04452,38.97036],[-77.0445,38.97038],[-77.04449,38.9704],[-77.04447,38.97042],[-77.04445,38.97044],[-77.04445,38.97047],[-77.04445,38.97049],[-77.04443,38.97052],[-77.04443,38.97055],[-77.04441,38.97059],[-77.04441,38.97061],[-77.04441,38.97064],[-77.0444,38.97067],[-77.04438,38.9707],[-77.04436,38.97073],[-77.04432,38.97075],[-77.04429,38.97078],[-77.04425,38.97081],[-77.04421,38.97082],[-77.04417,38.97083],[-77.04412,38.97085],[-77.04409,38.97085],[-77.04406,38.97085],[-77.04402,38.97086],[-77.04397,38.97086],[-77.04393,38.97086],[-77.04389,38.97086],[-77.04383,38.97085],[-77.04376,38.97085],[-77.04371,38.97084],[-77.04366,38.97084],[-77.04361,38.97084],[-77.04353,38.97083],[-77.04348,38.97083],[-77.04344,38.97083],[-77.04337,38.97083],[-77.04329,38.97083],[-77.04324,38.97083],[-77.04321,38.97084],[-77.04317,38.97084],[-77.04313,38.97085],[-77.04306,38.97086],[-77.04302,38.97087],[-77.04298,38.97088],[-77.04294,38.9709],[-77.04292,38.9709],[-77.04287,38.97091],[-77.04284,38.97092],[-77.04281,38.97094],[-77.04277,38.97094],[-77.04273,38.97094],[-77.04271,38.97094],[-77.04268,38.97094],[-77.04264,38.97093],[-77.04261,38.97092],[-77.04257,38.97091],[-77.04253,38.9709],[-77.04249,38.97088],[-77.04245,38.97087],[-77.0424,38.97086],[-77.04237,38.97086],[-77.04234,38.97085],[-77.04229,38.97085],[-77.04225,38.97084],[-77.0422,38.97083],[-77.04215,38.97083],[-77.0421,38.97083],[-77.04205,38.97084],[-77.042,38.97084],[-77.04194,38.97084],[-77.04189,38.97085],[-77.04185,38.97086],[-77.04179,38.97087],[-77.04176,38.97088],[-77.04172,38.97089],[-77.04166,38.97091],[-77.04163,38.97091],[-77.04158,38.97092],[-77.04153,38.97093],[-77.04149,38.97095],[-77.04144,38.97097],[-77.04141,38.97098],[-77.04136,38.971],[-77.04133,38.971],[-77.04129,38.97101],[-77.04125,38.97101],[-77.04122,38.97102],[-77.04117,38.97102],[-77.04114,38.97102],[-77.0411,38.97103],[-77.04106,38.97105],[-77.04101,38.97107],[-77.04098,38.97109],[-77.04095,38.97111],[-77.04092,38.97113],[-77.04088,38.97116],[-77.04087,38.97117],[-77.04084,38.9712],[-77.04083,38.97121],[-77.04081,38.97123],[-77.04078,38.97125],[-77.04074,38.97128],[-77.04072,38.9713],[-77.04069,38.97131],[-77.04068,38.97132],[-77.04066,38.97133],[-77.04063,38.97135],[-77.04062,38.97137],[-77.0406,38.97138],[-77.04057,38.9714],[-77.04054,38.97141],[-77.04051,38.97142],[-77.04048,38.97142],[-77.04044,38.97144],[-77.04042,38.97144],[-77.04033,38.97146],[-77.04025,38.97149],[-77.0402,38.97151],[-77.04016,38.97153],[-77.04014,38.97154],[-77.04011,38.97155],[-77.04008,38.97157],[-77.04006,38.97159],[-77.04004,38.97162],[-77.04002,38.97164],[-77.04001,38.97167],[-77.04,38.97169],[-77.03999,38.97172],[-77.03999,38.97175],[-77.03997,38.97178],[-77.03996,38.9718],[-77.03995,38.97183],[-77.03994,38.97185],[-77.03992,38.97188],[-77.03991,38.9719],[-77.0399,38.97193],[-77.03989,38.97196],[-77.03987,38.972],[-77.03985,38.97205],[-77.03984,38.97207],[-77.03983,38.97209],[-77.03982,38.97213],[-77.03981,38.97215],[-77.03981,38.97218],[-77.0398,38.97221],[-77.0398,38.97224],[-77.0398,38.97227],[-77.0398,38.9723],[-77.0398,38.97236],[-77.0398,38.97239],[-77.03981,38.97243],[-77.03982,38.97245],[-77.03984,38.97248]],[[-77.0488,38.93745],[-77.0486,38.93743],[-77.04849,38.93742],[-77.04845,38.93741],[-77.04836,38.9374],[-77.04831,38.93739],[-77.04828,38.93739],[-77.04823,38.93739],[-77.04821,38.93738],[-77.04818,38.93738],[-77.04815,38.93737],[-77.04812,38.93736],[-77.04805,38.93731],[-77.04801,38.93728],[-77.04799,38.93727],[-77.04796,38.93725],[-77.04794,38.93724],[-77.04791,38.93722],[-77.04789,38.93721],[-77.04786,38.9372],[-77.04784,38.93718],[-77.04782,38.93717],[-77.0478,38.93715],[-77.04779,38.93713],[-77.04778,38.93711],[-77.04777,38.93709],[-77.04773,38.93703],[-77.0477,38.93697],[-77.04769,38.93696],[-77.04768,38.93694],[-77.04767,38.93692],[-77.04767,38.9369],[-77.04767,38.93689],[-77.04767,38.93686],[-77.04767,38.93684],[-77.04768,38.93681],[-77.04768,38.93679],[-77.04769,38.93676],[-77.04769,38.93674],[-77.0477,38.93673],[-77.04772,38.93672],[-77.04773,38.93673],[-77.04777,38.93673],[-77.04779,38.93673],[-77.04781,38.93674],[-77.04783,38.93674],[-77.04785,38.93674],[-77.04787,38.93674],[-77.0479,38.93675],[-77.04792,38.93674],[-77.04795,38.93674],[-77.04799,38.93674],[-77.048,38.93674],[-77.04803,38.93674],[-77.04804,38.93673],[-77.04809,38.93671],[-77.04812,38.93668],[-77.04812,38.93668]],[[-77.03984,38.97248],[-77.03984,38.97249],[-77.03986,38.97251],[-77.03986,38.97253],[-77.03987,38.97255],[-77.03987,38.97258],[-77.03987,38.97262],[-77.03987,38.97265],[-77.03987,38.97269],[-77.03987,38.97272],[-77.03987,38.97276],[-77.03986,38.9728],[-77.03985,38.97284],[-77.03984,38.97288],[-77.03982,38.97292],[-77.03979,38.97298],[-77.03977,38.97302],[-77.03975,38.97308],[-77.03972,38.97312],[-77.0397,38.97309],[-77.03969,38.97306],[-77.03967,38.97304],[-77.03964,38.97302],[-77.03961,38.973],[-77.03959,38.97297],[-77.03957,38.97294],[-77.03956,38.97292],[-77.03955,38.9729],[-77.03954,38.97288],[-77.03953,38.97285],[-77.03953,38.97284],[-77.03954,38.97281],[-77.03956,38.97278],[-77.03958,38.97275],[-77.0396,38.97273],[-77.03962,38.97271],[-77.03965,38.97268],[-77.03967,38.97266],[-77.03969,38.97264],[-77.03973,38.97262],[-77.03975,38.9726],[-77.03977,38.97258],[-77.03979,38.97257],[-77.03981,38.97254],[-77.03982,38.97253],[-77.03983,38.9725],[-77.03984,38.97248]]]},"properties":{"name":"Valley Trail","src":"nps"}},{"type":"Feature","geometry":{"type":"LineString","coordinates":[[-77.05289,38.98677],[-77.05286,38.98674],[-77.05285,38.98673],[-77.05284,38.98671],[-77.05283,38.9867],[-77.05282,38.98668],[-77.05281,38.98666],[-77.0528,38.98665],[-77.0528,38.98662],[-77.0528,38.9866],[-77.05281,38.98656],[-77.05281,38.98654],[-77.05282,38.98652],[-77.05282,38.9865],[-77.05282,38.98648],[-77.05283,38.98645],[-77.05284,38.98643],[-77.05284,38.98641],[-77.05285,38.9864],[-77.05286,38.98638],[-77.05287,38.98636],[-77.05289,38.98634],[-77.05293,38.98633],[-77.05295,38.98631],[-77.05297,38.98629],[-77.05298,38.98627],[-77.05301,38.98625],[-77.05304,38.98623],[-77.05305,38.98621],[-77.05306,38.9862],[-77.05307,38.98618],[-77.05308,38.98616],[-77.05309,38.98614]]},"properties":{"name":"Cross Trail #1","src":"nps"}},{"type":"Feature","geometry":{"type":"MultiLineString","coordinates":[[[-77.05309,38.98614],[-77.05306,38.98612],[-77.05305,38.9861],[-77.05304,38.98608],[-77.05302,38.98607],[-77.05301,38.98606],[-77.05299,38.98604],[-77.05296,38.98601],[-77.05295,38.986],[-77.05294,38.98599],[-77.05292,38.98597],[-77.0529,38.98595],[-77.05289,38.98594],[-77.05288,38.98592],[-77.05287,38.9859],[-77.05286,38.98588],[-77.05285,38.98584],[-77.05285,38.9858],[-77.05286,38.98577],[-77.05285,38.98574],[-77.05285,38.98571],[-77.05285,38.98568],[-77.05285,38.98567],[-77.05284,38.98565],[-77.05284,38.98563],[-77.05283,38.98561],[-77.05282,38.9856],[-77.05281,38.98558],[-77.0528,38.98556],[-77.05278,38.98555],[-77.05276,38.98554],[-77.05273,38.98552],[-77.05269,38.98551],[-77.05267,38.9855],[-77.05264,38.98548],[-77.05261,38.98547],[-77.05259,38.98546],[-77.05258,38.98545],[-77.05256,38.98544],[-77.05254,38.98542],[-77.05252,38.9854],[-77.0525,38.98538],[-77.05249,38.98536],[-77.05248,38.98534],[-77.05247,38.98532],[-77.05247,38.98524],[-77.05247,38.98518],[-77.05247,38.98513],[-77.05247,38.98512],[-77.05246,38.9851],[-77.05243,38.98509],[-77.0524,38.98507],[-77.05237,38.98505],[-77.05234,38.98504],[-77.05231,38.98502],[-77.05228,38.98501],[-77.05224,38.985],[-77.05221,38.98499],[-77.05218,38.98498],[-77.05215,38.98497],[-77.05212,38.98496],[-77.05208,38.98495],[-77.05206,38.98494],[-77.05203,38.98493],[-77.05201,38.98491],[-77.05199,38.98488],[-77.05196,38.98487],[-77.05194,38.98486],[-77.05192,38.98484],[-77.0519,38.98482],[-77.05189,38.98481],[-77.05187,38.98478],[-77.05186,38.98476],[-77.05184,38.98475],[-77.05184,38.98474],[-77.05183,38.98472],[-77.05182,38.9847],[-77.0518,38.98467],[-77.0518,38.98465],[-77.05179,38.98463],[-77.05178,38.9846],[-77.05177,38.98457],[-77.05176,38.98455],[-77.05175,38.98453],[-77.05174,38.98451],[-77.05173,38.98449],[-77.0517,38.98447],[-77.05169,38.98446],[-77.05167,38.98445],[-77.05164,38.98443],[-77.05162,38.98441],[-77.05159,38.98439],[-77.05158,38.98438],[-77.05157,38.98436],[-77.05156,38.98434],[-77.05155,38.98432],[-77.05155,38.98429],[-77.05155,38.98427],[-77.05156,38.98423],[-77.05157,38.98419],[-77.05158,38.98415],[-77.05159,38.98413],[-77.0516,38.9841],[-77.0516,38.98408],[-77.05161,38.98406],[-77.05162,38.98403],[-77.05163,38.98401],[-77.05166,38.98398],[-77.05167,38.98396],[-77.05169,38.98393],[-77.05171,38.98391],[-77.05173,38.98389],[-77.05175,38.98387],[-77.05177,38.98384],[-77.0518,38.98381],[-77.05182,38.9838],[-77.05182,38.98379],[-77.05183,38.98376],[-77.05184,38.98374],[-77.05186,38.9837],[-77.05188,38.98368],[-77.05189,38.98365],[-77.05191,38.98363],[-77.05192,38.98362],[-77.05194,38.98359],[-77.05195,38.98357],[-77.05196,38.98355],[-77.05196,38.98354],[-77.05194,38.98352],[-77.05193,38.9835],[-77.05191,38.98349],[-77.05188,38.98348],[-77.05186,38.98347],[-77.05184,38.98346],[-77.0518,38.98344],[-77.05176,38.98342],[-77.05175,38.98341],[-77.05172,38.98338],[-77.0517,38.98336],[-77.05168,38.98334],[-77.05166,38.98331],[-77.05165,38.98328],[-77.05164,38.98326],[-77.05163,38.98324],[-77.05163,38.98322],[-77.05162,38.9832],[-77.05162,38.98318],[-77.05161,38.98316],[-77.0516,38.98314],[-77.05159,38.98312],[-77.05159,38.98309],[-77.05158,38.98307],[-77.05157,38.98304],[-77.05156,38.98302],[-77.05156,38.98301],[-77.05157,38.98295],[-77.05158,38.98289],[-77.05159,38.98285],[-77.05159,38.98282],[-77.05158,38.9828],[-77.05155,38.98277],[-77.05154,38.98274],[-77.05152,38.98272],[-77.0515,38.98269],[-77.05148,38.98266],[-77.05147,38.98263],[-77.05145,38.9826],[-77.05143,38.98258],[-77.05141,38.98256],[-77.05139,38.98253],[-77.05136,38.98251],[-77.05135,38.98249],[-77.05133,38.98247],[-77.05132,38.98246],[-77.05132,38.98244],[-77.05132,38.98243],[-77.05133,38.98241],[-77.05134,38.98238],[-77.05135,38.98236],[-77.05136,38.98234],[-77.05137,38.98232],[-77.05138,38.9823],[-77.05139,38.98229],[-77.05146,38.98218],[-77.05148,38.98213],[-77.0515,38.9821],[-77.05152,38.98208],[-77.05153,38.98205],[-77.05154,38.98203],[-77.05155,38.98201],[-77.05156,38.98199],[-77.05154,38.98198],[-77.05153,38.98195],[-77.05152,38.98194],[-77.05151,38.98192],[-77.05149,38.9819],[-77.05147,38.98189],[-77.05146,38.98188],[-77.05144,38.98185],[-77.05143,38.98182],[-77.05141,38.98179],[-77.05138,38.98175],[-77.05136,38.98171],[-77.05135,38.98168],[-77.05134,38.98165],[-77.05132,38.98161],[-77.05131,38.98157],[-77.05131,38.98155],[-77.05129,38.98151],[-77.05128,38.98149],[-77.05127,38.98146],[-77.05127,38.98145],[-77.05126,38.98142],[-77.05124,38.9814],[-77.05124,38.98138],[-77.05122,38.98137],[-77.05119,38.98136],[-77.05115,38.98134],[-77.05113,38.98133],[-77.05111,38.98132],[-77.05103,38.98129],[-77.05095,38.98127],[-77.0509,38.98126],[-77.05086,38.98125],[-77.05082,38.98123],[-77.05078,38.98121],[-77.05075,38.9812],[-77.05072,38.98119],[-77.0507,38.98118],[-77.05068,38.98116],[-77.05066,38.98115],[-77.05064,38.98114],[-77.05062,38.98113],[-77.0506,38.98112],[-77.05059,38.98111],[-77.05057,38.9811],[-77.05055,38.9811],[-77.05053,38.98109],[-77.05051,38.98108],[-77.05049,38.98107],[-77.05047,38.98106],[-77.05045,38.98104],[-77.05043,38.98102],[-77.0504,38.981],[-77.05038,38.98098],[-77.05035,38.98096],[-77.05032,38.98094],[-77.05029,38.98091],[-77.05026,38.98089],[-77.05024,38.98086],[-77.05022,38.98081],[-77.05021,38.98078],[-77.0502,38.98076],[-77.05019,38.98075],[-77.05017,38.98073],[-77.05015,38.98071],[-77.05014,38.98069],[-77.05012,38.98067],[-77.0501,38.98066],[-77.05008,38.98064],[-77.05006,38.98063],[-77.05003,38.98062],[-77.05002,38.98061],[-77.04999,38.9806],[-77.04997,38.98059],[-77.04995,38.98058],[-77.04993,38.98057],[-77.04991,38.98056],[-77.04988,38.98054],[-77.04985,38.98052],[-77.04983,38.9805],[-77.0498,38.98048],[-77.04977,38.98044],[-77.04975,38.98041],[-77.04973,38.98038],[-77.04972,38.98035],[-77.04971,38.98031],[-77.04969,38.98028],[-77.04967,38.98025],[-77.04966,38.98017],[-77.04966,38.98014],[-77.04964,38.98012],[-77.04936,38.97972],[-77.04935,38.97969],[-77.04933,38.97967],[-77.04931,38.97965],[-77.04928,38.97962],[-77.04925,38.9796],[-77.04921,38.97958],[-77.04919,38.97957],[-77.04917,38.97956],[-77.04914,38.97955],[-77.0491,38.97954],[-77.04908,38.97953],[-77.04906,38.97953],[-77.04901,38.97952],[-77.04896,38.9795],[-77.04888,38.97948],[-77.04883,38.97947],[-77.0488,38.97946],[-77.04875,38.97945],[-77.04871,38.97944],[-77.04869,38.97943],[-77.04864,38.97941],[-77.04861,38.9794],[-77.04857,38.97937],[-77.04853,38.97936],[-77.04849,38.97934],[-77.04846,38.97933],[-77.04843,38.97932],[-77.04839,38.9793],[-77.04838,38.9793],[-77.04834,38.97929],[-77.04831,38.97929],[-77.04828,38.97929],[-77.04824,38.97929],[-77.0482,38.97928],[-77.04817,38.97927],[-77.04813,38.97926],[-77.0481,38.97924],[-77.04806,38.97922],[-77.04803,38.97921],[-77.04801,38.9792],[-77.048,38.97916],[-77.048,38.97913],[-77.04799,38.97905],[-77.04799,38.97899],[-77.04799,38.97894],[-77.04801,38.97886],[-77.04803,38.97873],[-77.04804,38.97866],[-77.04806,38.97856],[-77.04808,38.97852],[-77.0481,38.97845],[-77.0481,38.97839],[-77.04811,38.97832],[-77.04811,38.97828],[-77.04811,38.97821],[-77.0481,38.97816],[-77.04809,38.97811],[-77.04807,38.97808],[-77.04805,38.97805],[-77.04804,38.97803],[-77.04802,38.978],[-77.04801,38.97799],[-77.04799,38.97797],[-77.04796,38.97793],[-77.04792,38.9779],[-77.04788,38.97786],[-77.04784,38.97783],[-77.04781,38.97781],[-77.04777,38.97777],[-77.04771,38.97774],[-77.04766,38.97772],[-77.0476,38.9777],[-77.04754,38.97769],[-77.04749,38.97768],[-77.04744,38.97767],[-77.04737,38.97767],[-77.04732,38.97766],[-77.04726,38.97766],[-77.04722,38.97766],[-77.04718,38.97765],[-77.04714,38.97764],[-77.04711,38.97763],[-77.04707,38.97761],[-77.04699,38.97758],[-77.04693,38.97754],[-77.04685,38.97749],[-77.04678,38.97746],[-77.0467,38.97742],[-77.04659,38.97735],[-77.04623,38.97718],[-77.04619,38.97715],[-77.04617,38.97714],[-77.04615,38.97712],[-77.04614,38.97711],[-77.04613,38.97709],[-77.04613,38.97706],[-77.04613,38.97705],[-77.04613,38.97703],[-77.04614,38.97701],[-77.04615,38.97699],[-77.04618,38.97693],[-77.04622,38.97685],[-77.04633,38.97669],[-77.04642,38.97656],[-77.04648,38.97648],[-77.04653,38.97643],[-77.04658,38.97638],[-77.04661,38.97635],[-77.04665,38.97634],[-77.0467,38.97633],[-77.04677,38.97632],[-77.0468,38.97631],[-77.04685,38.9763],[-77.04689,38.97629],[-77.04692,38.97628],[-77.04697,38.97625],[-77.04702,38.97624],[-77.04707,38.97621],[-77.04712,38.9762],[-77.04717,38.97619],[-77.04721,38.97618],[-77.04726,38.97618],[-77.0473,38.97617],[-77.04734,38.97617],[-77.04739,38.97616],[-77.04743,38.97616],[-77.04746,38.97615],[-77.0475,38.97614],[-77.04754,38.97612],[-77.0476,38.97608],[-77.0477,38.976],[-77.04777,38.97594],[-77.04789,38.97585],[-77.04811,38.9757]],[[-77.04811,38.9757],[-77.04815,38.97568],[-77.04821,38.97564],[-77.04828,38.9756],[-77.04833,38.97557],[-77.04838,38.97554],[-77.04843,38.97551],[-77.04847,38.97548],[-77.04853,38.97545],[-77.04857,38.97543],[-77.04862,38.97539],[-77.04866,38.97537],[-77.0487,38.97534],[-77.04873,38.97532],[-77.04877,38.97529],[-77.04879,38.97527],[-77.04883,38.97523],[-77.04887,38.97519],[-77.04891,38.97515],[-77.04894,38.97512],[-77.04896,38.97511],[-77.04897,38.97508],[-77.04897,38.97505],[-77.04897,38.97502],[-77.04896,38.97498],[-77.04896,38.97495],[-77.04897,38.97491],[-77.049,38.97486],[-77.04903,38.97483],[-77.04906,38.9748],[-77.04909,38.97478],[-77.04912,38.97475],[-77.04914,38.97474],[-77.04916,38.97472],[-77.04918,38.97471]],[[-77.05325,38.97075],[-77.05327,38.97078],[-77.05328,38.97079],[-77.0533,38.97083],[-77.05331,38.97084],[-77.05331,38.97085],[-77.05332,38.97086]],[[-77.05215,38.96476],[-77.05219,38.96473],[-77.05222,38.9647],[-77.05224,38.96467],[-77.05225,38.96465],[-77.05225,38.96462],[-77.05225,38.96458],[-77.05223,38.96455],[-77.05221,38.96451],[-77.05219,38.96447],[-77.05216,38.96441],[-77.05214,38.96437],[-77.05213,38.96434],[-77.05212,38.96431],[-77.05211,38.96427],[-77.0521,38.96423],[-77.05211,38.96419],[-77.05212,38.96414],[-77.05214,38.96412],[-77.05216,38.96409],[-77.05219,38.96404],[-77.05222,38.964],[-77.05227,38.96396],[-77.0523,38.96394],[-77.05235,38.9639],[-77.05237,38.96387],[-77.05239,38.96383],[-77.05242,38.96377],[-77.05242,38.96373],[-77.05241,38.96368],[-77.05241,38.96365],[-77.0524,38.96359],[-77.05241,38.96353],[-77.05241,38.96347],[-77.05241,38.96342],[-77.05242,38.96335],[-77.05243,38.96331],[-77.05243,38.96326],[-77.05242,38.96323],[-77.05241,38.96319],[-77.05239,38.96316],[-77.05237,38.96313],[-77.05234,38.9631],[-77.05231,38.96308],[-77.05228,38.96307],[-77.05224,38.96306],[-77.05221,38.96305],[-77.05217,38.96303],[-77.05214,38.96302],[-77.0521,38.96301],[-77.05207,38.96298],[-77.05204,38.96296],[-77.05202,38.96292],[-77.05202,38.96288],[-77.05201,38.96284],[-77.052,38.96282],[-77.05199,38.96278],[-77.05197,38.96275],[-77.05193,38.96271],[-77.05189,38.96267],[-77.05186,38.96263],[-77.05182,38.9626],[-77.05177,38.9626],[-77.05169,38.96261],[-77.05163,38.96262],[-77.05154,38.96263],[-77.05147,38.96264],[-77.0514,38.96266],[-77.05133,38.96267],[-77.05126,38.96269],[-77.05119,38.96271],[-77.05112,38.96273],[-77.05105,38.96274],[-77.05099,38.96275],[-77.05094,38.96276],[-77.05091,38.96278],[-77.05086,38.96279],[-77.05082,38.96281],[-77.05076,38.96283],[-77.05071,38.96286],[-77.05067,38.96288],[-77.05062,38.96291],[-77.05058,38.96294],[-77.05053,38.96297],[-77.0505,38.96299],[-77.05049,38.96302],[-77.05045,38.96305],[-77.05043,38.96308],[-77.05039,38.96311],[-77.05035,38.96314],[-77.05031,38.96317],[-77.05029,38.96318],[-77.05025,38.96319],[-77.05022,38.96319],[-77.05017,38.96319],[-77.05013,38.96319],[-77.0501,38.96319],[-77.05004,38.96318],[-77.04999,38.96317],[-77.04992,38.96314],[-77.04986,38.96312],[-77.04981,38.96308],[-77.04975,38.96305],[-77.04971,38.96302],[-77.04966,38.96297],[-77.04962,38.96294],[-77.04958,38.9629],[-77.04955,38.96287],[-77.0495,38.96283],[-77.04941,38.96276],[-77.04934,38.96269],[-77.04927,38.96265],[-77.04918,38.96262],[-77.04914,38.96259],[-77.0491,38.96257],[-77.04905,38.96255],[-77.049,38.96252],[-77.04895,38.96249],[-77.04891,38.96247],[-77.04886,38.96244],[-77.04882,38.96242],[-77.04877,38.96239],[-77.04872,38.96237],[-77.04868,38.96235],[-77.04863,38.96232],[-77.04858,38.96229],[-77.04852,38.96226],[-77.04848,38.96223],[-77.04844,38.96221],[-77.04839,38.96218],[-77.04837,38.96216],[-77.04828,38.96211],[-77.04815,38.96204],[-77.04807,38.96199],[-77.04799,38.96195],[-77.04791,38.9619],[-77.04782,38.96185],[-77.04774,38.96181],[-77.04768,38.96177],[-77.04763,38.96174],[-77.04754,38.9617],[-77.0475,38.96167],[-77.04743,38.96164],[-77.04736,38.96162],[-77.04732,38.96161],[-77.04728,38.96161],[-77.04724,38.96162],[-77.04721,38.96163],[-77.04718,38.96164],[-77.04716,38.96164],[-77.04714,38.96162],[-77.04713,38.9616],[-77.04711,38.96158],[-77.0471,38.96156],[-77.04708,38.96154],[-77.04706,38.96151],[-77.04705,38.9615],[-77.04703,38.96147],[-77.047,38.96145],[-77.04698,38.96143],[-77.04695,38.96142],[-77.04693,38.9614],[-77.04689,38.96138],[-77.04685,38.96135],[-77.04679,38.96133],[-77.04673,38.96131],[-77.04666,38.96129],[-77.04658,38.96126],[-77.04653,38.96124],[-77.04647,38.96122],[-77.04641,38.9612],[-77.04638,38.96119],[-77.04634,38.96117],[-77.04629,38.96115],[-77.04624,38.96112],[-77.0462,38.9611],[-77.04615,38.96108],[-77.04611,38.96105],[-77.04609,38.96104],[-77.04606,38.96102],[-77.04604,38.96099],[-77.04602,38.96097],[-77.046,38.96096],[-77.04597,38.96095],[-77.04593,38.96094],[-77.04589,38.96093],[-77.04585,38.96092],[-77.04582,38.96092],[-77.04578,38.96091],[-77.04574,38.96092],[-77.04571,38.96092],[-77.04568,38.96092],[-77.04564,38.96092],[-77.0456,38.96092],[-77.04554,38.96093],[-77.04549,38.96094],[-77.04544,38.96095],[-77.04539,38.96096],[-77.04534,38.96097],[-77.04528,38.96099],[-77.04524,38.96103],[-77.04521,38.96106],[-77.04519,38.96112],[-77.04519,38.96116],[-77.04518,38.9612],[-77.04519,38.96124],[-77.0452,38.96127],[-77.04521,38.9613],[-77.04522,38.96132],[-77.04522,38.96137],[-77.0452,38.96142],[-77.04519,38.96145],[-77.04516,38.96148],[-77.04511,38.96152],[-77.04502,38.96159],[-77.04495,38.96165],[-77.04489,38.9617],[-77.04482,38.96174],[-77.04479,38.96175],[-77.04474,38.96176],[-77.04467,38.96176],[-77.04456,38.96175],[-77.04448,38.96173],[-77.04442,38.96172],[-77.04436,38.96171],[-77.04436,38.96171]],[[-77.04435,38.9617],[-77.04426,38.96167],[-77.04419,38.96163],[-77.04412,38.96161],[-77.04405,38.96159],[-77.04397,38.96155],[-77.04389,38.96149],[-77.04382,38.96145],[-77.04374,38.96138],[-77.04367,38.96131],[-77.04363,38.96127],[-77.04358,38.9612],[-77.0435,38.96113],[-77.04345,38.96105],[-77.04339,38.96096],[-77.04333,38.96089],[-77.04328,38.96083],[-77.04322,38.96076],[-77.04316,38.9607],[-77.04311,38.96064],[-77.04304,38.9606],[-77.04299,38.96055],[-77.04293,38.9605],[-77.04292,38.96046],[-77.04295,38.96038],[-77.04298,38.96033],[-77.04301,38.96028],[-77.04303,38.96025],[-77.04305,38.96024],[-77.04312,38.96026],[-77.04323,38.96031],[-77.04331,38.96034],[-77.04337,38.96037],[-77.04342,38.96038],[-77.04345,38.96039],[-77.0435,38.96038],[-77.0436,38.96035],[-77.0437,38.96032],[-77.04371,38.96032],[-77.04371,38.96031],[-77.04372,38.9603],[-77.04375,38.96026],[-77.04377,38.9602],[-77.04378,38.96017],[-77.04375,38.96012],[-77.04374,38.96008],[-77.04372,38.96004],[-77.04369,38.96],[-77.04365,38.95991],[-77.04365,38.95987],[-77.04363,38.95983],[-77.04361,38.95979],[-77.04359,38.95974],[-77.04353,38.95965],[-77.04351,38.95961],[-77.0435,38.95957],[-77.04348,38.95957],[-77.04344,38.95957],[-77.04334,38.95952],[-77.04332,38.95949],[-77.04329,38.95945],[-77.04328,38.95942],[-77.04328,38.95938],[-77.0433,38.95936],[-77.04334,38.95936],[-77.0434,38.95935],[-77.04339,38.95931],[-77.04343,38.95928],[-77.04348,38.95923],[-77.04354,38.95919],[-77.04356,38.95916],[-77.04357,38.95914],[-77.04363,38.95913],[-77.04367,38.95917],[-77.0437,38.95919],[-77.04374,38.95918],[-77.04375,38.95914],[-77.04376,38.9591],[-77.04388,38.95906],[-77.04395,38.95904],[-77.04401,38.95903],[-77.04408,38.95901],[-77.04411,38.959],[-77.04417,38.95899],[-77.04423,38.95897],[-77.04428,38.95896],[-77.04433,38.95895],[-77.0444,38.95894],[-77.04445,38.95892],[-77.04449,38.9589],[-77.04453,38.95889],[-77.04456,38.95888],[-77.04462,38.95886],[-77.04467,38.95885],[-77.04471,38.95884],[-77.04477,38.95882],[-77.04482,38.95882],[-77.04489,38.95881],[-77.04495,38.95881],[-77.04507,38.95882],[-77.04518,38.95883],[-77.04529,38.95885],[-77.04537,38.95886],[-77.04547,38.95888],[-77.04557,38.95891],[-77.04568,38.95895],[-77.04582,38.959],[-77.04593,38.95905],[-77.04608,38.9591],[-77.04622,38.95915],[-77.04633,38.9592],[-77.04646,38.95926],[-77.04651,38.95927],[-77.04665,38.95931],[-77.04675,38.95935],[-77.04682,38.95937],[-77.04691,38.95939],[-77.04695,38.9594],[-77.047,38.95941],[-77.04704,38.95941],[-77.04707,38.9594],[-77.04711,38.95939],[-77.04714,38.95938],[-77.04723,38.95933],[-77.04734,38.95927],[-77.04745,38.95923],[-77.04755,38.95918],[-77.04761,38.95916],[-77.04771,38.95912],[-77.04776,38.95909],[-77.04801,38.95899],[-77.04812,38.95894],[-77.04818,38.95892],[-77.04822,38.95889],[-77.04826,38.95887],[-77.04831,38.95885],[-77.04835,38.95884],[-77.04839,38.95883],[-77.04842,38.95882],[-77.04843,38.95882]],[[-77.04905,38.95867],[-77.04899,38.95868],[-77.04886,38.95872],[-77.04871,38.95876],[-77.04855,38.9588],[-77.04843,38.95882]],[[-77.04957,38.95711],[-77.04951,38.95716],[-77.0494,38.95723],[-77.04932,38.95727],[-77.04928,38.95731],[-77.04923,38.95735],[-77.04918,38.9574],[-77.04915,38.95743],[-77.04913,38.95745],[-77.04909,38.95746],[-77.04906,38.95747],[-77.04902,38.95747],[-77.04899,38.95746],[-77.04894,38.95745],[-77.0489,38.95744],[-77.04886,38.95742],[-77.04883,38.95742],[-77.04879,38.95741],[-77.04875,38.9574],[-77.04872,38.9574],[-77.04868,38.9574],[-77.04865,38.95741],[-77.04862,38.95742],[-77.04859,38.95743],[-77.04857,38.95744],[-77.04855,38.95745],[-77.04854,38.95746],[-77.04852,38.95748],[-77.04851,38.9575],[-77.04849,38.95754],[-77.04848,38.95758],[-77.04848,38.95761],[-77.04847,38.95765],[-77.04847,38.95769],[-77.04846,38.95774],[-77.04847,38.95779],[-77.04847,38.95785],[-77.04847,38.9579],[-77.04847,38.95794],[-77.04846,38.95798],[-77.04844,38.95802],[-77.04842,38.95805],[-77.04839,38.95808],[-77.04837,38.9581],[-77.04834,38.95813],[-77.0483,38.95817],[-77.04828,38.9582],[-77.04826,38.95824],[-77.04825,38.95826],[-77.04825,38.95831],[-77.04825,38.95836],[-77.04825,38.95842],[-77.04827,38.95846],[-77.0483,38.95852],[-77.04833,38.95858],[-77.04835,38.95861],[-77.04837,38.95867],[-77.0484,38.95872],[-77.04842,38.95877],[-77.04843,38.95882]],[[-77.05073,38.95805],[-77.0506,38.95804],[-77.0505,38.95803],[-77.05043,38.95802],[-77.05037,38.95801],[-77.05033,38.95798],[-77.0503,38.95795],[-77.05029,38.9579],[-77.05029,38.95784],[-77.05029,38.95779],[-77.05031,38.95774],[-77.05032,38.9577],[-77.05036,38.95768],[-77.05038,38.95767],[-77.05041,38.95764],[-77.05044,38.9576],[-77.05047,38.95755],[-77.05052,38.95743],[-77.05056,38.95736],[-77.05059,38.9573],[-77.05061,38.95724],[-77.05064,38.95719],[-77.05066,38.95715],[-77.05068,38.9571],[-77.05069,38.95708]],[[-77.05087,38.95746],[-77.0509,38.95742],[-77.05087,38.95739],[-77.05084,38.95738],[-77.05082,38.95735],[-77.05079,38.95732],[-77.05077,38.95729],[-77.05075,38.95726],[-77.05072,38.95721],[-77.0507,38.95717],[-77.05068,38.95715],[-77.05069,38.95708]],[[-77.05149,38.95247],[-77.05146,38.95242],[-77.05144,38.95239],[-77.05142,38.95235],[-77.05139,38.9523],[-77.05138,38.95226],[-77.05137,38.95222],[-77.05133,38.95218],[-77.05132,38.95214],[-77.05129,38.95208],[-77.05127,38.95202],[-77.05124,38.95196],[-77.05123,38.95191],[-77.05123,38.95187],[-77.05122,38.95183],[-77.0512,38.9518],[-77.05119,38.95175],[-77.05118,38.9517],[-77.05118,38.95167],[-77.05117,38.95162],[-77.05117,38.95158],[-77.05116,38.95153],[-77.05116,38.95149],[-77.05116,38.95144],[-77.05115,38.9514],[-77.05115,38.95136],[-77.05115,38.95132],[-77.05114,38.95128],[-77.05113,38.95125],[-77.05111,38.95122],[-77.05109,38.95118],[-77.05108,38.95114],[-77.05107,38.9511],[-77.05106,38.95107],[-77.05105,38.95104],[-77.05106,38.951],[-77.05106,38.95097],[-77.05106,38.95094],[-77.05106,38.9509],[-77.05105,38.95086],[-77.05104,38.95083],[-77.05102,38.9508],[-77.051,38.95078],[-77.05099,38.95078]],[[-77.04927,38.9481],[-77.04927,38.94809],[-77.04929,38.94806],[-77.0493,38.94804],[-77.04931,38.948],[-77.04932,38.94799],[-77.04933,38.94797],[-77.04934,38.94796],[-77.04936,38.94795],[-77.04939,38.94793],[-77.04941,38.94792],[-77.04945,38.94791],[-77.04949,38.94791],[-77.04955,38.9479],[-77.04959,38.9479],[-77.04963,38.94789],[-77.04967,38.94789],[-77.04971,38.94788],[-77.04974,38.94787],[-77.04978,38.94786],[-77.04981,38.94784],[-77.04984,38.94783],[-77.04987,38.94781],[-77.04991,38.94779],[-77.04995,38.94777],[-77.04997,38.94775],[-77.05,38.94772],[-77.05003,38.94769],[-77.05008,38.94763],[-77.05012,38.94759],[-77.05016,38.94755],[-77.05019,38.94752],[-77.05022,38.94748],[-77.05024,38.94746],[-77.05028,38.94744],[-77.0503,38.94741],[-77.05033,38.94739],[-77.05035,38.94737],[-77.05038,38.94734],[-77.05043,38.94732],[-77.05046,38.9473],[-77.05049,38.94728],[-77.05054,38.94727],[-77.05057,38.94726],[-77.05061,38.94724],[-77.05066,38.94722],[-77.0507,38.94721],[-77.05073,38.9472],[-77.05079,38.94718],[-77.05084,38.94717],[-77.0509,38.94715],[-77.05094,38.94714],[-77.05099,38.94712],[-77.05105,38.94711],[-77.05108,38.9471],[-77.05111,38.94708],[-77.05115,38.94706],[-77.05119,38.94703],[-77.05121,38.94701],[-77.05123,38.94698],[-77.05125,38.94696],[-77.05127,38.94693],[-77.05128,38.9469],[-77.05129,38.94688],[-77.0513,38.94685],[-77.0513,38.94682],[-77.0513,38.94679],[-77.0513,38.94676],[-77.05129,38.94672],[-77.05129,38.94669],[-77.05128,38.94665],[-77.05127,38.94662],[-77.05127,38.94659],[-77.05128,38.94655],[-77.05127,38.9465],[-77.05128,38.94643],[-77.05128,38.94636],[-77.05127,38.9463],[-77.05127,38.94625],[-77.05126,38.9462],[-77.05124,38.94614],[-77.05122,38.94609],[-77.0512,38.94605],[-77.05117,38.946],[-77.05112,38.94593],[-77.05107,38.94587],[-77.05103,38.94583],[-77.05097,38.94575],[-77.05091,38.94569],[-77.05084,38.94562],[-77.05079,38.94557],[-77.05072,38.9455],[-77.05067,38.94546],[-77.05062,38.94542],[-77.05056,38.94537],[-77.0505,38.94533],[-77.05044,38.94527],[-77.05038,38.94523],[-77.05033,38.94519],[-77.05026,38.94515],[-77.0502,38.94512],[-77.05016,38.9451],[-77.05014,38.94509],[-77.05012,38.94507],[-77.05011,38.94505],[-77.05009,38.94504],[-77.05008,38.945],[-77.05002,38.94492],[-77.04997,38.94485],[-77.04992,38.94477],[-77.04988,38.94472],[-77.04985,38.94466],[-77.04981,38.9446],[-77.04981,38.94459],[-77.0498,38.94457]],[[-77.0498,38.94458],[-77.04977,38.94453],[-77.04977,38.94449],[-77.04976,38.94445],[-77.04976,38.94442],[-77.04976,38.9444],[-77.04977,38.94437],[-77.04978,38.94435],[-77.04978,38.94434]],[[-77.05332,38.97086],[-77.05335,38.97082],[-77.05338,38.97076],[-77.05341,38.9707],[-77.05344,38.97064],[-77.05345,38.97061],[-77.05343,38.9706],[-77.05343,38.97053],[-77.05345,38.97045],[-77.05347,38.97033],[-77.05351,38.97012],[-77.05354,38.96999],[-77.05354,38.96992],[-77.05354,38.96985],[-77.05353,38.96978],[-77.05354,38.9697],[-77.05354,38.96963],[-77.05354,38.96957],[-77.05355,38.9695],[-77.05356,38.96943],[-77.05357,38.96938],[-77.05359,38.96931],[-77.0536,38.96924],[-77.05361,38.96915],[-77.05363,38.96907],[-77.05364,38.96899],[-77.05365,38.96894],[-77.05366,38.96887],[-77.05368,38.96884],[-77.05368,38.96876],[-77.05369,38.96867],[-77.0537,38.9686],[-77.05371,38.96855],[-77.05372,38.96849],[-77.05373,38.96843],[-77.05373,38.96836],[-77.05375,38.96827],[-77.05379,38.96803],[-77.05384,38.96778],[-77.05388,38.96766],[-77.05389,38.96764],[-77.0539,38.9675],[-77.05381,38.96747],[-77.05373,38.96743],[-77.05365,38.96738],[-77.05358,38.96736],[-77.05352,38.96732],[-77.05342,38.96727],[-77.05332,38.96722],[-77.0532,38.96718],[-77.05313,38.96714],[-77.05303,38.9671],[-77.05292,38.96705],[-77.05285,38.96702],[-77.05284,38.967],[-77.05283,38.967],[-77.05286,38.96692],[-77.05287,38.96687],[-77.05291,38.96676],[-77.05293,38.96666],[-77.05295,38.96658],[-77.05297,38.96653],[-77.05299,38.96646],[-77.05299,38.96638],[-77.05297,38.96633],[-77.05296,38.96632],[-77.05294,38.96631],[-77.05289,38.96631],[-77.05282,38.96631],[-77.05274,38.9663],[-77.05267,38.96631],[-77.05259,38.9663],[-77.0525,38.96631],[-77.05242,38.9663],[-77.05233,38.9663],[-77.05226,38.96629],[-77.05219,38.96626],[-77.05217,38.96624],[-77.05214,38.96622],[-77.05211,38.96618],[-77.0521,38.96614],[-77.05208,38.96609],[-77.05208,38.96603],[-77.0521,38.96596],[-77.05211,38.96589],[-77.05213,38.96583],[-77.05215,38.96576],[-77.05217,38.9657],[-77.05219,38.96563],[-77.05221,38.96558],[-77.05223,38.96554],[-77.05226,38.9655],[-77.05227,38.96547],[-77.05229,38.96544],[-77.05229,38.9654],[-77.05229,38.96536],[-77.05229,38.96532],[-77.05228,38.9653],[-77.05226,38.96528],[-77.05223,38.96527],[-77.05219,38.96526],[-77.05216,38.96526],[-77.05212,38.96526],[-77.05205,38.96527],[-77.05202,38.96527],[-77.05196,38.96526],[-77.05189,38.96525],[-77.05183,38.96524],[-77.05177,38.96522],[-77.05172,38.96519],[-77.05168,38.96517],[-77.05164,38.96514],[-77.05161,38.96512],[-77.05158,38.96509],[-77.05157,38.96508],[-77.05159,38.96508],[-77.05164,38.96506],[-77.05169,38.96504],[-77.05176,38.96501],[-77.05181,38.96498],[-77.05185,38.96496],[-77.05192,38.96492],[-77.05198,38.96488],[-77.05205,38.96484],[-77.05209,38.9648],[-77.05215,38.96475]],[[-77.05332,38.97086],[-77.05325,38.97089],[-77.0532,38.97093],[-77.05314,38.97095],[-77.05308,38.97098],[-77.05303,38.971],[-77.05297,38.97101],[-77.05292,38.97104],[-77.05287,38.97108],[-77.05284,38.97112],[-77.05281,38.97118],[-77.05279,38.97122],[-77.05275,38.97128],[-77.05272,38.97133],[-77.05271,38.97136],[-77.05267,38.97141],[-77.05264,38.97145],[-77.0526,38.97148],[-77.05255,38.97153],[-77.05251,38.97156],[-77.05246,38.97159],[-77.0524,38.9716],[-77.05233,38.97162],[-77.05228,38.97162],[-77.05224,38.97163],[-77.05222,38.97162],[-77.05219,38.97162],[-77.05215,38.97162],[-77.05212,38.97163],[-77.05206,38.97164],[-77.05198,38.97168],[-77.05192,38.97171],[-77.05186,38.97175],[-77.05173,38.97187],[-77.05167,38.97193],[-77.0516,38.972],[-77.05154,38.97205],[-77.05148,38.9721],[-77.05144,38.97214],[-77.05143,38.97215],[-77.05136,38.9722],[-77.05128,38.97224],[-77.05121,38.97227],[-77.05113,38.9723],[-77.05107,38.97232],[-77.05102,38.97233],[-77.05099,38.97234],[-77.051,38.97236],[-77.051,38.9724],[-77.051,38.97245],[-77.05099,38.9725],[-77.05098,38.97256],[-77.05097,38.97261],[-77.05097,38.97266],[-77.05095,38.97271],[-77.05094,38.97276],[-77.05091,38.9728],[-77.05089,38.97285],[-77.05086,38.97292],[-77.05084,38.97295],[-77.05082,38.97298],[-77.0508,38.97302],[-77.05076,38.97307],[-77.05072,38.97311],[-77.0507,38.97315],[-77.05068,38.97319],[-77.05064,38.97323],[-77.0506,38.97326],[-77.05058,38.97329],[-77.05055,38.97332],[-77.05051,38.97338],[-77.05045,38.97345],[-77.0504,38.97353],[-77.05035,38.97361],[-77.05032,38.97368],[-77.05028,38.97374],[-77.05026,38.97378],[-77.05025,38.97381],[-77.05023,38.97385],[-77.05022,38.97389],[-77.05022,38.97393],[-77.05019,38.97397],[-77.05013,38.97402],[-77.05009,38.97405],[-77.05005,38.9741],[-77.05001,38.97416],[-77.04996,38.9742],[-77.04993,38.97424],[-77.0499,38.97429],[-77.04987,38.97434],[-77.04983,38.97439],[-77.04979,38.97443],[-77.04977,38.97448],[-77.04974,38.97453],[-77.04972,38.97459],[-77.0497,38.97464],[-77.04969,38.97469],[-77.04969,38.97471],[-77.04965,38.97471],[-77.0496,38.97471],[-77.04955,38.97471],[-77.04949,38.9747],[-77.04943,38.9747],[-77.0494,38.9747],[-77.04934,38.9747],[-77.04928,38.9747],[-77.04922,38.97469],[-77.0492,38.97469]],[[-77.05099,38.95078],[-77.05097,38.9508],[-77.05096,38.95083],[-77.05096,38.95086],[-77.05095,38.95089],[-77.05094,38.95092],[-77.05093,38.95095],[-77.05092,38.95097],[-77.05091,38.951],[-77.05091,38.95102],[-77.05091,38.95106],[-77.05092,38.95108],[-77.05093,38.95112],[-77.05094,38.95116],[-77.05096,38.95119],[-77.05097,38.95123],[-77.05097,38.95126],[-77.05099,38.9513],[-77.05099,38.95133],[-77.051,38.95138],[-77.05101,38.95141],[-77.05101,38.95143],[-77.051,38.95147],[-77.05101,38.9515],[-77.05101,38.95154],[-77.05102,38.95159],[-77.05101,38.95163],[-77.05102,38.95169],[-77.05103,38.95173],[-77.05104,38.95176],[-77.05104,38.9518],[-77.05105,38.95184],[-77.05106,38.95188],[-77.05106,38.95192],[-77.05106,38.95197],[-77.05108,38.95201],[-77.0511,38.95208],[-77.05111,38.95214],[-77.05113,38.9522],[-77.05116,38.95228],[-77.05118,38.95233],[-77.05118,38.95234],[-77.05119,38.95237],[-77.0512,38.9524],[-77.05121,38.95245],[-77.05124,38.9525],[-77.05126,38.95254],[-77.0513,38.95257],[-77.05131,38.95257],[-77.05133,38.9526],[-77.05136,38.95262],[-77.05138,38.95264],[-77.05141,38.95268],[-77.05142,38.95271],[-77.05144,38.95274],[-77.05146,38.95278],[-77.0515,38.95282],[-77.05152,38.95284],[-77.05154,38.95286],[-77.05158,38.95289],[-77.05161,38.95291],[-77.05166,38.95294],[-77.0517,38.95296],[-77.05173,38.953],[-77.05177,38.95303],[-77.05178,38.95309],[-77.05179,38.95315],[-77.05179,38.95323],[-77.05177,38.9533],[-77.05175,38.95335],[-77.05171,38.95343],[-77.05171,38.95344],[-77.05169,38.95348],[-77.05167,38.95351],[-77.05166,38.95352],[-77.05166,38.95357],[-77.05166,38.95362],[-77.05166,38.95366],[-77.05166,38.95369],[-77.05166,38.95372],[-77.05166,38.95375],[-77.05166,38.95378],[-77.05165,38.95386],[-77.05164,38.95391],[-77.05164,38.95397],[-77.05163,38.95405],[-77.05162,38.95413],[-77.05161,38.95419],[-77.05159,38.95426],[-77.05156,38.95432],[-77.05154,38.95437],[-77.05152,38.95441],[-77.05151,38.95444],[-77.05149,38.95451],[-77.05146,38.95455],[-77.05144,38.9546],[-77.05144,38.95464],[-77.05144,38.95468],[-77.05146,38.95474],[-77.05149,38.95478],[-77.05152,38.95481],[-77.05156,38.95484],[-77.05158,38.95486],[-77.0516,38.95488],[-77.05164,38.95492],[-77.05167,38.95497],[-77.05168,38.95499],[-77.05169,38.95501],[-77.0517,38.95505],[-77.05172,38.95511],[-77.05174,38.95516],[-77.05175,38.95522],[-77.05179,38.95527],[-77.05182,38.95532],[-77.05185,38.95537],[-77.05188,38.95541],[-77.0519,38.95546],[-77.0519,38.95551],[-77.0519,38.95554],[-77.05191,38.95559],[-77.05191,38.95564],[-77.05191,38.95569],[-77.0519,38.95573],[-77.0519,38.95578],[-77.05189,38.95583],[-77.05188,38.95589],[-77.05186,38.95595],[-77.05185,38.95601],[-77.05184,38.95605],[-77.05183,38.95609],[-77.05183,38.95614],[-77.05182,38.95619],[-77.05181,38.95624],[-77.0518,38.9563],[-77.05179,38.95635],[-77.05179,38.9564],[-77.05178,38.95648],[-77.05177,38.95655],[-77.05176,38.95661],[-77.05174,38.95667],[-77.05173,38.95671],[-77.0517,38.95675],[-77.05168,38.95679],[-77.05165,38.95681],[-77.0516,38.95684],[-77.05157,38.95688],[-77.05154,38.95693],[-77.05147,38.95698],[-77.05142,38.95702],[-77.05137,38.95706],[-77.05131,38.95709],[-77.05126,38.9571],[-77.05123,38.9571],[-77.05118,38.9571],[-77.05111,38.95707],[-77.05105,38.95705],[-77.051,38.95703],[-77.05092,38.95699],[-77.05086,38.95698],[-77.05081,38.95699],[-77.05077,38.95701],[-77.05073,38.95703],[-77.05069,38.95706],[-77.05069,38.95708]],[[-77.05099,38.95078],[-77.05098,38.95073],[-77.05098,38.95068],[-77.05096,38.95063],[-77.05095,38.95058],[-77.05094,38.95053],[-77.05092,38.95047],[-77.05091,38.95042],[-77.05088,38.95036],[-77.05087,38.95031],[-77.05085,38.95027],[-77.05084,38.95022],[-77.05082,38.95018],[-77.05083,38.95015],[-77.05082,38.95012],[-77.0508,38.95009],[-77.05078,38.95006],[-77.05076,38.95003],[-77.05073,38.95],[-77.05071,38.94997],[-77.05068,38.94994],[-77.05066,38.94991],[-77.05064,38.94988],[-77.05063,38.94986],[-77.05061,38.94984],[-77.0506,38.94981],[-77.0506,38.94979],[-77.05059,38.94977],[-77.05059,38.94974],[-77.05059,38.94971],[-77.05059,38.94969],[-77.05059,38.94965],[-77.05059,38.94961],[-77.05059,38.94957],[-77.05058,38.94952],[-77.05057,38.94948],[-77.05056,38.94945],[-77.05054,38.94942],[-77.05052,38.94938],[-77.05048,38.94933],[-77.05046,38.94929],[-77.05043,38.94925],[-77.05041,38.94922],[-77.05037,38.9492],[-77.05034,38.94918],[-77.05032,38.94915],[-77.05029,38.94913],[-77.05027,38.94911],[-77.05027,38.94908],[-77.05028,38.94905],[-77.05029,38.94902],[-77.05029,38.94899],[-77.05028,38.94896],[-77.05026,38.94893],[-77.05025,38.94891],[-77.05023,38.94887],[-77.05019,38.94883],[-77.05015,38.94879],[-77.0501,38.94876],[-77.05005,38.94872],[-77.05001,38.94869],[-77.04997,38.94866],[-77.04992,38.94864],[-77.04992,38.94864]]]},"properties":{"name":"White Horse Trail","src":"nps"}},{"type":"Feature","geometry":{"type":"MultiLineString","coordinates":[[[-77.05309,38.98614],[-77.05306,38.98612],[-77.05305,38.9861],[-77.05304,38.98608],[-77.05302,38.98607],[-77.05301,38.98606],[-77.05299,38.98604],[-77.05296,38.98601],[-77.05295,38.986],[-77.05294,38.98599],[-77.05292,38.98597],[-77.0529,38.98595],[-77.05289,38.98594],[-77.05288,38.98592],[-77.05287,38.9859],[-77.05286,38.98588],[-77.05285,38.98584],[-77.05285,38.9858],[-77.05286,38.98577],[-77.05285,38.98574],[-77.05285,38.98571],[-77.05285,38.98568],[-77.05285,38.98567],[-77.05284,38.98565],[-77.05284,38.98563],[-77.05283,38.98561],[-77.05282,38.9856],[-77.05281,38.98558],[-77.0528,38.98556],[-77.05278,38.98555],[-77.05276,38.98554],[-77.05273,38.98552],[-77.05269,38.98551],[-77.05267,38.9855],[-77.05264,38.98548],[-77.05261,38.98547],[-77.05259,38.98546],[-77.05258,38.98545],[-77.05256,38.98544],[-77.05254,38.98542],[-77.05252,38.9854],[-77.0525,38.98538],[-77.05249,38.98536],[-77.05248,38.98534],[-77.05247,38.98532],[-77.05247,38.98524],[-77.05247,38.98518],[-77.05247,38.98513],[-77.05247,38.98512],[-77.05246,38.9851],[-77.05243,38.98509],[-77.0524,38.98507],[-77.05237,38.98505],[-77.05234,38.98504],[-77.05231,38.98502],[-77.05228,38.98501],[-77.05224,38.985],[-77.05221,38.98499],[-77.05218,38.98498],[-77.05215,38.98497],[-77.05212,38.98496],[-77.05208,38.98495],[-77.05206,38.98494],[-77.05203,38.98493],[-77.05201,38.98491],[-77.05199,38.98488],[-77.05196,38.98487],[-77.05194,38.98486],[-77.05192,38.98484],[-77.0519,38.98482],[-77.05189,38.98481],[-77.05187,38.98478],[-77.05186,38.98476],[-77.05184,38.98475],[-77.05184,38.98474],[-77.05183,38.98472],[-77.05182,38.9847],[-77.0518,38.98467],[-77.0518,38.98465],[-77.05179,38.98463],[-77.05178,38.9846],[-77.05177,38.98457],[-77.05176,38.98455],[-77.05175,38.98453],[-77.05174,38.98451],[-77.05173,38.98449],[-77.0517,38.98447],[-77.05169,38.98446],[-77.05167,38.98445],[-77.05164,38.98443],[-77.05162,38.98441],[-77.05159,38.98439],[-77.05158,38.98438],[-77.05157,38.98436],[-77.05156,38.98434],[-77.05155,38.98432],[-77.05155,38.98429],[-77.05155,38.98427],[-77.05156,38.98423],[-77.05157,38.98419],[-77.05158,38.98415],[-77.05159,38.98413],[-77.0516,38.9841],[-77.0516,38.98408],[-77.05161,38.98406],[-77.05162,38.98403],[-77.05163,38.98401],[-77.05166,38.98398],[-77.05167,38.98396],[-77.05169,38.98393],[-77.05171,38.98391],[-77.05173,38.98389],[-77.05175,38.98387],[-77.05177,38.98384],[-77.0518,38.98381],[-77.05182,38.9838],[-77.05182,38.98379],[-77.05183,38.98376],[-77.05184,38.98374],[-77.05186,38.9837],[-77.05188,38.98368],[-77.05189,38.98365],[-77.05191,38.98363],[-77.05192,38.98362],[-77.05194,38.98359],[-77.05195,38.98357],[-77.05196,38.98355],[-77.05196,38.98354],[-77.05194,38.98352],[-77.05193,38.9835],[-77.05191,38.98349],[-77.05188,38.98348],[-77.05186,38.98347],[-77.05184,38.98346],[-77.0518,38.98344],[-77.05176,38.98342],[-77.05175,38.98341],[-77.05172,38.98338],[-77.0517,38.98336],[-77.05168,38.98334],[-77.05166,38.98331],[-77.05165,38.98328],[-77.05164,38.98326],[-77.05163,38.98324],[-77.05163,38.98322],[-77.05162,38.9832],[-77.05162,38.98318],[-77.05161,38.98316],[-77.0516,38.98314],[-77.05159,38.98312],[-77.05159,38.98309],[-77.05158,38.98307],[-77.05157,38.98304],[-77.05156,38.98302],[-77.05156,38.98301],[-77.05157,38.98295],[-77.05158,38.98289],[-77.05159,38.98285],[-77.05159,38.98282],[-77.05158,38.9828],[-77.05155,38.98277],[-77.05154,38.98274],[-77.05152,38.98272],[-77.0515,38.98269],[-77.05148,38.98266],[-77.05147,38.98263],[-77.05145,38.9826],[-77.05143,38.98258],[-77.05141,38.98256],[-77.05139,38.98253],[-77.05136,38.98251],[-77.05135,38.98249],[-77.05133,38.98247],[-77.05132,38.98246],[-77.05132,38.98244],[-77.05132,38.98243],[-77.05133,38.98241],[-77.05134,38.98238],[-77.05135,38.98236],[-77.05136,38.98234],[-77.05137,38.98232],[-77.05138,38.9823],[-77.05139,38.98229],[-77.05146,38.98218],[-77.05148,38.98213],[-77.0515,38.9821],[-77.05152,38.98208],[-77.05153,38.98205],[-77.05154,38.98203],[-77.05155,38.98201],[-77.05156,38.98199],[-77.05154,38.98198],[-77.05153,38.98195],[-77.05152,38.98194],[-77.05151,38.98192],[-77.05149,38.9819],[-77.05147,38.98189],[-77.05146,38.98188],[-77.05144,38.98185],[-77.05143,38.98182],[-77.05141,38.98179],[-77.05138,38.98175],[-77.05136,38.98171],[-77.05135,38.98168],[-77.05134,38.98165],[-77.05132,38.98161],[-77.05131,38.98157],[-77.05131,38.98155],[-77.05129,38.98151],[-77.05128,38.98149],[-77.05127,38.98146],[-77.05127,38.98145],[-77.05126,38.98142],[-77.05124,38.9814],[-77.05124,38.98138],[-77.05122,38.98137],[-77.05119,38.98136],[-77.05115,38.98134],[-77.05113,38.98133],[-77.05111,38.98132],[-77.05103,38.98129],[-77.05095,38.98127],[-77.0509,38.98126],[-77.05086,38.98125],[-77.05082,38.98123],[-77.05078,38.98121],[-77.05075,38.9812],[-77.05072,38.98119],[-77.0507,38.98118],[-77.05068,38.98116],[-77.05066,38.98115],[-77.05064,38.98114],[-77.05062,38.98113],[-77.0506,38.98112],[-77.05059,38.98111],[-77.05057,38.9811],[-77.05055,38.9811],[-77.05053,38.98109],[-77.05051,38.98108],[-77.05049,38.98107],[-77.05047,38.98106],[-77.05045,38.98104],[-77.05043,38.98102],[-77.0504,38.981],[-77.05038,38.98098],[-77.05035,38.98096],[-77.05032,38.98094],[-77.05029,38.98091],[-77.05026,38.98089],[-77.05024,38.98086],[-77.05022,38.98081],[-77.05021,38.98078],[-77.0502,38.98076],[-77.05019,38.98075],[-77.05017,38.98073],[-77.05015,38.98071],[-77.05014,38.98069],[-77.05012,38.98067],[-77.0501,38.98066],[-77.05008,38.98064],[-77.05006,38.98063],[-77.05003,38.98062],[-77.05002,38.98061],[-77.04999,38.9806],[-77.04997,38.98059],[-77.04995,38.98058],[-77.04993,38.98057],[-77.04991,38.98056],[-77.04988,38.98054],[-77.04985,38.98052],[-77.04983,38.9805],[-77.0498,38.98048],[-77.04977,38.98044],[-77.04975,38.98041],[-77.04973,38.98038],[-77.04972,38.98035],[-77.04971,38.98031],[-77.04969,38.98028],[-77.04967,38.98025],[-77.04966,38.98017],[-77.04966,38.98014],[-77.04964,38.98012],[-77.04936,38.97972],[-77.04935,38.97969],[-77.04933,38.97967],[-77.04931,38.97965],[-77.04928,38.97962],[-77.04925,38.9796],[-77.04921,38.97958],[-77.04919,38.97957],[-77.04917,38.97956],[-77.04914,38.97955],[-77.0491,38.97954],[-77.04908,38.97953],[-77.04906,38.97953],[-77.04901,38.97952],[-77.04896,38.9795],[-77.04888,38.97948],[-77.04883,38.97947],[-77.0488,38.97946],[-77.04875,38.97945],[-77.04871,38.97944],[-77.04869,38.97943],[-77.04864,38.97941],[-77.04861,38.9794],[-77.04857,38.97937],[-77.04853,38.97936],[-77.04849,38.97934],[-77.04846,38.97933],[-77.04843,38.97932],[-77.04839,38.9793],[-77.04838,38.9793],[-77.04834,38.97929],[-77.04831,38.97929],[-77.04828,38.97929],[-77.04824,38.97929],[-77.0482,38.97928],[-77.04817,38.97927],[-77.04813,38.97926],[-77.0481,38.97924],[-77.04806,38.97922],[-77.04803,38.97921],[-77.04801,38.9792],[-77.048,38.97916],[-77.048,38.97913],[-77.04799,38.97905],[-77.04799,38.97899],[-77.04799,38.97894],[-77.04801,38.97886],[-77.04803,38.97873],[-77.04804,38.97866],[-77.04806,38.97856],[-77.04808,38.97852],[-77.0481,38.97845],[-77.0481,38.97839],[-77.04811,38.97832],[-77.04811,38.97828],[-77.04811,38.97821],[-77.0481,38.97816],[-77.04809,38.97811],[-77.04807,38.97808],[-77.04805,38.97805],[-77.04804,38.97803],[-77.04802,38.978],[-77.04801,38.97799],[-77.04799,38.97797],[-77.04796,38.97793],[-77.04792,38.9779],[-77.04788,38.97786],[-77.04784,38.97783],[-77.04781,38.97781],[-77.04777,38.97777],[-77.04771,38.97774],[-77.04766,38.97772],[-77.0476,38.9777],[-77.04754,38.97769],[-77.04749,38.97768],[-77.04744,38.97767],[-77.04737,38.97767],[-77.04732,38.97766],[-77.04726,38.97766],[-77.04722,38.97766],[-77.04718,38.97765],[-77.04714,38.97764],[-77.04711,38.97763],[-77.04707,38.97761],[-77.04699,38.97758],[-77.04693,38.97754],[-77.04685,38.97749],[-77.04678,38.97746],[-77.0467,38.97742],[-77.04659,38.97735],[-77.04623,38.97718],[-77.04619,38.97715],[-77.04617,38.97714],[-77.04615,38.97712],[-77.04614,38.97711],[-77.04613,38.97709],[-77.04613,38.97706],[-77.04613,38.97705],[-77.04613,38.97703],[-77.04614,38.97701],[-77.04615,38.97699],[-77.04618,38.97693],[-77.04622,38.97685],[-77.04633,38.97669],[-77.04642,38.97656],[-77.04648,38.97648],[-77.04653,38.97643],[-77.04658,38.97638],[-77.04661,38.97635],[-77.04665,38.97634],[-77.0467,38.97633],[-77.04677,38.97632],[-77.0468,38.97631],[-77.04685,38.9763],[-77.04689,38.97629],[-77.04692,38.97628],[-77.04697,38.97625],[-77.04702,38.97624],[-77.04707,38.97621],[-77.04712,38.9762],[-77.04717,38.97619],[-77.04721,38.97618],[-77.04726,38.97618],[-77.0473,38.97617],[-77.04734,38.97617],[-77.04739,38.97616],[-77.04743,38.97616],[-77.04746,38.97615],[-77.0475,38.97614],[-77.04754,38.97612],[-77.0476,38.97608],[-77.0477,38.976],[-77.04777,38.97594],[-77.04789,38.97585],[-77.04811,38.9757]],[[-77.04811,38.9757],[-77.04815,38.97568],[-77.04821,38.97564],[-77.04828,38.9756],[-77.04833,38.97557],[-77.04838,38.97554],[-77.04843,38.97551],[-77.04847,38.97548],[-77.04853,38.97545],[-77.04857,38.97543],[-77.04862,38.97539],[-77.04866,38.97537],[-77.0487,38.97534],[-77.04873,38.97532],[-77.04877,38.97529],[-77.04879,38.97527],[-77.04883,38.97523],[-77.04887,38.97519],[-77.04891,38.97515],[-77.04894,38.97512],[-77.04896,38.97511],[-77.04897,38.97508],[-77.04897,38.97505],[-77.04897,38.97502],[-77.04896,38.97498],[-77.04896,38.97495],[-77.04897,38.97491],[-77.049,38.97486],[-77.04903,38.97483],[-77.04906,38.9748],[-77.04909,38.97478],[-77.04912,38.97475],[-77.04914,38.97474],[-77.04916,38.97472],[-77.04918,38.97471],[-77.04918,38.97471],[-77.0492,38.97469],[-77.04922,38.97469],[-77.04928,38.9747],[-77.04934,38.9747],[-77.0494,38.9747],[-77.04943,38.9747],[-77.04949,38.9747],[-77.04955,38.97471],[-77.0496,38.97471],[-77.04965,38.97471],[-77.04969,38.97471],[-77.04969,38.97469],[-77.0497,38.97464],[-77.04972,38.97459],[-77.04974,38.97453],[-77.04977,38.97448],[-77.04979,38.97443],[-77.04983,38.97439],[-77.04987,38.97434],[-77.0499,38.97429],[-77.04993,38.97424],[-77.04996,38.9742],[-77.05001,38.97416],[-77.05005,38.9741],[-77.05009,38.97405],[-77.05013,38.97402],[-77.05019,38.97397],[-77.05022,38.97393],[-77.05022,38.97389],[-77.05023,38.97385],[-77.05025,38.97381],[-77.05026,38.97378],[-77.05028,38.97374],[-77.05032,38.97368],[-77.05035,38.97361],[-77.0504,38.97353],[-77.05045,38.97345],[-77.05051,38.97338],[-77.05055,38.97332],[-77.05058,38.97329],[-77.0506,38.97326],[-77.05064,38.97323],[-77.05068,38.97319],[-77.0507,38.97315],[-77.05072,38.97311],[-77.05076,38.97307],[-77.0508,38.97302],[-77.05082,38.97298],[-77.05084,38.97295],[-77.05086,38.97292],[-77.05089,38.97285],[-77.05091,38.9728],[-77.05094,38.97276],[-77.05095,38.97271],[-77.05097,38.97266],[-77.05097,38.97261],[-77.05098,38.97256],[-77.05099,38.9725],[-77.051,38.97245],[-77.051,38.9724],[-77.051,38.97236],[-77.05099,38.97234],[-77.05102,38.97233],[-77.05107,38.97232],[-77.05113,38.9723],[-77.05121,38.97227],[-77.05128,38.97224],[-77.05136,38.9722],[-77.05143,38.97215],[-77.05144,38.97214],[-77.05148,38.9721],[-77.05154,38.97205],[-77.0516,38.972],[-77.05167,38.97193],[-77.05173,38.97187],[-77.05186,38.97175],[-77.05192,38.97171],[-77.05198,38.97168],[-77.05206,38.97164],[-77.05212,38.97163],[-77.05215,38.97162],[-77.05219,38.97162],[-77.05222,38.97162],[-77.05224,38.97163],[-77.05228,38.97162],[-77.05233,38.97162],[-77.0524,38.9716],[-77.05246,38.97159],[-77.05251,38.97156],[-77.05255,38.97153],[-77.0526,38.97148],[-77.05264,38.97145],[-77.05267,38.97141],[-77.05271,38.97136],[-77.05272,38.97133],[-77.05275,38.97128],[-77.05279,38.97122],[-77.05281,38.97118],[-77.05284,38.97112],[-77.05287,38.97108],[-77.05292,38.97104],[-77.05297,38.97101],[-77.05303,38.971],[-77.05308,38.97098],[-77.05314,38.97095],[-77.0532,38.97093],[-77.05325,38.97089],[-77.05332,38.97086],[-77.05331,38.97085],[-77.05331,38.97084],[-77.0533,38.97083],[-77.05328,38.97079],[-77.05327,38.97078],[-77.05325,38.97075],[-77.05325,38.97075],[-77.05324,38.97071],[-77.05322,38.97068],[-77.05318,38.97064],[-77.05314,38.97061],[-77.05313,38.97057],[-77.05313,38.97052],[-77.05311,38.9705],[-77.05303,38.97047],[-77.05293,38.97044],[-77.05284,38.97041],[-77.05278,38.97039],[-77.05272,38.97037],[-77.05267,38.97035],[-77.05261,38.97033],[-77.05257,38.97031],[-77.05254,38.97027],[-77.05249,38.97024],[-77.05246,38.9702],[-77.05245,38.97017],[-77.05245,38.97013],[-77.05245,38.97011],[-77.05247,38.97008],[-77.05249,38.97006],[-77.05251,38.97005],[-77.05254,38.97004],[-77.05257,38.97004],[-77.0526,38.97003],[-77.05265,38.97003],[-77.0527,38.97003],[-77.05272,38.97002],[-77.05275,38.97002],[-77.05277,38.97],[-77.05279,38.96999],[-77.05281,38.96997],[-77.05284,38.96995],[-77.05286,38.96993],[-77.05288,38.9699],[-77.05289,38.96988],[-77.0529,38.96985],[-77.0529,38.9698],[-77.05289,38.96975],[-77.0529,38.96969],[-77.05288,38.96962],[-77.05288,38.96958],[-77.05287,38.96953],[-77.05285,38.96948],[-77.0528,38.96943],[-77.05277,38.96939],[-77.05274,38.96935],[-77.05274,38.9693],[-77.05275,38.96924],[-77.05276,38.9692],[-77.05279,38.96915],[-77.05282,38.96912],[-77.05284,38.96909],[-77.05287,38.96904],[-77.05289,38.96901],[-77.05291,38.96898],[-77.05292,38.96894],[-77.05295,38.96888],[-77.05296,38.96881],[-77.05296,38.96876],[-77.05297,38.9687],[-77.05298,38.96868],[-77.05299,38.96864],[-77.053,38.96862],[-77.053,38.96858],[-77.053,38.96853],[-77.05302,38.96847],[-77.05302,38.96843],[-77.05304,38.96839],[-77.05305,38.96836],[-77.05306,38.96833],[-77.05306,38.96828],[-77.05307,38.9682],[-77.05308,38.96816],[-77.0531,38.96811],[-77.0531,38.96805],[-77.05309,38.968],[-77.05309,38.96796],[-77.05308,38.9679],[-77.05305,38.96787],[-77.05302,38.96783],[-77.053,38.96778],[-77.05299,38.96776],[-77.05298,38.96772],[-77.05297,38.96768],[-77.05297,38.96764],[-77.05298,38.96759],[-77.05301,38.96755],[-77.05303,38.96751],[-77.05307,38.96749],[-77.05311,38.96746],[-77.05314,38.96744],[-77.05319,38.96742],[-77.05324,38.96741],[-77.05328,38.9674],[-77.05333,38.96739],[-77.05337,38.96738],[-77.05342,38.96736],[-77.05348,38.96733],[-77.05352,38.96732],[-77.05342,38.96727],[-77.05332,38.96722],[-77.0532,38.96718],[-77.05313,38.96714],[-77.05303,38.9671],[-77.05292,38.96705],[-77.05285,38.96702],[-77.05284,38.967],[-77.05283,38.967],[-77.05286,38.96692],[-77.05287,38.96687],[-77.05291,38.96676],[-77.05293,38.96666],[-77.05295,38.96658],[-77.05297,38.96653],[-77.05299,38.96646],[-77.05299,38.96638],[-77.05297,38.96633],[-77.05296,38.96632],[-77.05294,38.96631],[-77.05289,38.96631],[-77.05282,38.96631],[-77.05274,38.9663],[-77.05267,38.96631],[-77.05259,38.9663],[-77.0525,38.96631],[-77.05242,38.9663],[-77.05233,38.9663],[-77.05226,38.96629],[-77.05219,38.96626],[-77.05217,38.96624],[-77.05214,38.96622],[-77.05211,38.96618],[-77.0521,38.96614],[-77.05208,38.96609],[-77.05208,38.96603],[-77.0521,38.96596],[-77.05211,38.96589],[-77.05213,38.96583],[-77.05215,38.96576],[-77.05217,38.9657],[-77.05219,38.96563],[-77.05221,38.96558],[-77.05223,38.96554],[-77.05226,38.9655],[-77.05227,38.96547],[-77.05229,38.96544],[-77.05229,38.9654],[-77.05229,38.96536],[-77.05229,38.96532],[-77.05228,38.9653],[-77.05226,38.96528],[-77.05223,38.96527],[-77.05219,38.96526],[-77.05216,38.96526],[-77.05212,38.96526],[-77.05205,38.96527],[-77.05202,38.96527],[-77.05196,38.96526],[-77.05189,38.96525],[-77.05183,38.96524],[-77.05177,38.96522],[-77.05172,38.96519],[-77.05168,38.96517],[-77.05164,38.96514],[-77.05161,38.96512],[-77.05158,38.96509],[-77.05157,38.96508],[-77.05159,38.96508],[-77.05164,38.96506],[-77.05169,38.96504],[-77.05176,38.96501],[-77.05181,38.96498],[-77.05185,38.96496],[-77.05192,38.96492],[-77.05198,38.96488],[-77.05205,38.96484],[-77.05209,38.9648],[-77.05215,38.96475]],[[-77.05215,38.96476],[-77.05219,38.96473],[-77.05222,38.9647],[-77.05224,38.96467],[-77.05225,38.96465],[-77.05225,38.96462],[-77.05225,38.96458],[-77.05223,38.96455],[-77.05221,38.96451],[-77.05219,38.96447],[-77.05216,38.96441],[-77.05214,38.96437],[-77.05213,38.96434],[-77.05212,38.96431],[-77.05211,38.96427],[-77.0521,38.96423],[-77.05211,38.96419],[-77.05212,38.96414],[-77.05214,38.96412],[-77.05216,38.96409],[-77.05219,38.96404],[-77.05222,38.964],[-77.05227,38.96396],[-77.0523,38.96394],[-77.05235,38.9639],[-77.05237,38.96387],[-77.05239,38.96383],[-77.05242,38.96377],[-77.05242,38.96373],[-77.05241,38.96368],[-77.05241,38.96365],[-77.0524,38.96359],[-77.05241,38.96353],[-77.05241,38.96347],[-77.05241,38.96342],[-77.05242,38.96335],[-77.05243,38.96331],[-77.05243,38.96326],[-77.05242,38.96323],[-77.05241,38.96319],[-77.05239,38.96316],[-77.05237,38.96313],[-77.05234,38.9631],[-77.05231,38.96308],[-77.05228,38.96307],[-77.05224,38.96306],[-77.05221,38.96305],[-77.05217,38.96303],[-77.05214,38.96302],[-77.0521,38.96301],[-77.05207,38.96298],[-77.05204,38.96296],[-77.05202,38.96292],[-77.05202,38.96288],[-77.05201,38.96284],[-77.052,38.96282],[-77.05199,38.96278],[-77.05197,38.96275],[-77.05193,38.96271],[-77.05189,38.96267],[-77.05186,38.96263],[-77.05182,38.9626],[-77.05184,38.96259],[-77.05191,38.96259],[-77.05197,38.96257],[-77.05204,38.96256],[-77.0521,38.96254],[-77.05217,38.96252],[-77.05224,38.9625],[-77.05225,38.96249],[-77.05233,38.96247],[-77.0524,38.96246],[-77.05247,38.96244],[-77.05253,38.96243],[-77.0526,38.96241],[-77.05265,38.9624],[-77.05265,38.96239],[-77.05263,38.9623],[-77.05261,38.96222],[-77.0526,38.96213],[-77.0526,38.96207],[-77.05262,38.96201],[-77.05262,38.96197],[-77.05263,38.96194],[-77.05263,38.9619],[-77.05264,38.96189],[-77.05262,38.9618],[-77.05256,38.96178],[-77.05246,38.9616],[-77.05246,38.96156],[-77.05248,38.96154],[-77.05249,38.96153],[-77.05251,38.96152],[-77.05253,38.9615],[-77.05256,38.96148],[-77.05258,38.96147],[-77.0526,38.96144],[-77.05261,38.96143],[-77.05261,38.9614],[-77.0526,38.96138],[-77.05259,38.96124],[-77.05258,38.96111],[-77.05256,38.961],[-77.05255,38.96089],[-77.05255,38.96084],[-77.05254,38.96078],[-77.05254,38.96076],[-77.05253,38.96073],[-77.05252,38.96068],[-77.0525,38.96058],[-77.05248,38.9605],[-77.05247,38.96042],[-77.05245,38.96035],[-77.05244,38.96027],[-77.05242,38.96022],[-77.05242,38.96017],[-77.05242,38.96013],[-77.05241,38.9601],[-77.05241,38.96008],[-77.05241,38.96004],[-77.0524,38.96002],[-77.0524,38.95998],[-77.05238,38.95994],[-77.05236,38.95991],[-77.05235,38.95989],[-77.05233,38.95986],[-77.05231,38.95983],[-77.05249,38.95979],[-77.0526,38.95972],[-77.05274,38.95959],[-77.05285,38.95951],[-77.05298,38.95943],[-77.05305,38.95939],[-77.05309,38.95937],[-77.05311,38.95936],[-77.05314,38.95936],[-77.0532,38.95936],[-77.05326,38.95936],[-77.05331,38.95935],[-77.05335,38.95934],[-77.05337,38.95932],[-77.05339,38.95929],[-77.05342,38.95924],[-77.05347,38.95917],[-77.05351,38.95911],[-77.05357,38.95904],[-77.05363,38.95898],[-77.05366,38.95893],[-77.05371,38.95888],[-77.05374,38.95883],[-77.05379,38.95879],[-77.05382,38.95876],[-77.05385,38.95874],[-77.05389,38.95872],[-77.05391,38.9587],[-77.05392,38.95865],[-77.05391,38.9586],[-77.0539,38.95856],[-77.05389,38.95853],[-77.05387,38.95851],[-77.05384,38.95847],[-77.05381,38.95843],[-77.0538,38.95837],[-77.05379,38.95832],[-77.05378,38.95826],[-77.05378,38.95823],[-77.05378,38.95819],[-77.05377,38.95815],[-77.05374,38.95813],[-77.05371,38.95811],[-77.0537,38.95808],[-77.05369,38.95805],[-77.0537,38.95802],[-77.05372,38.95797],[-77.05374,38.95792],[-77.05376,38.95788],[-77.05375,38.95785],[-77.05374,38.9578],[-77.05373,38.95778],[-77.05372,38.95775],[-77.05372,38.95772],[-77.05372,38.95768],[-77.05373,38.95764],[-77.05372,38.9576],[-77.05371,38.95757],[-77.05369,38.95754],[-77.05365,38.95749],[-77.05363,38.95745],[-77.05358,38.95742],[-77.05352,38.95739],[-77.05349,38.95738],[-77.05345,38.95736],[-77.05343,38.95735],[-77.05339,38.95732],[-77.05336,38.9573],[-77.05334,38.95727],[-77.05331,38.95724],[-77.05329,38.9572],[-77.05327,38.95716],[-77.05326,38.95711],[-77.05324,38.95707],[-77.05323,38.95701],[-77.0532,38.95695],[-77.05319,38.95689],[-77.05314,38.95679],[-77.05311,38.95666],[-77.05305,38.95649],[-77.05304,38.95646],[-77.05303,38.95642],[-77.05302,38.95638],[-77.053,38.95635],[-77.05297,38.95632],[-77.05292,38.9563],[-77.05289,38.95628],[-77.05286,38.95627],[-77.05283,38.95625],[-77.05278,38.9562],[-77.05274,38.95617],[-77.05271,38.95613],[-77.05271,38.95611],[-77.05271,38.95602],[-77.0527,38.95592],[-77.0527,38.95584],[-77.05267,38.95577],[-77.05264,38.9557],[-77.05263,38.95566],[-77.05258,38.95557],[-77.05253,38.9555],[-77.05247,38.95542],[-77.05243,38.95537],[-77.05237,38.95533],[-77.05231,38.95528],[-77.05226,38.95524],[-77.05221,38.95521],[-77.05215,38.95518],[-77.05209,38.95516],[-77.05204,38.95513],[-77.05199,38.95511],[-77.05194,38.95509],[-77.05189,38.95506],[-77.05185,38.95504],[-77.05179,38.95502],[-77.05175,38.95501],[-77.05169,38.95499],[-77.05168,38.95499],[-77.05167,38.95497],[-77.05164,38.95492],[-77.0516,38.95488],[-77.05158,38.95486],[-77.0516,38.95482],[-77.05163,38.95478],[-77.05166,38.95474],[-77.0517,38.95469],[-77.05174,38.95465],[-77.05179,38.95461],[-77.05187,38.95456],[-77.05193,38.95453],[-77.05199,38.95449],[-77.05203,38.95446],[-77.05211,38.95442],[-77.05218,38.95438],[-77.05223,38.95435],[-77.0523,38.95431],[-77.05234,38.95427],[-77.05239,38.95424],[-77.05243,38.95421],[-77.05249,38.95417],[-77.05253,38.95415],[-77.05257,38.95412],[-77.05261,38.95409],[-77.05266,38.95408],[-77.05269,38.95406],[-77.05273,38.95404],[-77.05278,38.95401],[-77.0528,38.95398],[-77.05284,38.95396],[-77.05288,38.95392],[-77.05291,38.9539],[-77.05293,38.95387],[-77.05297,38.95384],[-77.05301,38.9538],[-77.05303,38.95377]],[[-77.05303,38.95376],[-77.05306,38.95372],[-77.05307,38.95369],[-77.05309,38.95366],[-77.0531,38.95363],[-77.05312,38.9536],[-77.05313,38.95357],[-77.05317,38.95352],[-77.05317,38.95348],[-77.05318,38.95344],[-77.05318,38.95338],[-77.05317,38.95333],[-77.05316,38.95328],[-77.05315,38.95323],[-77.05311,38.95319],[-77.05309,38.95315],[-77.05307,38.95311],[-77.05303,38.95307],[-77.053,38.95302],[-77.05297,38.95299],[-77.05295,38.95297],[-77.05292,38.95293],[-77.05289,38.9529],[-77.05287,38.95287],[-77.05284,38.95284],[-77.05279,38.95279],[-77.05274,38.95277],[-77.05271,38.95276],[-77.05267,38.95275],[-77.05262,38.95274],[-77.05258,38.95273],[-77.05253,38.95273],[-77.05248,38.95273],[-77.05241,38.95272],[-77.05238,38.95271],[-77.05235,38.9527],[-77.05233,38.95269],[-77.05229,38.95268],[-77.05223,38.95267],[-77.05218,38.95266],[-77.05214,38.95266],[-77.05209,38.95267],[-77.05207,38.95268],[-77.05202,38.95268],[-77.05198,38.95267],[-77.05194,38.95267],[-77.05192,38.95266],[-77.05188,38.95264],[-77.05185,38.95262],[-77.05178,38.95259],[-77.0517,38.95255],[-77.05162,38.95252],[-77.05153,38.95248],[-77.05152,38.95248]],[[-77.05149,38.95247],[-77.05146,38.95242],[-77.05144,38.95239],[-77.05142,38.95235],[-77.05139,38.9523],[-77.05138,38.95226],[-77.05137,38.95222],[-77.05133,38.95218],[-77.05132,38.95214],[-77.05129,38.95208],[-77.05127,38.95202],[-77.05124,38.95196],[-77.05123,38.95191],[-77.05123,38.95187],[-77.05122,38.95183],[-77.0512,38.9518],[-77.05119,38.95175],[-77.05118,38.9517],[-77.05118,38.95167],[-77.05117,38.95162],[-77.05117,38.95158],[-77.05116,38.95153],[-77.05116,38.95149],[-77.05116,38.95144],[-77.05115,38.9514],[-77.05115,38.95136],[-77.05115,38.95132],[-77.05114,38.95128],[-77.05113,38.95125],[-77.05111,38.95122],[-77.05109,38.95118],[-77.05108,38.95114],[-77.05107,38.9511],[-77.05106,38.95107],[-77.05105,38.95104],[-77.05106,38.951],[-77.05106,38.95097],[-77.05106,38.95094],[-77.05106,38.9509],[-77.05105,38.95086],[-77.05104,38.95083],[-77.05102,38.9508],[-77.051,38.95078],[-77.05099,38.95078],[-77.05098,38.95073],[-77.05098,38.95068],[-77.05096,38.95063],[-77.05095,38.95058],[-77.05094,38.95053],[-77.05092,38.95047],[-77.05091,38.95042],[-77.05088,38.95036],[-77.05087,38.95031],[-77.05085,38.95027],[-77.05084,38.95022],[-77.05082,38.95018],[-77.05083,38.95015],[-77.05082,38.95012],[-77.0508,38.95009],[-77.05078,38.95006],[-77.05076,38.95003],[-77.05073,38.95],[-77.05071,38.94997],[-77.05068,38.94994],[-77.05066,38.94991],[-77.05064,38.94988],[-77.05063,38.94986],[-77.05061,38.94984],[-77.0506,38.94981],[-77.0506,38.94979],[-77.05059,38.94977],[-77.05059,38.94974],[-77.05059,38.94971],[-77.05059,38.94969],[-77.05059,38.94965],[-77.05059,38.94961],[-77.05059,38.94957],[-77.05058,38.94952],[-77.05057,38.94948],[-77.05056,38.94945],[-77.05054,38.94942],[-77.05052,38.94938],[-77.05048,38.94933],[-77.05046,38.94929],[-77.05043,38.94925],[-77.05041,38.94922],[-77.05037,38.9492],[-77.05034,38.94918],[-77.05032,38.94915],[-77.05029,38.94913],[-77.05027,38.94911],[-77.05027,38.94908],[-77.05028,38.94905],[-77.05029,38.94902],[-77.05029,38.94899],[-77.05028,38.94896],[-77.05026,38.94893],[-77.05025,38.94891],[-77.05023,38.94887],[-77.05019,38.94883],[-77.05015,38.94879],[-77.0501,38.94876],[-77.05005,38.94872],[-77.05001,38.94869],[-77.04997,38.94866],[-77.04992,38.94864],[-77.04992,38.94864]],[[-77.0499,38.94863],[-77.04984,38.94859],[-77.04979,38.94856],[-77.04974,38.94854],[-77.04968,38.9485],[-77.04965,38.94847],[-77.04961,38.94845],[-77.04957,38.94842],[-77.04952,38.94839],[-77.04948,38.94837],[-77.04944,38.94834],[-77.04941,38.94832],[-77.04936,38.94829],[-77.04932,38.94826],[-77.04929,38.94824],[-77.04929,38.94824],[-77.04927,38.94823],[-77.04926,38.94822],[-77.04926,38.9482],[-77.04926,38.94817],[-77.04927,38.94814],[-77.04927,38.94811],[-77.04927,38.9481],[-77.04924,38.94801],[-77.04921,38.94794],[-77.0492,38.94789],[-77.04919,38.94785],[-77.04921,38.94783],[-77.04924,38.94783],[-77.04928,38.94782],[-77.04933,38.9478],[-77.04937,38.94778],[-77.04941,38.94777],[-77.04946,38.94775],[-77.04948,38.94774],[-77.04952,38.94772],[-77.04954,38.94769],[-77.04956,38.94766],[-77.04958,38.94763],[-77.0496,38.94759],[-77.04962,38.94754],[-77.04964,38.94751],[-77.04967,38.94747],[-77.04973,38.94745],[-77.04979,38.94742],[-77.04982,38.94739],[-77.04983,38.94736],[-77.04984,38.94732],[-77.04985,38.94729],[-77.04986,38.94725],[-77.04986,38.94719],[-77.04986,38.94714],[-77.04987,38.94708],[-77.04987,38.94704],[-77.04987,38.947],[-77.04986,38.94698],[-77.04985,38.94694],[-77.04983,38.94692],[-77.04981,38.94689],[-77.0498,38.94686],[-77.04975,38.9468],[-77.04973,38.94677],[-77.04971,38.94675],[-77.04967,38.94673],[-77.04963,38.9467],[-77.04959,38.94668],[-77.04955,38.94666],[-77.04953,38.94665],[-77.0495,38.94663],[-77.04947,38.94661],[-77.04945,38.94658],[-77.04943,38.94655],[-77.04941,38.9465],[-77.04938,38.94646],[-77.04935,38.9464],[-77.04933,38.94632],[-77.0493,38.94626],[-77.04928,38.94621],[-77.04926,38.94616],[-77.04925,38.9461],[-77.04924,38.94606],[-77.04923,38.94598],[-77.04923,38.94593],[-77.04922,38.94587],[-77.04919,38.94583],[-77.04918,38.9458],[-77.0491,38.94572],[-77.04906,38.94566],[-77.04903,38.94562],[-77.049,38.94559],[-77.04898,38.94555],[-77.04896,38.94553],[-77.04894,38.94549],[-77.04894,38.94547],[-77.04894,38.94542],[-77.04894,38.94538],[-77.04894,38.94532],[-77.04894,38.94526],[-77.04897,38.94519],[-77.04901,38.94513],[-77.04905,38.94507],[-77.04909,38.94502],[-77.04912,38.94497],[-77.04915,38.94492],[-77.04919,38.94488],[-77.04925,38.94486],[-77.0493,38.94483],[-77.04937,38.9448],[-77.04946,38.94477],[-77.04954,38.94473],[-77.04958,38.9447],[-77.04963,38.94467],[-77.04967,38.94465],[-77.04971,38.94462],[-77.04975,38.9446]],[[-77.04995,38.94424],[-77.04996,38.94424],[-77.05001,38.94423],[-77.05006,38.94421],[-77.05012,38.94419],[-77.0501,38.94416],[-77.0501,38.94414],[-77.05011,38.9441],[-77.05013,38.94405],[-77.05015,38.94399],[-77.05016,38.94394],[-77.05019,38.94389],[-77.05022,38.94385],[-77.05024,38.9438],[-77.05025,38.94374],[-77.05027,38.9437],[-77.0503,38.94365],[-77.05032,38.94361],[-77.05034,38.94356],[-77.05034,38.94352],[-77.05036,38.94347],[-77.05038,38.94342],[-77.0504,38.94339],[-77.05042,38.94335],[-77.05045,38.9433],[-77.05048,38.94325],[-77.05048,38.94324],[-77.05052,38.94316],[-77.05058,38.94307],[-77.05061,38.94303],[-77.05063,38.94299],[-77.05064,38.94295],[-77.05066,38.9429],[-77.05069,38.94285],[-77.05071,38.94281],[-77.05073,38.94277],[-77.05076,38.94272],[-77.05079,38.94268],[-77.05081,38.94264],[-77.05083,38.9426],[-77.05085,38.94257],[-77.05089,38.94252],[-77.05091,38.94247],[-77.05094,38.94243],[-77.05098,38.94239],[-77.051,38.94235],[-77.05103,38.94232],[-77.05105,38.9423],[-77.05109,38.94224],[-77.05112,38.94221],[-77.05114,38.94217],[-77.05117,38.94213],[-77.0512,38.94209],[-77.05123,38.94205],[-77.05125,38.94201],[-77.05127,38.94196],[-77.0513,38.94192],[-77.05133,38.94188],[-77.05137,38.94184],[-77.05141,38.9418],[-77.05143,38.94176],[-77.05146,38.94171],[-77.05149,38.94167],[-77.0515,38.94163],[-77.05153,38.94158],[-77.05154,38.94154],[-77.05156,38.94148],[-77.05158,38.94143],[-77.05159,38.94137],[-77.05161,38.94132],[-77.05161,38.94126],[-77.0516,38.9412],[-77.05159,38.94114],[-77.05157,38.94107],[-77.05156,38.94101],[-77.05157,38.94094],[-77.05157,38.94088],[-77.05156,38.94082],[-77.05157,38.94076],[-77.05157,38.9407],[-77.05156,38.94064],[-77.05156,38.94057],[-77.05157,38.94051],[-77.05158,38.94045],[-77.05158,38.94038],[-77.05158,38.94036],[-77.05159,38.94034],[-77.05158,38.94033],[-77.05157,38.94031],[-77.05158,38.94027],[-77.05157,38.94024],[-77.05158,38.94022],[-77.05158,38.9402],[-77.05158,38.94017],[-77.05159,38.94013],[-77.0516,38.9401],[-77.05161,38.94007],[-77.05162,38.94003],[-77.05162,38.93999],[-77.05161,38.93997],[-77.0516,38.93995],[-77.0516,38.93993],[-77.05159,38.9399],[-77.0516,38.93988],[-77.0516,38.93986],[-77.05161,38.93984],[-77.05162,38.93981],[-77.05163,38.93978],[-77.0517,38.93969],[-77.05172,38.93968],[-77.05174,38.93967],[-77.05176,38.93965],[-77.05177,38.93964],[-77.05179,38.93962],[-77.0518,38.9396],[-77.05182,38.93958],[-77.05184,38.93955],[-77.05188,38.93937],[-77.05188,38.93935],[-77.05188,38.93932],[-77.05188,38.9393],[-77.05189,38.93928],[-77.0519,38.93925],[-77.05191,38.93923],[-77.05192,38.9392],[-77.05194,38.93913],[-77.05195,38.9391],[-77.05195,38.93908],[-77.05196,38.93906],[-77.05201,38.93889],[-77.05203,38.93887],[-77.05206,38.93883],[-77.05217,38.93867],[-77.05218,38.93865],[-77.05219,38.93863],[-77.0522,38.93861],[-77.05222,38.93859],[-77.05223,38.93856],[-77.05224,38.93854],[-77.05224,38.93854],[-77.05267,38.93839],[-77.05269,38.93837],[-77.05273,38.93834],[-77.05276,38.93828],[-77.0528,38.93821],[-77.05252,38.93824],[-77.0525,38.93819],[-77.05249,38.93817],[-77.05248,38.93815],[-77.05246,38.93813],[-77.05245,38.93811],[-77.05243,38.93808],[-77.05241,38.93806],[-77.05237,38.93799],[-77.05236,38.93798],[-77.05236,38.93796],[-77.05234,38.93791],[-77.05234,38.93789],[-77.05233,38.93785],[-77.05229,38.93781],[-77.05227,38.9378],[-77.05222,38.93781],[-77.05217,38.93782],[-77.05214,38.93781],[-77.05211,38.93776],[-77.05209,38.93772],[-77.05207,38.93769],[-77.05204,38.93764],[-77.05197,38.93758],[-77.05193,38.93756],[-77.05187,38.9375],[-77.05183,38.93748],[-77.05178,38.93745],[-77.05175,38.93744],[-77.05166,38.9374],[-77.05162,38.93737],[-77.0516,38.93734],[-77.05151,38.9373],[-77.05145,38.93725],[-77.05144,38.93724],[-77.05135,38.9372],[-77.05127,38.93717],[-77.05124,38.93715],[-77.05108,38.93711],[-77.05104,38.93711],[-77.05101,38.93711],[-77.05092,38.9371],[-77.05083,38.9371],[-77.05081,38.9371],[-77.05076,38.9371],[-77.0507,38.9371],[-77.0506,38.93708],[-77.05056,38.93709],[-77.05047,38.93708],[-77.05043,38.93708],[-77.05036,38.93708],[-77.05032,38.93708],[-77.05028,38.93707],[-77.05022,38.93706],[-77.05014,38.93704],[-77.05009,38.93703],[-77.05004,38.93703],[-77.05003,38.93702],[-77.04998,38.93702],[-77.04993,38.93702],[-77.04985,38.93703],[-77.04973,38.93705],[-77.04961,38.93705],[-77.04959,38.93705],[-77.04952,38.93706],[-77.04939,38.93709],[-77.04935,38.9371],[-77.04932,38.9371],[-77.04919,38.93714],[-77.04912,38.93714],[-77.04905,38.93713],[-77.0489,38.93713],[-77.04888,38.93713],[-77.04877,38.93713],[-77.04874,38.93713],[-77.04866,38.93713],[-77.0486,38.93712],[-77.04847,38.93711],[-77.04843,38.93709],[-77.0484,38.93707],[-77.04839,38.93705],[-77.04837,38.93703],[-77.04828,38.93696],[-77.04822,38.93691],[-77.04821,38.93689],[-77.04819,38.93687],[-77.04818,38.93685],[-77.0482,38.93681],[-77.0482,38.93679],[-77.04819,38.93677],[-77.04818,38.93675],[-77.04818,38.93674],[-77.04817,38.93672],[-77.04816,38.93671],[-77.04814,38.93669],[-77.04812,38.93668]]]},"properties":{"name":"Western Ridge Trail","src":"nps"}},{"type":"Feature","geometry":{"type":"LineString","coordinates":[[-77.0433,38.98457],[-77.0431,38.98475],[-77.04304,38.9848],[-77.043,38.98483],[-77.04296,38.98487],[-77.04293,38.98489],[-77.04292,38.98492],[-77.04289,38.98496],[-77.04286,38.985],[-77.04284,38.98503],[-77.04282,38.98506],[-77.0427,38.98506],[-77.04268,38.98499],[-77.04267,38.98495],[-77.04265,38.98489],[-77.04259,38.98474],[-77.04256,38.98467],[-77.04247,38.98446],[-77.04244,38.98441],[-77.04242,38.98438],[-77.0424,38.98435],[-77.04237,38.98433],[-77.04235,38.98432],[-77.04233,38.98432]]},"properties":{"name":"Foot Trail","src":"nps"}},{"type":"Feature","geometry":{"type":"LineString","coordinates":[[-77.04008,38.98347],[-77.04011,38.98347],[-77.04015,38.98346],[-77.0402,38.98345],[-77.04025,38.98344],[-77.04029,38.98342],[-77.04032,38.98341],[-77.04035,38.98339],[-77.04039,38.98336],[-77.04042,38.98334],[-77.04045,38.98332],[-77.04049,38.98331],[-77.04053,38.98331],[-77.04056,38.98331],[-77.04058,38.9833]]},"properties":{"name":"Foot Trail","src":"nps"}},{"type":"Feature","geometry":{"type":"MultiLineString","coordinates":[[[-76.8994,38.97923],[-76.89944,38.9793],[-76.89944,38.9794],[-76.8995,38.97975],[-76.89963,38.97989],[-76.89981,38.97995],[-76.89999,38.98005],[-76.90052,38.98009]],[[-76.90424,38.98169],[-76.904,38.98158],[-76.90397,38.98123],[-76.90371,38.98098],[-76.90334,38.98082],[-76.90287,38.98081],[-76.90266,38.9807],[-76.90227,38.98057],[-76.90197,38.98034],[-76.90166,38.98028],[-76.90136,38.98026],[-76.90109,38.98022],[-76.90078,38.98008],[-76.90052,38.98009]],[[-76.90323,38.9821],[-76.90311,38.9821],[-76.90301,38.9821],[-76.90288,38.98203],[-76.90279,38.98193],[-76.90275,38.98186],[-76.90259,38.9818],[-76.90246,38.98176],[-76.90235,38.98181],[-76.90226,38.98185],[-76.90217,38.98192],[-76.90199,38.98201],[-76.90182,38.98201],[-76.90165,38.98195],[-76.90151,38.98185],[-76.90143,38.98155],[-76.9014,38.9814],[-76.90135,38.98122],[-76.90132,38.98114],[-76.90127,38.98099],[-76.90114,38.98096],[-76.901,38.98098],[-76.90091,38.98107],[-76.90078,38.98117],[-76.90074,38.98113],[-76.9007,38.98107],[-76.9007,38.98097],[-76.9007,38.98093],[-76.90057,38.98085],[-76.90051,38.98073],[-76.90055,38.98067],[-76.90067,38.98058],[-76.90075,38.98048],[-76.90078,38.98046],[-76.90075,38.9803],[-76.90052,38.98009]]]},"properties":{"name":"Trails-Greenbelt  Gb","src":"nps"}},{"type":"Feature","geometry":{"type":"LineString","coordinates":[[-77.05019,38.98075],[-77.05022,38.98073],[-77.05024,38.98072],[-77.05026,38.98071],[-77.05028,38.98069],[-77.05031,38.98068],[-77.05033,38.98066],[-77.05036,38.98064],[-77.05037,38.98062],[-77.05038,38.9806],[-77.05038,38.98058],[-77.05039,38.98056],[-77.05039,38.98054],[-77.05039,38.98052],[-77.05039,38.9805],[-77.05038,38.98045],[-77.05037,38.98042],[-77.05037,38.98039],[-77.05037,38.98037],[-77.05036,38.98034],[-77.05035,38.9803],[-77.05035,38.98028],[-77.05035,38.98025],[-77.05034,38.98023],[-77.05035,38.98021],[-77.05035,38.98019],[-77.05036,38.98017],[-77.05037,38.98015],[-77.05039,38.98013],[-77.05041,38.9801],[-77.05043,38.98008],[-77.05046,38.98006],[-77.05048,38.98005],[-77.05051,38.98003],[-77.05054,38.98001],[-77.0506,38.97997],[-77.05065,38.97995],[-77.05068,38.97993],[-77.05074,38.9799],[-77.05079,38.97987],[-77.05084,38.97984],[-77.05088,38.97982],[-77.05092,38.97979],[-77.05097,38.97977],[-77.05101,38.97975],[-77.05104,38.97974],[-77.05107,38.97972],[-77.0511,38.97971],[-77.05112,38.9797],[-77.05115,38.97969],[-77.05117,38.97968],[-77.05119,38.97967],[-77.05123,38.97965],[-77.05125,38.97963],[-77.05127,38.97962],[-77.05129,38.97962],[-77.05131,38.9796],[-77.05135,38.97957],[-77.05137,38.97955],[-77.05137,38.97954],[-77.05139,38.97952],[-77.0514,38.97951],[-77.05142,38.9795],[-77.05146,38.97949],[-77.05151,38.97947],[-77.05155,38.97946],[-77.05163,38.97943],[-77.0517,38.97941],[-77.05174,38.97939],[-77.05179,38.97938],[-77.05184,38.97937],[-77.05191,38.97935],[-77.05194,38.97934],[-77.05196,38.97934],[-77.05199,38.97933],[-77.05202,38.97932],[-77.05204,38.97931],[-77.05207,38.9793],[-77.05208,38.9793]]},"properties":{"name":"Foot Trail","src":"nps"}},{"type":"Feature","geometry":{"type":"MultiLineString","coordinates":[[[-77.03686,38.97996],[-77.0368,38.97999],[-77.03674,38.98002],[-77.03669,38.98004],[-77.03667,38.98006],[-77.03665,38.98009],[-77.03663,38.98011],[-77.0366,38.98014],[-77.03658,38.98016],[-77.03656,38.98017],[-77.03654,38.98018],[-77.0365,38.98018],[-77.03644,38.9802]],[[-77.04126,38.97964],[-77.0412,38.97964],[-77.04115,38.97965],[-77.0411,38.97964],[-77.04105,38.97964],[-77.04103,38.97964],[-77.041,38.97964],[-77.04097,38.97965],[-77.04093,38.97967],[-77.04089,38.97969],[-77.04084,38.97971],[-77.0408,38.97973],[-77.04077,38.97976],[-77.04074,38.97978],[-77.04069,38.9798],[-77.04066,38.97981],[-77.04063,38.97982],[-77.04059,38.97983],[-77.04054,38.97983],[-77.04049,38.97982],[-77.04043,38.97982],[-77.04036,38.97981],[-77.04029,38.97981],[-77.04019,38.9798],[-77.04008,38.9798],[-77.03996,38.97979],[-77.03983,38.9798],[-77.03974,38.9798],[-77.03965,38.97981],[-77.0396,38.97981],[-77.03955,38.97981],[-77.03948,38.97983],[-77.03946,38.97985],[-77.0394,38.97986],[-77.03934,38.97986],[-77.0393,38.97985],[-77.03925,38.97985],[-77.0392,38.97984],[-77.03917,38.97984],[-77.03913,38.97983],[-77.03909,38.97983],[-77.03906,38.97983],[-77.03902,38.97984],[-77.03899,38.97984],[-77.03896,38.97986],[-77.03892,38.97987],[-77.0389,38.97988],[-77.03886,38.97989],[-77.03882,38.97991],[-77.03878,38.97991],[-77.03875,38.97992],[-77.03871,38.97993],[-77.03868,38.97993],[-77.03864,38.97993],[-77.03862,38.97992],[-77.0386,38.97991],[-77.03856,38.9799],[-77.03854,38.97989],[-77.03852,38.97987],[-77.0385,38.97986],[-77.03848,38.97984],[-77.03846,38.97982],[-77.03844,38.9798],[-77.03842,38.97978],[-77.03841,38.97977],[-77.03839,38.97976],[-77.03836,38.97976],[-77.03833,38.97975],[-77.03831,38.97975],[-77.03827,38.97975],[-77.03822,38.97975],[-77.03814,38.97976],[-77.03809,38.97977],[-77.03804,38.97978],[-77.03799,38.9798],[-77.0379,38.97982],[-77.03779,38.97984],[-77.03767,38.97986],[-77.03759,38.97987],[-77.03751,38.97989],[-77.03744,38.97991],[-77.03737,38.97992],[-77.0373,38.97994],[-77.03725,38.97994],[-77.03723,38.97994],[-77.03718,38.97993],[-77.03715,38.97993],[-77.03712,38.97993],[-77.03709,38.97993],[-77.03705,38.97993],[-77.03703,38.97993],[-77.03699,38.97993],[-77.03696,38.97994],[-77.03692,38.97995],[-77.0369,38.97996],[-77.03687,38.97996]]]},"properties":{"name":"Pine Trail","src":"nps"}},{"type":"Feature","geometry":{"type":"MultiLineString","coordinates":[[[-77.03687,38.97996],[-77.03686,38.97996]],[[-77.0394,38.97381],[-77.03928,38.97384],[-77.03923,38.97386],[-77.03921,38.97387],[-77.03906,38.97391],[-77.03882,38.97398],[-77.03872,38.97401],[-77.03864,38.97404],[-77.03861,38.97406],[-77.03856,38.97413],[-77.03851,38.97418],[-77.03845,38.97426],[-77.03839,38.97434],[-77.03829,38.97446],[-77.03823,38.97454],[-77.03819,38.97459],[-77.03815,38.97464],[-77.03812,38.97468],[-77.0381,38.97471],[-77.03807,38.97474],[-77.03804,38.97476],[-77.03799,38.97479],[-77.03794,38.97482],[-77.03791,38.97484],[-77.03786,38.97487],[-77.03783,38.97489],[-77.03778,38.97492],[-77.03773,38.97495],[-77.03768,38.97498],[-77.03763,38.975],[-77.03756,38.97505],[-77.03748,38.97508],[-77.03741,38.97512],[-77.03733,38.97516],[-77.03726,38.97519],[-77.03721,38.97521],[-77.03715,38.97524],[-77.0371,38.97527],[-77.03705,38.9753],[-77.03701,38.97532],[-77.03699,38.97534],[-77.03698,38.97536],[-77.03697,38.97539],[-77.03696,38.97542],[-77.03696,38.97545],[-77.03696,38.97548],[-77.03697,38.97551],[-77.03699,38.97554],[-77.037,38.97556],[-77.03702,38.97559],[-77.03704,38.97561],[-77.03707,38.97564],[-77.03709,38.97566],[-77.03711,38.97567],[-77.03714,38.97569],[-77.03717,38.97569],[-77.0372,38.9757],[-77.03723,38.97571],[-77.03725,38.97571],[-77.03727,38.97573],[-77.03728,38.97574],[-77.0373,38.97576],[-77.03732,38.97577],[-77.03735,38.97579],[-77.03737,38.9758],[-77.0374,38.97581],[-77.03743,38.97582],[-77.03746,38.97584],[-77.03751,38.97587],[-77.03755,38.9759],[-77.03756,38.97593],[-77.03759,38.97596],[-77.0376,38.97598],[-77.03763,38.97601],[-77.03765,38.97605],[-77.03766,38.97608],[-77.03767,38.9761],[-77.03767,38.97612],[-77.03767,38.97615],[-77.03766,38.97617],[-77.03766,38.9762],[-77.03766,38.97623],[-77.03765,38.97628],[-77.03764,38.97631],[-77.03762,38.97635],[-77.0376,38.97638],[-77.03759,38.9764],[-77.03758,38.97642],[-77.03757,38.97645],[-77.03756,38.97649],[-77.03755,38.97652],[-77.03755,38.97654],[-77.03757,38.97658],[-77.03758,38.9766],[-77.03761,38.97662],[-77.03763,38.97665],[-77.03767,38.97667],[-77.03775,38.97672],[-77.03789,38.97684],[-77.0379,38.97686],[-77.03792,38.97688],[-77.03792,38.97689],[-77.03792,38.97691],[-77.03792,38.97694],[-77.03793,38.97697],[-77.03793,38.977],[-77.03793,38.97703],[-77.03793,38.97705],[-77.03793,38.97709],[-77.03793,38.97712],[-77.03791,38.97715],[-77.0379,38.97717],[-77.03788,38.97718],[-77.03784,38.97719],[-77.03781,38.97721],[-77.03779,38.97722],[-77.03776,38.97724],[-77.03775,38.97726],[-77.03775,38.97729],[-77.03776,38.97734],[-77.03776,38.97737],[-77.03776,38.97743],[-77.03776,38.9775],[-77.03777,38.97757],[-77.03776,38.97769],[-77.03775,38.9777],[-77.03773,38.97771],[-77.03772,38.97773],[-77.0377,38.97774],[-77.03768,38.97776],[-77.03766,38.97779],[-77.03766,38.97781],[-77.03767,38.97783],[-77.03767,38.97785],[-77.03768,38.97787],[-77.03769,38.9779],[-77.0377,38.97793],[-77.0377,38.97797],[-77.0377,38.97801],[-77.0377,38.97803],[-77.03769,38.97805],[-77.03768,38.97807],[-77.03766,38.97811],[-77.03764,38.97814],[-77.03763,38.97817],[-77.03761,38.97821],[-77.03759,38.97827],[-77.03757,38.9783],[-77.03756,38.97834],[-77.03755,38.97836],[-77.03753,38.97838],[-77.0375,38.9784],[-77.03746,38.97843],[-77.03743,38.97845],[-77.03742,38.97848],[-77.03741,38.9785],[-77.03741,38.97851],[-77.0374,38.97855],[-77.0374,38.97858],[-77.0374,38.97861],[-77.03741,38.97865],[-77.03741,38.97869],[-77.03739,38.97873],[-77.03738,38.97876],[-77.03736,38.9788],[-77.03734,38.97882],[-77.03732,38.97884],[-77.0373,38.97886],[-77.03726,38.97887],[-77.03723,38.97888],[-77.03719,38.97889],[-77.03715,38.9789],[-77.03714,38.97891],[-77.03714,38.97894],[-77.03713,38.97896],[-77.03712,38.97899],[-77.03711,38.97901],[-77.03709,38.97903],[-77.03706,38.97904],[-77.03702,38.97907],[-77.03699,38.97909],[-77.03696,38.97911],[-77.03691,38.97914],[-77.03687,38.97917],[-77.03683,38.97919],[-77.03681,38.97922],[-77.03678,38.97924],[-77.03677,38.97928],[-77.03678,38.97932],[-77.03678,38.97935],[-77.03679,38.97939],[-77.0368,38.97941],[-77.03683,38.97944],[-77.03685,38.97947],[-77.03688,38.97949],[-77.03691,38.97951],[-77.03693,38.97953],[-77.03695,38.97956],[-77.03697,38.97957],[-77.03698,38.97958],[-77.03697,38.97961],[-77.03695,38.97964],[-77.03694,38.97966],[-77.03692,38.97968],[-77.0369,38.9797],[-77.03687,38.97974],[-77.03685,38.97975],[-77.03683,38.97978],[-77.03683,38.97981],[-77.03682,38.97984],[-77.03682,38.97987],[-77.03682,38.97991],[-77.03684,38.97994],[-77.03686,38.97996]],[[-77.03686,38.97996],[-77.03686,38.97996]]]},"properties":{"name":"Holly Trail","src":"nps"}},{"type":"Feature","geometry":{"type":"MultiLineString","coordinates":[[[-77.05212,38.97961],[-77.05212,38.97957],[-77.05212,38.97953],[-77.05211,38.97949],[-77.05211,38.97946],[-77.05211,38.97944],[-77.0521,38.97942],[-77.0521,38.9794],[-77.0521,38.97937],[-77.05209,38.97935],[-77.05209,38.97933],[-77.05208,38.9793],[-77.05209,38.97927],[-77.0521,38.97924],[-77.05211,38.97922],[-77.05211,38.9792],[-77.05212,38.97917],[-77.05212,38.97916],[-77.05213,38.97913],[-77.05214,38.9791],[-77.05215,38.97909],[-77.05215,38.97906],[-77.05215,38.97904],[-77.05214,38.97903],[-77.05212,38.979],[-77.05211,38.97899],[-77.0521,38.97898],[-77.05209,38.97897],[-77.05206,38.97895],[-77.05204,38.97895],[-77.05201,38.97894],[-77.05199,38.97894],[-77.05194,38.97893],[-77.05193,38.97893],[-77.05189,38.97893],[-77.05187,38.97893],[-77.05183,38.97893],[-77.0518,38.97894],[-77.05177,38.97894],[-77.05174,38.97894],[-77.05172,38.97894],[-77.05171,38.97894],[-77.05169,38.97893],[-77.05167,38.97892],[-77.05166,38.97889],[-77.05166,38.97888],[-77.05167,38.97885],[-77.05167,38.97883],[-77.05169,38.97882],[-77.0517,38.9788],[-77.05172,38.97879],[-77.05173,38.97878],[-77.05175,38.97877],[-77.05176,38.97876],[-77.0518,38.97874],[-77.05182,38.97872],[-77.05185,38.97871],[-77.05188,38.9787],[-77.05191,38.97869],[-77.05193,38.97868],[-77.05196,38.97867],[-77.052,38.97866],[-77.05202,38.97865],[-77.05204,38.97862],[-77.05205,38.97861],[-77.05207,38.9786],[-77.05208,38.97858],[-77.05211,38.97855],[-77.05212,38.97852],[-77.05213,38.9785],[-77.05214,38.97848],[-77.05214,38.97845],[-77.05215,38.97843],[-77.05216,38.9784],[-77.05217,38.97838],[-77.05217,38.97835],[-77.05217,38.97832],[-77.05218,38.97831],[-77.05218,38.97829],[-77.05219,38.97825],[-77.05219,38.97823],[-77.05219,38.97821],[-77.0522,38.97819],[-77.0522,38.97816],[-77.0522,38.97813],[-77.05221,38.97811],[-77.05221,38.97809],[-77.05222,38.97806],[-77.05222,38.97803],[-77.05223,38.978],[-77.05223,38.97798],[-77.05224,38.97795],[-77.05224,38.97794],[-77.05224,38.97792],[-77.05225,38.97789],[-77.05225,38.97786],[-77.05225,38.97784],[-77.05226,38.97782],[-77.05226,38.97779],[-77.05226,38.97777],[-77.05227,38.97775],[-77.05227,38.97773],[-77.05227,38.9777],[-77.05227,38.97769],[-77.05228,38.97767],[-77.05229,38.97765],[-77.05228,38.97762],[-77.05229,38.97761],[-77.05228,38.97759],[-77.05228,38.97756],[-77.05228,38.97753],[-77.05227,38.9775],[-77.05227,38.97746],[-77.05226,38.97742],[-77.05226,38.9774],[-77.05223,38.97738],[-77.05221,38.97735],[-77.05219,38.97734],[-77.05217,38.97732],[-77.05215,38.97731],[-77.05214,38.97729],[-77.0521,38.97727],[-77.05208,38.97725],[-77.05206,38.97724],[-77.05203,38.97722],[-77.05202,38.9772],[-77.052,38.97719],[-77.05198,38.97717],[-77.05197,38.97715],[-77.05195,38.97713],[-77.05194,38.97712],[-77.05193,38.9771],[-77.05192,38.97709],[-77.05191,38.97708],[-77.0519,38.97706],[-77.05188,38.97703],[-77.05188,38.97702],[-77.05186,38.977],[-77.05186,38.97697],[-77.05186,38.97695],[-77.05185,38.97692],[-77.05184,38.9769],[-77.05184,38.97689],[-77.05184,38.97687],[-77.05184,38.97685],[-77.05184,38.97683],[-77.05185,38.9768],[-77.05185,38.97679],[-77.05185,38.97677],[-77.05185,38.97676],[-77.05186,38.97673],[-77.05188,38.97672],[-77.0519,38.97671],[-77.05191,38.9767],[-77.05192,38.97668],[-77.05194,38.97667],[-77.05195,38.97666],[-77.05197,38.97666],[-77.05199,38.97665],[-77.05201,38.97664],[-77.05202,38.97663],[-77.05204,38.97661],[-77.05206,38.9766],[-77.05209,38.97658],[-77.0521,38.97657],[-77.05211,38.97656],[-77.05214,38.97654],[-77.05215,38.97652],[-77.05217,38.97651],[-77.05218,38.97649],[-77.05219,38.97648],[-77.0522,38.97646],[-77.05221,38.97643],[-77.05221,38.97641],[-77.05222,38.9764],[-77.05222,38.97637],[-77.05223,38.97634],[-77.05224,38.97632],[-77.05224,38.9763],[-77.05225,38.97628],[-77.05225,38.97626],[-77.05226,38.97624],[-77.05227,38.97621],[-77.05227,38.97619],[-77.05228,38.97617],[-77.05229,38.97614],[-77.0523,38.97612],[-77.0523,38.97609],[-77.0523,38.97605],[-77.0523,38.97603],[-77.0523,38.97601],[-77.0523,38.97599],[-77.0523,38.97596],[-77.0523,38.97594],[-77.05231,38.97592],[-77.0523,38.97591],[-77.05231,38.97589],[-77.05231,38.9758],[-77.05232,38.97574],[-77.05232,38.9757],[-77.05232,38.97568],[-77.05232,38.97564],[-77.05232,38.97562],[-77.05232,38.97559],[-77.05232,38.97557],[-77.05232,38.97554],[-77.05232,38.97551],[-77.05232,38.97548],[-77.05232,38.97546],[-77.05233,38.97543],[-77.05234,38.9754],[-77.05236,38.97539],[-77.05237,38.97538],[-77.05239,38.97537],[-77.0524,38.97536],[-77.05244,38.97534],[-77.05245,38.97534],[-77.05247,38.97532],[-77.05248,38.97531],[-77.05249,38.9753],[-77.05251,38.97527],[-77.05251,38.97526],[-77.05252,38.97524],[-77.05251,38.97522],[-77.05251,38.97521],[-77.0525,38.97518],[-77.0525,38.97516],[-77.05249,38.97513],[-77.05249,38.97512],[-77.05249,38.9751],[-77.05247,38.97505],[-77.05248,38.97496],[-77.05249,38.97492],[-77.05251,38.97487],[-77.05255,38.97483],[-77.05256,38.9748],[-77.05257,38.97479],[-77.05256,38.97472],[-77.05254,38.97467],[-77.05253,38.97463],[-77.05253,38.97459],[-77.05255,38.97455],[-77.05255,38.97451],[-77.05257,38.97448],[-77.0526,38.97445],[-77.05262,38.97442],[-77.05264,38.97439],[-77.05267,38.97437],[-77.05266,38.97435],[-77.05266,38.97432],[-77.05264,38.97429],[-77.05262,38.97426],[-77.05259,38.97422],[-77.05257,38.97418],[-77.05256,38.97414],[-77.05255,38.97412],[-77.05255,38.97409],[-77.05256,38.97407],[-77.05258,38.97404],[-77.05261,38.97402],[-77.05263,38.974],[-77.05266,38.97397],[-77.05267,38.97395],[-77.0527,38.97392],[-77.05272,38.97388],[-77.05274,38.97385],[-77.05274,38.97381],[-77.05274,38.97377],[-77.05274,38.97374],[-77.05275,38.9737],[-77.05274,38.97367],[-77.05273,38.97364],[-77.05272,38.97361],[-77.05271,38.97359],[-77.05268,38.97354],[-77.05265,38.9735],[-77.05262,38.97345],[-77.05259,38.97341],[-77.05257,38.97338],[-77.05256,38.97335],[-77.05256,38.97326],[-77.05257,38.973],[-77.05258,38.97291],[-77.0526,38.97289],[-77.05263,38.97285],[-77.05267,38.97282],[-77.0527,38.9728],[-77.05274,38.97277],[-77.05277,38.97274],[-77.0528,38.97271],[-77.05281,38.97269],[-77.05282,38.97269]],[[-77.05283,38.97268],[-77.05285,38.97265],[-77.05288,38.97261],[-77.05291,38.97258],[-77.05294,38.97255],[-77.05297,38.97252],[-77.053,38.97248],[-77.05303,38.97245],[-77.05306,38.97241],[-77.05307,38.97238],[-77.05309,38.97234],[-77.0531,38.9723],[-77.05311,38.97227],[-77.05312,38.97222],[-77.05312,38.97219],[-77.05311,38.97216],[-77.0531,38.97212],[-77.05309,38.97209],[-77.05307,38.97205],[-77.05304,38.97201],[-77.05301,38.97197],[-77.05298,38.97195],[-77.05296,38.9719],[-77.05294,38.97186],[-77.05295,38.97183],[-77.05295,38.97179],[-77.05296,38.97176],[-77.05298,38.97174],[-77.053,38.97172],[-77.05303,38.97169],[-77.05305,38.97166],[-77.05309,38.97163],[-77.05311,38.9716],[-77.05315,38.97156],[-77.05318,38.97153],[-77.05319,38.9715],[-77.05321,38.97147],[-77.0532,38.97143],[-77.05322,38.97137],[-77.05324,38.97132],[-77.05326,38.97127],[-77.05327,38.97124],[-77.0533,38.97119],[-77.05332,38.97114],[-77.05334,38.97112],[-77.05334,38.97109],[-77.05335,38.97105],[-77.05335,38.971],[-77.05334,38.97096],[-77.05334,38.97092],[-77.05333,38.97088],[-77.05332,38.97086],[-77.05335,38.97082],[-77.05338,38.97076],[-77.05341,38.9707],[-77.05344,38.97064],[-77.05345,38.97061],[-77.05343,38.9706],[-77.05343,38.97055]],[[-77.05352,38.96732],[-77.05354,38.96732],[-77.05358,38.9673],[-77.05364,38.96728],[-77.05369,38.96725],[-77.05375,38.96721],[-77.0538,38.96717],[-77.05384,38.96714],[-77.05386,38.96711],[-77.05389,38.96707],[-77.0539,38.96704],[-77.05391,38.967],[-77.05392,38.96696],[-77.05392,38.96691],[-77.05392,38.96686],[-77.05393,38.9668],[-77.05393,38.96677],[-77.05393,38.96672],[-77.05393,38.96669],[-77.05394,38.96662],[-77.05394,38.96658],[-77.05394,38.96654],[-77.05394,38.96649],[-77.05394,38.96646],[-77.05394,38.96645],[-77.05395,38.96644],[-77.05397,38.96641],[-77.054,38.96636],[-77.05403,38.96633],[-77.05406,38.96629],[-77.05409,38.96626],[-77.05412,38.96623],[-77.05414,38.96621],[-77.05415,38.96617],[-77.05417,38.96612],[-77.0542,38.96607],[-77.0542,38.96604],[-77.05422,38.96599],[-77.05424,38.96593],[-77.05424,38.96587],[-77.05424,38.96583],[-77.05425,38.96579],[-77.05424,38.96575],[-77.05424,38.96569],[-77.05424,38.96564],[-77.05424,38.96559],[-77.05422,38.96554],[-77.05421,38.9655],[-77.05419,38.96544],[-77.05417,38.96538],[-77.05416,38.96532],[-77.05414,38.96526],[-77.05412,38.96522],[-77.0541,38.96517],[-77.05409,38.96512],[-77.05405,38.96507],[-77.05402,38.96501],[-77.05399,38.96496],[-77.05382,38.96474]],[[-77.05382,38.96475],[-77.05369,38.9646],[-77.05353,38.96444],[-77.05342,38.96433],[-77.05332,38.96425],[-77.05325,38.96418],[-77.0532,38.96412],[-77.0531,38.96406],[-77.05302,38.96401],[-77.05295,38.96398],[-77.05291,38.96395],[-77.05288,38.96392],[-77.05287,38.96389],[-77.05287,38.96382],[-77.05286,38.96371],[-77.05288,38.96363],[-77.0529,38.96357],[-77.05288,38.96353],[-77.05286,38.96349],[-77.05285,38.96346],[-77.05282,38.96343],[-77.05279,38.96338],[-77.05277,38.96335],[-77.05275,38.96329],[-77.05274,38.96325],[-77.05275,38.96316],[-77.05275,38.96305],[-77.05275,38.96297],[-77.05274,38.96287],[-77.05273,38.96281],[-77.05271,38.96271],[-77.0527,38.96262],[-77.05268,38.96253],[-77.05265,38.96244],[-77.05265,38.9624]]]},"properties":{"name":"Bike Trail #1 - Wise Rd. Along Oregon Ave","src":"nps"}},{"type":"Feature","geometry":{"type":"LineString","coordinates":[[-77.04322,38.97862],[-77.04322,38.97858],[-77.04321,38.97855],[-77.04321,38.97851],[-77.04321,38.97846],[-77.04322,38.97841],[-77.04322,38.97838],[-77.04322,38.97835],[-77.04323,38.97832],[-77.04323,38.97829],[-77.04325,38.97826],[-77.04325,38.97823],[-77.04326,38.9782],[-77.04327,38.97818],[-77.04329,38.97813],[-77.0433,38.97808],[-77.04331,38.97805],[-77.04332,38.97802],[-77.04333,38.97799],[-77.04335,38.97795],[-77.04335,38.97792],[-77.04336,38.97789],[-77.04336,38.97786],[-77.04335,38.97783],[-77.04334,38.97779],[-77.04332,38.97776],[-77.0433,38.97774],[-77.04329,38.97771],[-77.04327,38.97768],[-77.04326,38.97765],[-77.04324,38.97762],[-77.04323,38.9776],[-77.04323,38.97759],[-77.04326,38.97757],[-77.04331,38.97755],[-77.04335,38.97751],[-77.04339,38.97748],[-77.04343,38.97745],[-77.04347,38.97741],[-77.0435,38.97738],[-77.04351,38.97737],[-77.04355,38.97734],[-77.04355,38.97734],[-77.04358,38.97732],[-77.04361,38.9773],[-77.04365,38.97729],[-77.04369,38.97727],[-77.04374,38.97725],[-77.04378,38.97724],[-77.04383,38.97723],[-77.04389,38.97723],[-77.04392,38.97722],[-77.04396,38.97721],[-77.04402,38.97721],[-77.04407,38.97721],[-77.04413,38.9772],[-77.04417,38.97721],[-77.0442,38.97721],[-77.04424,38.97722],[-77.04428,38.97723],[-77.04432,38.97725],[-77.04436,38.97728],[-77.04439,38.97729],[-77.04442,38.9773],[-77.04446,38.97729],[-77.04453,38.97728],[-77.04458,38.97727],[-77.04465,38.97725],[-77.04473,38.97723],[-77.04477,38.97723],[-77.0448,38.97723],[-77.04485,38.97723],[-77.04491,38.97723],[-77.04498,38.97723],[-77.04502,38.97724],[-77.04506,38.97725],[-77.0451,38.97726],[-77.04515,38.97728],[-77.04519,38.97729],[-77.04523,38.97731],[-77.04526,38.97732],[-77.04529,38.97735],[-77.04538,38.97738],[-77.04541,38.97741],[-77.04549,38.97746],[-77.04553,38.97748],[-77.0456,38.97752],[-77.04563,38.97753],[-77.0457,38.97756],[-77.04578,38.97759],[-77.04581,38.97761],[-77.04585,38.97763],[-77.04588,38.97765],[-77.04596,38.9777],[-77.04605,38.97775],[-77.04616,38.9778],[-77.04631,38.97788],[-77.04641,38.97793],[-77.04644,38.97794],[-77.04648,38.97796],[-77.04653,38.97798],[-77.04656,38.97799],[-77.0466,38.978],[-77.04662,38.97801],[-77.04666,38.97801],[-77.04669,38.97802],[-77.04673,38.97803],[-77.04676,38.97803],[-77.04679,38.97803],[-77.04686,38.97802],[-77.04689,38.97802],[-77.04693,38.97802],[-77.04698,38.97801],[-77.04701,38.978],[-77.04707,38.97799],[-77.0471,38.97798],[-77.04712,38.97798],[-77.04716,38.97797],[-77.04719,38.97797],[-77.04723,38.97797],[-77.04727,38.97797],[-77.04731,38.97798],[-77.04736,38.97798],[-77.04741,38.97799],[-77.04747,38.97799],[-77.04754,38.978],[-77.04761,38.978],[-77.04766,38.978],[-77.04773,38.978],[-77.04787,38.97799],[-77.04794,38.97799],[-77.04801,38.97799]]},"properties":{"name":"Cross Trail #2","src":"nps"}},{"type":"Feature","geometry":{"type":"MultiLineString","coordinates":[[[-77.05639,38.97859],[-77.05639,38.97837],[-77.05637,38.97832],[-77.05636,38.97829],[-77.05633,38.97812]],[[-77.05966,38.97781],[-77.05965,38.978],[-77.05963,38.97804],[-77.0596,38.97808],[-77.05957,38.97811],[-77.05953,38.97814],[-77.05949,38.97816],[-77.05946,38.97817],[-77.05943,38.97819],[-77.05941,38.97821],[-77.05939,38.97823],[-77.05938,38.97825],[-77.05936,38.97825]],[[-77.0631,38.97837],[-77.06298,38.9783],[-77.06293,38.97827],[-77.06292,38.97826],[-77.0629,38.97824],[-77.06289,38.97821],[-77.06287,38.97818],[-77.06285,38.97815],[-77.06284,38.97813],[-77.06283,38.97812],[-77.06279,38.97811],[-77.06277,38.97811],[-77.06275,38.97812],[-77.06271,38.97812],[-77.06269,38.97813],[-77.06267,38.97812],[-77.06263,38.9781],[-77.06258,38.9781],[-77.06254,38.9781],[-77.06251,38.9781],[-77.06247,38.97811],[-77.06244,38.97811],[-77.06241,38.97811],[-77.06239,38.97811],[-77.06219,38.97823],[-77.06215,38.97822],[-77.06212,38.97822],[-77.06209,38.9782],[-77.06207,38.97819],[-77.06205,38.97818],[-77.06203,38.97816],[-77.06202,38.97815],[-77.06199,38.97814],[-77.06196,38.97813],[-77.06194,38.97813],[-77.06191,38.97814],[-77.06189,38.97814],[-77.06187,38.97815],[-77.06185,38.97817],[-77.06183,38.97818],[-77.06179,38.97818],[-77.06174,38.97819],[-77.06169,38.97818],[-77.06164,38.97819],[-77.06159,38.97819],[-77.06154,38.97819],[-77.06139,38.97812],[-77.06125,38.97817],[-77.06096,38.97812],[-77.0608,38.97818],[-77.06077,38.97819],[-77.06074,38.9782],[-77.0607,38.9782],[-77.06067,38.9782],[-77.06065,38.9782],[-77.06062,38.97819],[-77.0606,38.97819],[-77.06058,38.97818],[-77.06054,38.97817],[-77.0605,38.97816],[-77.06042,38.97826],[-77.06032,38.97829],[-77.06024,38.97829],[-77.06019,38.9783],[-77.06016,38.97833],[-77.06013,38.97836],[-77.06008,38.97838],[-77.06003,38.97839],[-77.05999,38.9784],[-77.0599,38.97839],[-77.05985,38.97838],[-77.05982,38.97838],[-77.05977,38.97838],[-77.05973,38.97838],[-77.05968,38.97837],[-77.05963,38.97837],[-77.05959,38.97837],[-77.05955,38.97837],[-77.05952,38.97836],[-77.05949,38.97835],[-77.05946,38.97834],[-77.05944,38.97833],[-77.05942,38.97831],[-77.0594,38.97829],[-77.05936,38.97825]],[[-77.05936,38.97825],[-77.0593,38.97832],[-77.05924,38.97837],[-77.05918,38.97841],[-77.05913,38.97843],[-77.05906,38.97846],[-77.059,38.97849],[-77.05897,38.97851],[-77.05891,38.97853],[-77.05885,38.97855],[-77.05879,38.97857],[-77.05875,38.97858],[-77.05852,38.9785],[-77.05835,38.97854],[-77.05814,38.97848],[-77.05804,38.9785],[-77.058,38.9785],[-77.05794,38.97848],[-77.05788,38.97848],[-77.05783,38.97846],[-77.0578,38.97845],[-77.05778,38.97844],[-77.05773,38.97842],[-77.05769,38.9784],[-77.05764,38.97838],[-77.05762,38.97837],[-77.0576,38.97835],[-77.05744,38.97824],[-77.05723,38.97827],[-77.05661,38.97809],[-77.05633,38.97812]],[[-77.05633,38.97812],[-77.05601,38.97802],[-77.05552,38.97804],[-77.05547,38.97804],[-77.05543,38.97803],[-77.05537,38.97802],[-77.05531,38.97801],[-77.05527,38.97799],[-77.05523,38.97798],[-77.05517,38.97796],[-77.05512,38.97793],[-77.05507,38.97791],[-77.05503,38.97789],[-77.05489,38.97784],[-77.05477,38.97784],[-77.05473,38.97778],[-77.05465,38.97776],[-77.05466,38.97774],[-77.05465,38.97772],[-77.05462,38.97765],[-77.05462,38.97763],[-77.0545,38.97748],[-77.05444,38.97717],[-77.05436,38.97706],[-77.05419,38.97705],[-77.05412,38.97705],[-77.05405,38.97706],[-77.05397,38.97706],[-77.05388,38.97707],[-77.05383,38.97708],[-77.05376,38.97708],[-77.05373,38.97708],[-77.05367,38.97709],[-77.05361,38.97709],[-77.05358,38.97708],[-77.05356,38.97708],[-77.05352,38.97706],[-77.0535,38.97705],[-77.05346,38.97703],[-77.05342,38.97695],[-77.05336,38.97689],[-77.05331,38.97685],[-77.05329,38.97683],[-77.05325,38.9768],[-77.05322,38.97678],[-77.05319,38.97674],[-77.05317,38.97673],[-77.05314,38.97671],[-77.0531,38.97668],[-77.05306,38.97667],[-77.05302,38.97666],[-77.05297,38.97665],[-77.05295,38.97636],[-77.05292,38.97631],[-77.0529,38.97627],[-77.05287,38.97623],[-77.05284,38.9762],[-77.05282,38.97617],[-77.05279,38.97615],[-77.05277,38.97612],[-77.05275,38.97609],[-77.05273,38.97607],[-77.05269,38.97605],[-77.05268,38.97603],[-77.05266,38.976],[-77.0526,38.97599],[-77.05251,38.97596],[-77.05246,38.97595],[-77.05243,38.97594],[-77.05242,38.97593],[-77.0524,38.97592],[-77.05236,38.97591],[-77.05234,38.9759],[-77.05231,38.97589],[-77.05225,38.97587],[-77.05222,38.97586],[-77.0522,38.97586],[-77.05216,38.97585],[-77.05213,38.97584],[-77.05211,38.97584],[-77.05209,38.97584],[-77.05206,38.97584],[-77.05202,38.97582],[-77.05198,38.97581],[-77.05195,38.9758],[-77.05191,38.97579],[-77.05188,38.97578],[-77.05186,38.97578],[-77.05179,38.97575],[-77.05176,38.97574],[-77.05172,38.97572],[-77.05168,38.97571],[-77.05165,38.97569],[-77.05162,38.97568],[-77.0516,38.97567],[-77.05158,38.97566],[-77.05155,38.97564],[-77.05151,38.97562],[-77.05149,38.97561],[-77.05148,38.9756],[-77.05145,38.97558],[-77.05143,38.97557],[-77.05141,38.97555],[-77.0514,38.97553],[-77.05139,38.97551],[-77.05136,38.97549],[-77.05134,38.97546],[-77.05131,38.97544],[-77.05129,38.97543],[-77.05128,38.97541],[-77.05126,38.97539],[-77.05123,38.97538],[-77.05121,38.97536],[-77.05118,38.97534],[-77.05116,38.97532],[-77.05113,38.97531],[-77.05111,38.9753],[-77.05107,38.97528],[-77.05106,38.97528],[-77.05103,38.97527],[-77.05101,38.97525],[-77.05099,38.97525],[-77.05097,38.97524],[-77.05094,38.97523],[-77.05091,38.97522],[-77.05089,38.97521],[-77.05086,38.97519],[-77.05085,38.97518],[-77.05081,38.97516],[-77.05078,38.97514],[-77.05076,38.97512],[-77.05074,38.97511],[-77.05073,38.97509],[-77.05072,38.97508],[-77.0507,38.97506],[-77.05068,38.97505],[-77.05067,38.97503],[-77.05066,38.97503],[-77.05065,38.97503],[-77.05062,38.975],[-77.05055,38.97495],[-77.05051,38.97491],[-77.05049,38.97488],[-77.05046,38.97486],[-77.05042,38.97483],[-77.05039,38.97481],[-77.05035,38.97478],[-77.05032,38.97477],[-77.05027,38.97475],[-77.05023,38.97474],[-77.05019,38.97474],[-77.05016,38.97474],[-77.05014,38.97474],[-77.05009,38.97475],[-77.05006,38.97477],[-77.05003,38.97478],[-77.04998,38.9748],[-77.04994,38.97482],[-77.04988,38.97484],[-77.04984,38.97485],[-77.04981,38.97485],[-77.04974,38.97486],[-77.04968,38.97486],[-77.04965,38.97486],[-77.04964,38.97486],[-77.0496,38.97486],[-77.04955,38.97485],[-77.04951,38.97485],[-77.04948,38.97483],[-77.04944,38.97482],[-77.04941,38.97481],[-77.04939,38.97481],[-77.04935,38.97479],[-77.04932,38.97477],[-77.04928,38.97476],[-77.04925,38.97474],[-77.04923,38.97473],[-77.0492,38.97472],[-77.04918,38.97471],[-77.04918,38.97471],[-77.04914,38.97468],[-77.04908,38.97466],[-77.04902,38.97464],[-77.04895,38.9746],[-77.04889,38.97459],[-77.04885,38.97455],[-77.0488,38.97453],[-77.04876,38.9745],[-77.04872,38.97448],[-77.04868,38.97445],[-77.04864,38.97442],[-77.04861,38.97439],[-77.0486,38.97437],[-77.04859,38.97434],[-77.04857,38.97431],[-77.04857,38.97429],[-77.04855,38.97428],[-77.04852,38.97426],[-77.0485,38.97424],[-77.04848,38.97422],[-77.04846,38.9742],[-77.04843,38.97417],[-77.04841,38.97413],[-77.0484,38.97411],[-77.04838,38.97407],[-77.04837,38.97403],[-77.04835,38.974],[-77.04834,38.97396],[-77.04833,38.97392],[-77.04832,38.97389],[-77.04831,38.97385],[-77.0483,38.97383],[-77.04829,38.9738],[-77.04828,38.97377],[-77.04828,38.97375],[-77.04827,38.97373],[-77.04826,38.97371],[-77.04824,38.97369],[-77.04823,38.97367],[-77.04821,38.97365],[-77.04819,38.97363],[-77.04817,38.97361],[-77.04813,38.97359],[-77.04809,38.97356],[-77.04805,38.97354],[-77.04801,38.97353],[-77.04795,38.97351],[-77.0479,38.9735],[-77.04787,38.9735],[-77.04782,38.97348],[-77.04777,38.97347],[-77.04772,38.97346],[-77.04768,38.97345],[-77.04762,38.97343],[-77.04758,38.97342],[-77.0475,38.9734],[-77.04746,38.97339],[-77.04743,38.97338],[-77.04737,38.97336],[-77.04729,38.97335],[-77.04724,38.97334],[-77.04717,38.97332],[-77.0471,38.97331],[-77.04703,38.97329],[-77.04699,38.97328],[-77.04693,38.97327],[-77.0469,38.97326],[-77.04686,38.97325],[-77.04683,38.97324],[-77.04681,38.97323],[-77.04677,38.97322],[-77.04673,38.9732],[-77.0467,38.97319],[-77.04665,38.97316],[-77.04661,38.97314],[-77.04659,38.97312],[-77.04656,38.97311],[-77.04652,38.97309],[-77.04647,38.97307],[-77.04643,38.97305],[-77.04638,38.97303],[-77.04634,38.97301],[-77.04629,38.973],[-77.04622,38.97298],[-77.04617,38.97297],[-77.04612,38.97296],[-77.04607,38.97295],[-77.04601,38.97294],[-77.04596,38.97293],[-77.0459,38.97294],[-77.04585,38.97294],[-77.04581,38.97295],[-77.04576,38.97297],[-77.04571,38.97299],[-77.04564,38.97301],[-77.04559,38.97302],[-77.04555,38.97303],[-77.0455,38.97305],[-77.04545,38.97307],[-77.04544,38.97307],[-77.04537,38.97301],[-77.04531,38.97301],[-77.04526,38.973],[-77.0452,38.97299],[-77.04511,38.97298],[-77.04503,38.97297],[-77.04497,38.97295],[-77.04491,38.97294],[-77.04487,38.97292],[-77.0448,38.97289],[-77.04474,38.97287],[-77.04468,38.97284],[-77.04465,38.97282],[-77.04458,38.97279],[-77.04456,38.97278],[-77.04451,38.97274],[-77.04447,38.97272],[-77.04443,38.9727],[-77.04439,38.97267],[-77.04436,38.97264],[-77.04433,38.9726],[-77.0443,38.97256],[-77.04427,38.97252],[-77.04425,38.97248],[-77.04423,38.97243],[-77.04422,38.9724],[-77.04421,38.97237],[-77.04418,38.97235],[-77.04416,38.97232],[-77.04414,38.97228],[-77.04411,38.97222],[-77.04408,38.97219],[-77.04406,38.97215],[-77.04404,38.97211],[-77.04402,38.97208],[-77.04401,38.97205]]]},"properties":{"name":"Pinehurst Trail","src":"nps"}},{"type":"Feature","geometry":{"type":"LineString","coordinates":[[-77.05251,38.97705],[-77.05249,38.97704],[-77.05247,38.97704],[-77.05245,38.97703],[-77.05243,38.97702],[-77.0524,38.97702],[-77.05238,38.97701],[-77.05235,38.977],[-77.05233,38.97699],[-77.0523,38.97699],[-77.05228,38.97698],[-77.05225,38.97697],[-77.05223,38.97696],[-77.05221,38.97695],[-77.05219,38.97694],[-77.05217,38.97693],[-77.05214,38.97691],[-77.05211,38.9769],[-77.0521,38.97688],[-77.05208,38.97686],[-77.05206,38.97683],[-77.05205,38.97681],[-77.05204,38.9768],[-77.05203,38.97678],[-77.05201,38.97676],[-77.052,38.97674],[-77.05199,38.97673],[-77.05198,38.97671],[-77.05197,38.9767],[-77.05195,38.97668],[-77.05195,38.97666]]},"properties":{"name":"Foot Trail","src":"nps"}},{"type":"Feature","geometry":{"type":"MultiLineString","coordinates":[[[-77.04648,38.97648],[-77.04647,38.97645],[-77.04646,38.97641],[-77.04645,38.97638],[-77.04643,38.97635],[-77.04641,38.97632],[-77.04639,38.97628],[-77.04637,38.97626],[-77.04634,38.97621],[-77.04631,38.97618],[-77.0463,38.97615],[-77.04629,38.97613],[-77.04626,38.97611],[-77.04623,38.97607],[-77.0462,38.97605],[-77.04618,38.97602],[-77.04615,38.97599],[-77.04611,38.97597],[-77.04608,38.97594],[-77.04605,38.97592],[-77.04602,38.97589],[-77.04599,38.97585],[-77.04598,38.97583],[-77.04595,38.97581],[-77.04593,38.97578],[-77.04591,38.97576],[-77.0459,38.97573],[-77.04582,38.97567],[-77.04576,38.97562],[-77.04567,38.97556],[-77.04558,38.9755],[-77.04549,38.97545],[-77.04542,38.9754],[-77.04533,38.97534],[-77.04522,38.97529],[-77.04515,38.97523],[-77.04506,38.97517],[-77.04496,38.97511],[-77.04488,38.97505],[-77.04481,38.975],[-77.0447,38.97493],[-77.04464,38.97488],[-77.0446,38.97485],[-77.0446,38.97485],[-77.0445,38.97482],[-77.04442,38.9748],[-77.04433,38.97478],[-77.04428,38.97477],[-77.04419,38.97475],[-77.04409,38.97473],[-77.04398,38.97471],[-77.04386,38.97468],[-77.04377,38.97464],[-77.04365,38.9746],[-77.04355,38.97455],[-77.04346,38.9745],[-77.04339,38.97445],[-77.0433,38.9744],[-77.04325,38.97436],[-77.04322,38.97435]],[[-77.04375,38.97222],[-77.04373,38.97223],[-77.04372,38.97227],[-77.04369,38.97234],[-77.04368,38.97239],[-77.04366,38.97243],[-77.04365,38.97248],[-77.04364,38.97253],[-77.04364,38.97254],[-77.04363,38.97258],[-77.04363,38.97263],[-77.04363,38.97268],[-77.04362,38.97276],[-77.04363,38.97282],[-77.04363,38.97289],[-77.04363,38.97296],[-77.04364,38.97301],[-77.04368,38.97305],[-77.04372,38.9731],[-77.04375,38.97314],[-77.04379,38.9732],[-77.04383,38.97325],[-77.04384,38.97329],[-77.04384,38.97332],[-77.04384,38.97337],[-77.04383,38.97342],[-77.04381,38.97346],[-77.04378,38.97352],[-77.04375,38.97357],[-77.04371,38.97362],[-77.04368,38.97368],[-77.04362,38.97375],[-77.04356,38.97382],[-77.04351,38.97388],[-77.04347,38.97393],[-77.04341,38.974],[-77.04341,38.97407],[-77.04338,38.97409],[-77.04335,38.97414],[-77.04331,38.97417],[-77.04328,38.97421],[-77.04325,38.97423],[-77.04324,38.97424],[-77.04323,38.97427],[-77.04324,38.9743],[-77.04323,38.97432],[-77.04322,38.97435]],[[-77.04322,38.97435],[-77.04319,38.97433],[-77.04315,38.97431],[-77.04306,38.97429],[-77.04301,38.97427],[-77.04293,38.97428],[-77.04286,38.9743],[-77.04279,38.97432],[-77.04273,38.97436],[-77.04272,38.97437],[-77.04267,38.97441],[-77.04264,38.97444],[-77.04262,38.97448],[-77.04257,38.97453],[-77.04252,38.97458],[-77.04248,38.97462],[-77.04245,38.97467],[-77.0424,38.97472],[-77.04236,38.97477],[-77.0423,38.9748],[-77.04229,38.97481],[-77.04227,38.97483],[-77.04219,38.97486],[-77.04211,38.97487],[-77.04203,38.97488],[-77.04195,38.97489],[-77.04186,38.97489],[-77.04182,38.97489],[-77.04181,38.97489],[-77.04172,38.9749],[-77.04163,38.9749],[-77.04153,38.9749],[-77.04142,38.97489],[-77.04136,38.97488],[-77.04124,38.97486],[-77.04113,38.97481],[-77.04101,38.97475],[-77.04089,38.97468],[-77.04071,38.97458],[-77.04066,38.97456],[-77.04062,38.97455],[-77.04058,38.97455],[-77.04053,38.97454],[-77.04049,38.97453],[-77.04046,38.97453]]]},"properties":{"name":"Foot Trail","src":"nps"}},{"type":"Feature","geometry":{"type":"LineString","coordinates":[[-77.04964,38.97486],[-77.04966,38.97481],[-77.04968,38.97475],[-77.04969,38.97471]]},"properties":{"name":"Foot Trail","src":"nps"}},{"type":"Feature","geometry":{"type":"LineString","coordinates":[[-77.05316,38.9728],[-77.05306,38.97277],[-77.05298,38.97274],[-77.05291,38.97272],[-77.05284,38.9727],[-77.05282,38.97269]]},"properties":{"name":"Foot Trail","src":"nps"}},{"type":"Feature","geometry":{"type":"LineString","coordinates":[[-77.05282,38.97269],[-77.05277,38.97268],[-77.05273,38.97267],[-77.05269,38.97265],[-77.05265,38.97264],[-77.05261,38.97263],[-77.05255,38.97261],[-77.0525,38.9726],[-77.05246,38.97258],[-77.05239,38.97257],[-77.05227,38.97255],[-77.05223,38.97254],[-77.05217,38.97253],[-77.05208,38.97253],[-77.05203,38.97253],[-77.05196,38.97253],[-77.0519,38.97252],[-77.05184,38.97252],[-77.05177,38.97251],[-77.05172,38.97249],[-77.05168,38.97248],[-77.05164,38.97245],[-77.05161,38.97242],[-77.05157,38.97239],[-77.05155,38.97236],[-77.05153,38.97233],[-77.0515,38.97229],[-77.05149,38.97226],[-77.05146,38.97222],[-77.05144,38.97217],[-77.05144,38.97214]]},"properties":{"name":"Foot Trail","src":"nps"}},{"type":"Feature","geometry":{"type":"LineString","coordinates":[[-77.05099,38.97234],[-77.05099,38.97235],[-77.05094,38.97235],[-77.05088,38.97237],[-77.05079,38.97238],[-77.05074,38.97239],[-77.05065,38.9724],[-77.05056,38.97241],[-77.05049,38.97242],[-77.05043,38.97243],[-77.05035,38.97244],[-77.05026,38.97244],[-77.05022,38.97244],[-77.05018,38.97244],[-77.05012,38.97243],[-77.05008,38.97241],[-77.05004,38.97239],[-77.05,38.97236],[-77.04996,38.97235],[-77.04992,38.97234],[-77.04987,38.97232],[-77.04982,38.97231],[-77.04977,38.9723],[-77.04972,38.97229],[-77.04965,38.97229],[-77.04958,38.97229],[-77.0495,38.97229],[-77.04942,38.9723],[-77.04932,38.97231],[-77.04926,38.97233],[-77.04922,38.97234],[-77.04916,38.97235],[-77.04908,38.97236],[-77.04903,38.97236],[-77.04896,38.97237],[-77.04888,38.97237],[-77.04881,38.97236],[-77.04877,38.97235],[-77.04874,38.97234],[-77.0487,38.97233],[-77.04867,38.97232],[-77.04861,38.9723],[-77.04856,38.9723],[-77.0485,38.9723],[-77.04842,38.97228],[-77.04838,38.97227],[-77.04834,38.97226],[-77.0483,38.97224],[-77.04827,38.97223],[-77.04824,38.97221],[-77.04821,38.9722],[-77.04817,38.97219],[-77.04813,38.97217],[-77.04806,38.97217],[-77.04802,38.97217],[-77.04797,38.97216],[-77.04793,38.97217],[-77.04789,38.97218],[-77.04783,38.9722],[-77.04781,38.9722],[-77.04777,38.9722],[-77.04772,38.97219],[-77.04769,38.97218],[-77.04765,38.97217],[-77.04758,38.97216],[-77.04753,38.97214],[-77.04748,38.97212],[-77.04745,38.97211],[-77.04742,38.9721],[-77.0474,38.97208],[-77.04737,38.97207],[-77.04732,38.97205],[-77.04728,38.97204],[-77.04725,38.97203],[-77.04719,38.97201],[-77.04714,38.972],[-77.04707,38.97198],[-77.04704,38.97198],[-77.047,38.97198],[-77.04693,38.97197],[-77.0469,38.97197],[-77.04687,38.97198],[-77.04686,38.97198],[-77.04679,38.972],[-77.04673,38.972],[-77.04666,38.97201],[-77.0466,38.97201],[-77.04654,38.97202],[-77.0465,38.97201],[-77.04647,38.972],[-77.04643,38.972],[-77.04638,38.972],[-77.04633,38.972],[-77.04629,38.97201],[-77.04626,38.97202],[-77.04624,38.97203],[-77.04622,38.97204],[-77.04617,38.97207],[-77.04613,38.97209],[-77.0461,38.97211],[-77.04606,38.97213],[-77.04602,38.97214],[-77.04599,38.97216],[-77.04595,38.97218],[-77.0459,38.97219],[-77.04585,38.97221],[-77.04577,38.97223],[-77.04568,38.97225],[-77.04562,38.97226],[-77.04556,38.97227],[-77.04547,38.97228],[-77.04541,38.97229],[-77.04535,38.97229],[-77.04526,38.97229],[-77.0452,38.97229],[-77.04513,38.97229],[-77.04506,38.97229],[-77.045,38.97229],[-77.04494,38.97229],[-77.04488,38.97229],[-77.04484,38.97229],[-77.04478,38.97231],[-77.04476,38.97231],[-77.04472,38.97231],[-77.04466,38.9723],[-77.04461,38.97229],[-77.04456,38.97227],[-77.04452,38.97225],[-77.04447,38.97222],[-77.04441,38.9722],[-77.04437,38.97218],[-77.04433,38.97217],[-77.04429,38.97215],[-77.04426,38.97214],[-77.04421,38.97213],[-77.04417,38.97211],[-77.04409,38.97208],[-77.04406,38.97207],[-77.04403,38.97206],[-77.04401,38.97205]]},"properties":{"name":"Cross Trail #3","src":"nps"}},{"type":"Feature","geometry":{"type":"LineString","coordinates":[[-77.03984,38.97207],[-77.03976,38.97207],[-77.03972,38.97208],[-77.03968,38.97208],[-77.03964,38.97209],[-77.0396,38.97209],[-77.03956,38.9721],[-77.03952,38.97209],[-77.03947,38.97209],[-77.03944,38.97208],[-77.03941,38.97207],[-77.03938,38.97206],[-77.03935,38.97205],[-77.03932,38.97203],[-77.03929,38.97201],[-77.03928,38.972],[-77.03925,38.97198],[-77.03924,38.97196],[-77.03922,38.97194],[-77.0392,38.97191],[-77.03917,38.97189],[-77.03914,38.97187],[-77.0391,38.97185],[-77.03905,38.97183],[-77.039,38.97181],[-77.03895,38.9718],[-77.03889,38.97178],[-77.03882,38.97176],[-77.03878,38.97175],[-77.03873,38.97174],[-77.03863,38.97171],[-77.03856,38.9717],[-77.03851,38.97169],[-77.03845,38.97166],[-77.03839,38.97165],[-77.03836,38.97163],[-77.03831,38.97162],[-77.03826,38.9716],[-77.03821,38.97158],[-77.03817,38.97157],[-77.03811,38.97155],[-77.03806,38.97153],[-77.03803,38.97151],[-77.03798,38.9715],[-77.03794,38.97148],[-77.03789,38.97146],[-77.03783,38.97145],[-77.03779,38.97144],[-77.03773,38.97143],[-77.03768,38.97142],[-77.03763,38.97142],[-77.03757,38.97141],[-77.03748,38.9714],[-77.03742,38.97139],[-77.03736,38.97139],[-77.03731,38.97139],[-77.03726,38.97139],[-77.03721,38.97138],[-77.03716,38.97139],[-77.03712,38.97139],[-77.03707,38.97138],[-77.03705,38.97138],[-77.037,38.97137],[-77.03697,38.97136],[-77.03693,38.97136],[-77.03689,38.97134],[-77.03685,38.97132],[-77.0368,38.97131],[-77.03677,38.9713],[-77.03674,38.97127],[-77.03672,38.97125],[-77.0367,38.97123],[-77.03667,38.9712],[-77.03666,38.97118],[-77.03666,38.97116],[-77.03665,38.97112],[-77.03664,38.97108],[-77.03663,38.97104],[-77.03663,38.97101],[-77.03662,38.97097],[-77.03661,38.97094],[-77.03662,38.97091],[-77.03661,38.97087],[-77.03661,38.97085],[-77.03661,38.97082],[-77.0366,38.9708],[-77.0366,38.97076],[-77.03661,38.97074],[-77.03657,38.97072],[-77.03652,38.97072],[-77.03648,38.97072],[-77.03644,38.97072]]},"properties":{"name":"Whittier Trail","src":"nps"}},{"type":"Feature","geometry":{"type":"LineString","coordinates":[[-77.04687,38.97198],[-77.04688,38.9719],[-77.04689,38.97183],[-77.0469,38.97177],[-77.04692,38.97169],[-77.04693,38.97159],[-77.04694,38.97151],[-77.04695,38.97144],[-77.04696,38.97136],[-77.04698,38.97132],[-77.04698,38.97128],[-77.047,38.97122],[-77.04702,38.97116],[-77.04704,38.97112],[-77.04705,38.97108],[-77.04705,38.97105],[-77.04705,38.971],[-77.04705,38.97096],[-77.04704,38.97092],[-77.04702,38.97091],[-77.04698,38.97087],[-77.04694,38.97084],[-77.0469,38.97081],[-77.04684,38.97079],[-77.04681,38.97075],[-77.04676,38.97071],[-77.04675,38.97068],[-77.04673,38.97064],[-77.04672,38.9706],[-77.0467,38.97057],[-77.04668,38.97053],[-77.04665,38.97049],[-77.04662,38.97046],[-77.04656,38.9704],[-77.04653,38.97037],[-77.04649,38.97034],[-77.04643,38.9703],[-77.04637,38.97027],[-77.04632,38.97021],[-77.04627,38.97017],[-77.04622,38.97014],[-77.04618,38.9701],[-77.04615,38.97007],[-77.04611,38.97002],[-77.04609,38.96998],[-77.04608,38.96992],[-77.04609,38.96988],[-77.04611,38.96982],[-77.04611,38.96978],[-77.04612,38.96973],[-77.04613,38.96965],[-77.04613,38.96961],[-77.04613,38.96956],[-77.04613,38.96952],[-77.04612,38.96948],[-77.04611,38.96945],[-77.04611,38.96941],[-77.0461,38.96935],[-77.04611,38.96934],[-77.04615,38.96931],[-77.04618,38.9693],[-77.04624,38.96927],[-77.04629,38.96924],[-77.04633,38.96921],[-77.04636,38.9692],[-77.0464,38.96919],[-77.04645,38.96919],[-77.0465,38.9692],[-77.04655,38.96921],[-77.04662,38.96923],[-77.04668,38.96924],[-77.04673,38.96926],[-77.04677,38.96928],[-77.0468,38.96929],[-77.04683,38.96931],[-77.04686,38.96932],[-77.04689,38.96932],[-77.04693,38.96932],[-77.04693,38.9693],[-77.04696,38.96926],[-77.04698,38.96921],[-77.04701,38.96914],[-77.04704,38.96907],[-77.04708,38.96903],[-77.04711,38.96901],[-77.04713,38.96899],[-77.04717,38.96896],[-77.04719,38.96894],[-77.04723,38.96892],[-77.04727,38.96892],[-77.04732,38.96892],[-77.04736,38.96892],[-77.04742,38.96892],[-77.04747,38.96892],[-77.04753,38.96892],[-77.04757,38.96892],[-77.0476,38.96891],[-77.04765,38.9689],[-77.04769,38.96888],[-77.04772,38.96886],[-77.04777,38.96885],[-77.04783,38.96884],[-77.04789,38.96884],[-77.04794,38.96885],[-77.04799,38.96887],[-77.04802,38.96889],[-77.04804,38.96892],[-77.04806,38.96895],[-77.04808,38.96899],[-77.04809,38.96902],[-77.04808,38.96906],[-77.04809,38.9691],[-77.04808,38.96914],[-77.04808,38.96917],[-77.04808,38.96921],[-77.04807,38.96925],[-77.04808,38.96927],[-77.04808,38.9693],[-77.04809,38.96931],[-77.04812,38.96933],[-77.04814,38.96934],[-77.04816,38.96934],[-77.04818,38.96934],[-77.04821,38.96933],[-77.04824,38.96933],[-77.04827,38.96932],[-77.0483,38.96931],[-77.04832,38.96929],[-77.04835,38.96926],[-77.04838,38.96923],[-77.04842,38.96918],[-77.04846,38.96915],[-77.04849,38.96912],[-77.04852,38.9691],[-77.04855,38.96908],[-77.04858,38.96906],[-77.04862,38.96904],[-77.04865,38.96902],[-77.04871,38.96899],[-77.04876,38.96897],[-77.0488,38.96896],[-77.04885,38.96894],[-77.04891,38.96893],[-77.04896,38.96893],[-77.04901,38.96893],[-77.04905,38.96893],[-77.04909,38.96894],[-77.04915,38.96895],[-77.04922,38.96899],[-77.04931,38.96902],[-77.04936,38.96904],[-77.04941,38.96906],[-77.04948,38.96908],[-77.04953,38.9691],[-77.04957,38.96911],[-77.0496,38.96912],[-77.04963,38.96912],[-77.04966,38.96912],[-77.04968,38.96911],[-77.04969,38.9691],[-77.04972,38.96908],[-77.04975,38.96905],[-77.04978,38.96902],[-77.04983,38.96899],[-77.04988,38.96895],[-77.04992,38.96893],[-77.04997,38.9689],[-77.05001,38.96889],[-77.05005,38.96887],[-77.05009,38.96886],[-77.05013,38.96884],[-77.05016,38.96882],[-77.0502,38.96878],[-77.05025,38.96874],[-77.0503,38.96869],[-77.05036,38.96863],[-77.05043,38.96855],[-77.05047,38.96851],[-77.05053,38.96844],[-77.05059,38.96835],[-77.05061,38.96831],[-77.05064,38.96828],[-77.05066,38.96826],[-77.05069,38.96824],[-77.05073,38.96822],[-77.05076,38.9682],[-77.05079,38.96818],[-77.05082,38.96816],[-77.05086,38.96815],[-77.05091,38.96812],[-77.05094,38.96809],[-77.05097,38.96805],[-77.05098,38.96802],[-77.05099,38.96799],[-77.051,38.96796],[-77.05101,38.96792],[-77.05102,38.96788],[-77.05102,38.96784],[-77.05104,38.96781],[-77.05105,38.96778],[-77.05106,38.96774],[-77.05107,38.96771],[-77.05108,38.96768],[-77.05111,38.96765],[-77.05115,38.96763],[-77.0512,38.96762],[-77.05125,38.9676],[-77.05129,38.9676],[-77.05135,38.9676],[-77.05142,38.9676],[-77.05149,38.96759],[-77.05154,38.96758],[-77.05159,38.96755],[-77.05165,38.96753],[-77.05169,38.96749],[-77.05173,38.96746],[-77.05176,38.96744],[-77.05178,38.96741],[-77.05182,38.96739],[-77.05187,38.96736],[-77.0519,38.96735],[-77.05194,38.96733],[-77.05197,38.96731],[-77.05201,38.9673],[-77.05207,38.96729],[-77.05213,38.96729],[-77.05221,38.96729],[-77.05224,38.96728],[-77.05232,38.96726],[-77.05236,38.96726],[-77.05241,38.96724],[-77.05246,38.96722],[-77.05251,38.96719],[-77.05256,38.96716],[-77.0526,38.96713],[-77.05264,38.96709],[-77.05268,38.96707],[-77.05273,38.96704],[-77.05279,38.96703],[-77.05284,38.967],[-77.05284,38.967]]},"properties":{"name":"Cross Trail #4","src":"nps"}},{"type":"Feature","geometry":{"type":"MultiLineString","coordinates":[[[-77.05325,38.97075],[-77.05323,38.97073],[-77.05318,38.9707],[-77.0531,38.97066],[-77.05303,38.97062],[-77.05297,38.97058],[-77.05291,38.97056],[-77.05287,38.97055],[-77.05282,38.97054],[-77.05276,38.97052],[-77.05271,38.97051],[-77.05265,38.9705],[-77.05262,38.97049],[-77.05258,38.97047],[-77.05252,38.97044],[-77.05249,38.97041],[-77.05246,38.9704],[-77.05242,38.97039],[-77.05236,38.97039],[-77.05231,38.97038],[-77.05224,38.97037],[-77.05216,38.97036],[-77.0521,38.97036],[-77.05205,38.97035],[-77.05198,38.97035],[-77.0519,38.97034],[-77.05184,38.97034],[-77.05177,38.97034],[-77.05169,38.97033],[-77.0516,38.97033],[-77.05151,38.97033],[-77.05139,38.97033],[-77.0513,38.97033],[-77.05122,38.97034],[-77.05112,38.97035],[-77.05102,38.97037],[-77.05095,38.97038],[-77.05087,38.97039],[-77.05081,38.97039],[-77.05075,38.97039],[-77.0507,38.97039],[-77.05065,38.97039],[-77.05059,38.97038],[-77.05051,38.97037],[-77.05042,38.97035],[-77.05035,38.97033],[-77.05029,38.97032],[-77.0502,38.97031],[-77.05011,38.97029],[-77.05004,38.97029],[-77.04998,38.97029],[-77.0499,38.97028],[-77.04984,38.97025],[-77.04978,38.97024],[-77.04974,38.97023],[-77.04971,38.97022],[-77.04969,38.97021],[-77.04967,38.97021],[-77.04964,38.97021],[-77.04962,38.97022],[-77.04959,38.97024],[-77.04954,38.97024],[-77.04946,38.97023],[-77.0494,38.97023],[-77.04933,38.97022],[-77.04928,38.97021],[-77.04923,38.97022],[-77.04917,38.97022],[-77.04912,38.97022],[-77.04906,38.97022],[-77.04898,38.97021],[-77.04892,38.97021],[-77.04887,38.97021],[-77.0488,38.97021],[-77.04873,38.97021],[-77.04866,38.9702],[-77.04859,38.9702],[-77.04851,38.9702],[-77.04844,38.9702],[-77.04838,38.9702],[-77.04835,38.97021],[-77.04828,38.97021],[-77.04822,38.97022],[-77.04818,38.97021],[-77.04813,38.97022],[-77.04809,38.97023],[-77.04804,38.97024],[-77.04798,38.97025],[-77.04794,38.97026],[-77.04789,38.97027],[-77.04784,38.97028],[-77.04779,38.97028],[-77.04775,38.97028],[-77.0477,38.97028],[-77.04766,38.97027],[-77.04761,38.97026],[-77.04758,38.97023],[-77.04753,38.97021],[-77.04749,38.9702],[-77.04746,38.97017],[-77.04743,38.97015],[-77.0474,38.97012],[-77.04737,38.97009],[-77.04734,38.97007],[-77.04731,38.97005],[-77.04727,38.97002],[-77.04723,38.97],[-77.0472,38.96999],[-77.04714,38.96996],[-77.04709,38.96993],[-77.04702,38.96989],[-77.04695,38.96984],[-77.0469,38.96981],[-77.04684,38.96977],[-77.04679,38.96974],[-77.04672,38.96968],[-77.04667,38.96965],[-77.04663,38.96961],[-77.04655,38.96956],[-77.04648,38.96951],[-77.04643,38.96947],[-77.04639,38.96944],[-77.04635,38.9694],[-77.04631,38.96936],[-77.04628,38.96933],[-77.04624,38.96929],[-77.04624,38.96927],[-77.04619,38.96925],[-77.04617,38.9692],[-77.04619,38.96916],[-77.04622,38.9691],[-77.04626,38.96905],[-77.0463,38.96901],[-77.04634,38.96896],[-77.04637,38.96891],[-77.04642,38.96885],[-77.04644,38.96881],[-77.04647,38.96877],[-77.04652,38.96871],[-77.04657,38.96866],[-77.04662,38.96862],[-77.04667,38.96857],[-77.0467,38.96853],[-77.04675,38.96848],[-77.04679,38.96844],[-77.04684,38.96838],[-77.04686,38.96831],[-77.04691,38.96824],[-77.04698,38.96815],[-77.04703,38.96806],[-77.04709,38.96797],[-77.04714,38.96788],[-77.0472,38.96778],[-77.04725,38.96771],[-77.0473,38.96763],[-77.04733,38.96757],[-77.04738,38.9675],[-77.04741,38.96744],[-77.04743,38.96737],[-77.04746,38.96731],[-77.04748,38.96725],[-77.04751,38.96719],[-77.04755,38.96713],[-77.04758,38.96708],[-77.04761,38.96703],[-77.04763,38.96697],[-77.04766,38.9669],[-77.04769,38.96684],[-77.04771,38.96677],[-77.04774,38.96672],[-77.04775,38.96669],[-77.04776,38.96665],[-77.04778,38.96661],[-77.04781,38.96654],[-77.04784,38.96646],[-77.04785,38.96641],[-77.04786,38.96638],[-77.04788,38.96633],[-77.04791,38.96628],[-77.04793,38.96624],[-77.04794,38.96621],[-77.04796,38.96616],[-77.04795,38.96611],[-77.04796,38.96606],[-77.04795,38.96601],[-77.04795,38.96595],[-77.04795,38.9659],[-77.04794,38.96586],[-77.04794,38.96581],[-77.04793,38.96578],[-77.04791,38.96575],[-77.0479,38.96572],[-77.04788,38.96568],[-77.04785,38.96566],[-77.04782,38.96562],[-77.04778,38.96558],[-77.04774,38.96554],[-77.0477,38.9655],[-77.04766,38.96547],[-77.0476,38.96544],[-77.04757,38.96542],[-77.04754,38.96539],[-77.04749,38.96535],[-77.04746,38.96532],[-77.04742,38.96529],[-77.04739,38.96526],[-77.04737,38.96524],[-77.04734,38.96523],[-77.0473,38.9652],[-77.0473,38.9652]],[[-77.0473,38.9652],[-77.04728,38.96518],[-77.04727,38.96516],[-77.04725,38.96515],[-77.04723,38.96512],[-77.0472,38.9651],[-77.04716,38.96507],[-77.04715,38.96506],[-77.04714,38.96504],[-77.04712,38.96502],[-77.04708,38.96499],[-77.04704,38.96495],[-77.047,38.96491],[-77.04696,38.96488],[-77.04693,38.96485],[-77.04689,38.96483],[-77.04686,38.9648],[-77.04682,38.96476],[-77.04681,38.96475],[-77.04645,38.96441],[-77.04629,38.96424],[-77.04614,38.96409],[-77.04597,38.96393],[-77.04583,38.96379],[-77.04564,38.96368],[-77.04542,38.96346],[-77.04533,38.96337],[-77.04529,38.96331],[-77.04526,38.96327],[-77.04524,38.96322],[-77.04525,38.96318],[-77.04526,38.96315],[-77.04526,38.96311],[-77.04524,38.96305],[-77.04523,38.963],[-77.04521,38.96294],[-77.04518,38.96289],[-77.04503,38.96279],[-77.04488,38.96267],[-77.04477,38.9626],[-77.04464,38.96251],[-77.04452,38.9624],[-77.04439,38.96229],[-77.04423,38.96218],[-77.04408,38.96207],[-77.04393,38.96196],[-77.04378,38.96184],[-77.04365,38.96175],[-77.04346,38.96156],[-77.04323,38.96135],[-77.04319,38.96132],[-77.04305,38.96121],[-77.0429,38.96108],[-77.04274,38.96098],[-77.04261,38.96086],[-77.04251,38.96078],[-77.04248,38.96077],[-77.04244,38.96075],[-77.04238,38.96074],[-77.04234,38.96073],[-77.04231,38.96072],[-77.04227,38.9607],[-77.04224,38.96068],[-77.04221,38.96066],[-77.04219,38.96062],[-77.04219,38.9606],[-77.04216,38.96058],[-77.04214,38.96056],[-77.04214,38.96056]]]},"properties":{"name":"Bike Trail #2 - Bingham Dr Along Beach Drive","src":"nps"}},{"type":"Feature","geometry":{"type":"LineString","coordinates":[[-77.04706,38.9654],[-77.04709,38.96537],[-77.0471,38.96535],[-77.0471,38.96531],[-77.0471,38.96527],[-77.0471,38.96524],[-77.04709,38.96519],[-77.0471,38.96515],[-77.04712,38.96512],[-77.04712,38.9651],[-77.04714,38.96507],[-77.04715,38.96506]]},"properties":{"name":"Foot Trail","src":"nps"}},{"type":"Feature","geometry":{"type":"LineString","coordinates":[[-77.05157,38.96508],[-77.05151,38.9651],[-77.05143,38.96512],[-77.05138,38.96513],[-77.05132,38.96513],[-77.05129,38.96513],[-77.05126,38.96513],[-77.05122,38.96512],[-77.05119,38.96513],[-77.05116,38.96513],[-77.05114,38.96514],[-77.0511,38.96515],[-77.05108,38.96517],[-77.05104,38.96518],[-77.05097,38.96522],[-77.05093,38.96524],[-77.0509,38.96525],[-77.05086,38.96526],[-77.05083,38.96527],[-77.05078,38.96527],[-77.05074,38.96527],[-77.0507,38.96526],[-77.05066,38.96525],[-77.05061,38.96524],[-77.05056,38.96522],[-77.05049,38.96519],[-77.05045,38.96517],[-77.0504,38.96515],[-77.05037,38.96513],[-77.05032,38.9651],[-77.05028,38.96508],[-77.05025,38.96507],[-77.05021,38.96506],[-77.05017,38.96506],[-77.05012,38.96507],[-77.05006,38.96508],[-77.05001,38.96509],[-77.04995,38.9651],[-77.04989,38.96511],[-77.04982,38.96511],[-77.04975,38.96513],[-77.04967,38.96514],[-77.04962,38.96514],[-77.04955,38.96515],[-77.04949,38.96515],[-77.04942,38.96515],[-77.04937,38.96516],[-77.04931,38.96516],[-77.04921,38.96515],[-77.0491,38.96515],[-77.04903,38.96514],[-77.04894,38.96514],[-77.04885,38.96514],[-77.04876,38.96515],[-77.04872,38.96515],[-77.04867,38.96516],[-77.04862,38.96516],[-77.04858,38.96516],[-77.04855,38.96516],[-77.04846,38.96517],[-77.0484,38.96516],[-77.04835,38.96515],[-77.04831,38.96515],[-77.04828,38.96514],[-77.04823,38.96513],[-77.04816,38.96512],[-77.04812,38.96511],[-77.04808,38.96511],[-77.04805,38.9651],[-77.04802,38.96509],[-77.04802,38.96506],[-77.04801,38.96504],[-77.048,38.96501],[-77.048,38.96499],[-77.04798,38.96496],[-77.04796,38.96494],[-77.04794,38.96492],[-77.04791,38.9649],[-77.04786,38.96487],[-77.04782,38.96486],[-77.04779,38.96485],[-77.04773,38.96483],[-77.04769,38.96482],[-77.04764,38.96481],[-77.0476,38.9648],[-77.04759,38.96479]]},"properties":{"name":"Cross Trail #5","src":"nps"}},{"type":"Feature","geometry":{"type":"LineString","coordinates":[[-77.05182,38.9626],[-77.05177,38.9626],[-77.05169,38.96261],[-77.05163,38.96262],[-77.05154,38.96263],[-77.05147,38.96264],[-77.0514,38.96266],[-77.05133,38.96267],[-77.05126,38.96269],[-77.05119,38.96271],[-77.05112,38.96273],[-77.05105,38.96274],[-77.05099,38.96275],[-77.05094,38.96276],[-77.05091,38.96278],[-77.05086,38.96279],[-77.05082,38.96281],[-77.05076,38.96283],[-77.05071,38.96286],[-77.05067,38.96288],[-77.05062,38.96291],[-77.05058,38.96294],[-77.05053,38.96297],[-77.0505,38.96299],[-77.05049,38.96302],[-77.05045,38.96305],[-77.05043,38.96308],[-77.05039,38.96311],[-77.05035,38.96314],[-77.05031,38.96317],[-77.05029,38.96318],[-77.05025,38.96319],[-77.05022,38.96319],[-77.05017,38.96319],[-77.05013,38.96319],[-77.0501,38.96319],[-77.05004,38.96318],[-77.04999,38.96317],[-77.04992,38.96314],[-77.04986,38.96312],[-77.04981,38.96308],[-77.04975,38.96305],[-77.04971,38.96302],[-77.04966,38.96297],[-77.04962,38.96294],[-77.04958,38.9629],[-77.04955,38.96287],[-77.0495,38.96283],[-77.04941,38.96276],[-77.04934,38.96269],[-77.04927,38.96265],[-77.04918,38.96262],[-77.04914,38.96259],[-77.0491,38.96257],[-77.04905,38.96255],[-77.049,38.96252],[-77.04895,38.96249],[-77.04891,38.96247],[-77.04886,38.96244],[-77.04882,38.96242],[-77.04877,38.96239],[-77.04872,38.96237],[-77.04868,38.96235],[-77.04863,38.96232],[-77.04858,38.96229],[-77.04852,38.96226],[-77.04848,38.96223],[-77.04844,38.96221],[-77.04839,38.96218],[-77.04837,38.96216],[-77.04828,38.96211],[-77.04815,38.96204],[-77.04807,38.96199],[-77.04799,38.96195],[-77.04791,38.9619],[-77.04782,38.96185],[-77.04774,38.96181],[-77.04768,38.96177],[-77.04763,38.96174],[-77.04754,38.9617],[-77.0475,38.96167],[-77.04743,38.96164],[-77.04736,38.96162],[-77.04732,38.96161],[-77.04728,38.96161],[-77.04724,38.96162],[-77.04721,38.96163],[-77.04718,38.96164],[-77.04716,38.96164],[-77.04714,38.96162],[-77.04713,38.9616],[-77.04711,38.96158],[-77.0471,38.96156],[-77.04708,38.96154],[-77.04706,38.96151],[-77.04705,38.9615],[-77.04703,38.96147],[-77.047,38.96145],[-77.04698,38.96143],[-77.04695,38.96142],[-77.04693,38.9614],[-77.04689,38.96138],[-77.04685,38.96135],[-77.04679,38.96133],[-77.04673,38.96131],[-77.04666,38.96129],[-77.04658,38.96126],[-77.04653,38.96124],[-77.04647,38.96122],[-77.04641,38.9612],[-77.04638,38.96119],[-77.04634,38.96117],[-77.04629,38.96115],[-77.04624,38.96112],[-77.0462,38.9611],[-77.04615,38.96108],[-77.04611,38.96105],[-77.04609,38.96104],[-77.04606,38.96102],[-77.04604,38.96099],[-77.04602,38.96097],[-77.046,38.96096],[-77.04597,38.96095],[-77.04593,38.96094],[-77.04589,38.96093],[-77.04585,38.96092],[-77.04582,38.96092],[-77.04578,38.96091],[-77.04574,38.96092],[-77.04571,38.96092],[-77.04568,38.96092],[-77.04564,38.96092],[-77.0456,38.96092],[-77.04554,38.96093],[-77.04549,38.96094],[-77.04544,38.96095],[-77.04539,38.96096],[-77.04534,38.96097],[-77.04528,38.96099],[-77.04524,38.96103],[-77.04521,38.96106],[-77.04519,38.96112],[-77.04519,38.96116],[-77.04518,38.9612],[-77.04519,38.96124],[-77.0452,38.96127],[-77.04521,38.9613],[-77.04522,38.96132],[-77.04522,38.96137],[-77.0452,38.96142],[-77.04519,38.96145],[-77.04516,38.96148],[-77.04511,38.96152],[-77.04502,38.96159],[-77.04495,38.96165],[-77.04489,38.9617],[-77.04482,38.96174],[-77.04479,38.96175]]},"properties":{"name":"Fort Derussy Trail","src":"nps"}},{"type":"Feature","geometry":{"type":"MultiLineString","coordinates":[[[-77.05224,38.9625],[-77.05137,38.96221],[-77.05132,38.9622],[-77.05128,38.96219],[-77.05122,38.96219],[-77.05115,38.9622],[-77.05104,38.9622],[-77.05093,38.96219],[-77.05081,38.96219],[-77.05069,38.96218],[-77.0506,38.96216],[-77.05049,38.96214],[-77.05037,38.9621],[-77.05026,38.96205],[-77.05016,38.962],[-77.05006,38.96196],[-77.04979,38.96185],[-77.04961,38.96178],[-77.04947,38.96173],[-77.04936,38.9617],[-77.04924,38.96165],[-77.04916,38.96161],[-77.04904,38.96156],[-77.04892,38.96153],[-77.04883,38.9615],[-77.04872,38.96145],[-77.04865,38.96141],[-77.04862,38.96136],[-77.04856,38.96132],[-77.04851,38.96128],[-77.04846,38.96124],[-77.04839,38.96122],[-77.04828,38.96117],[-77.04817,38.96111],[-77.04805,38.96104],[-77.04787,38.96094],[-77.04773,38.96088],[-77.04766,38.96085],[-77.0476,38.96082],[-77.04748,38.96078],[-77.04736,38.96077],[-77.04713,38.96075],[-77.04692,38.96075],[-77.04671,38.96072],[-77.04654,38.96071],[-77.04633,38.96072],[-77.04617,38.9607],[-77.04608,38.96068],[-77.046,38.96067],[-77.04594,38.96067],[-77.04584,38.96068],[-77.04574,38.96069],[-77.04565,38.96072],[-77.04556,38.96076],[-77.04544,38.9608],[-77.04537,38.96081],[-77.04529,38.96082],[-77.04526,38.96083],[-77.04522,38.96085],[-77.04517,38.96087],[-77.04514,38.9609],[-77.04508,38.96099],[-77.04503,38.96109],[-77.04496,38.96119],[-77.0449,38.96126],[-77.04483,38.96135],[-77.04478,38.96141],[-77.0447,38.96149],[-77.04462,38.96155],[-77.04454,38.9616],[-77.04447,38.96165],[-77.04437,38.96169],[-77.04435,38.9617]],[[-77.04214,38.96056],[-77.04213,38.96054],[-77.04213,38.96053],[-77.04213,38.9605],[-77.04217,38.96047],[-77.04219,38.96045],[-77.04223,38.96043],[-77.04225,38.96041],[-77.04228,38.96039],[-77.04232,38.96036],[-77.04237,38.96034],[-77.04242,38.96033],[-77.04247,38.96032],[-77.04251,38.96031],[-77.04255,38.96032],[-77.04259,38.96033],[-77.04261,38.96035],[-77.04263,38.96036],[-77.04266,38.96039],[-77.04267,38.96041],[-77.04269,38.96045],[-77.0427,38.96048],[-77.04272,38.96052],[-77.04273,38.96054],[-77.04275,38.96057],[-77.04278,38.96059],[-77.04282,38.96062],[-77.04286,38.96063],[-77.04294,38.96066],[-77.04299,38.96068],[-77.04303,38.9607],[-77.04307,38.96073],[-77.04311,38.96077],[-77.04314,38.9608],[-77.04317,38.96084],[-77.04318,38.96087],[-77.04323,38.96091],[-77.04328,38.96096],[-77.04333,38.96101],[-77.04339,38.96108],[-77.04343,38.96114],[-77.04347,38.96118],[-77.0435,38.96123],[-77.04353,38.96128],[-77.04358,38.96132],[-77.04361,38.96137],[-77.04365,38.96142],[-77.04368,38.96146],[-77.04373,38.9615],[-77.04376,38.96153],[-77.04378,38.96156],[-77.04382,38.96158],[-77.04388,38.9616],[-77.04391,38.96162],[-77.04395,38.96164],[-77.04403,38.96167],[-77.04409,38.9617],[-77.04415,38.96172],[-77.04422,38.96173],[-77.04428,38.96173],[-77.04433,38.96171],[-77.04436,38.96171]]]},"properties":{"name":"Bike Trail #3 - Military Rd From Oregon Ave","src":"nps"}},{"type":"Feature","geometry":{"type":"LineString","coordinates":[[-77.05177,38.9607],[-77.05174,38.96073],[-77.05172,38.96077],[-77.05169,38.96079],[-77.05165,38.96082],[-77.05162,38.96086],[-77.0516,38.96089],[-77.05158,38.96093],[-77.05155,38.96096],[-77.05151,38.961],[-77.05151,38.96103],[-77.05149,38.96107],[-77.05148,38.96112],[-77.05148,38.96116],[-77.05151,38.96119],[-77.05155,38.96119],[-77.05161,38.96118],[-77.05165,38.96121],[-77.0517,38.96121],[-77.05175,38.96122],[-77.05179,38.96121],[-77.05184,38.96119],[-77.05187,38.96117],[-77.05193,38.96114],[-77.05197,38.96113],[-77.05201,38.96113],[-77.05205,38.96112],[-77.05214,38.9611],[-77.05217,38.96109],[-77.0522,38.96107],[-77.05223,38.96107],[-77.05227,38.96107],[-77.05231,38.96107],[-77.05234,38.96105],[-77.05234,38.96102],[-77.05233,38.96099],[-77.05232,38.96096],[-77.05232,38.96092],[-77.05235,38.96089],[-77.05238,38.96086],[-77.05243,38.96085],[-77.05247,38.9608],[-77.05249,38.96077],[-77.05254,38.96076]]},"properties":{"name":"Foot Trail","src":"nps"}},{"type":"Feature","geometry":{"type":"LineString","coordinates":[[-77.05129,38.9604],[-77.05128,38.96041],[-77.05125,38.96046],[-77.05129,38.96053],[-77.05127,38.96055],[-77.05128,38.96061],[-77.05127,38.96067],[-77.05128,38.96073],[-77.05127,38.96079],[-77.05128,38.96084],[-77.05123,38.96086],[-77.0512,38.96087],[-77.05111,38.96088],[-77.05105,38.96088],[-77.05099,38.96087],[-77.05093,38.96086],[-77.05087,38.96087],[-77.0508,38.96089],[-77.05076,38.96089],[-77.05071,38.96088],[-77.05065,38.96089],[-77.0506,38.9609],[-77.05057,38.96089],[-77.0505,38.9609],[-77.05045,38.96093],[-77.0504,38.96094],[-77.05034,38.96095],[-77.05029,38.96094],[-77.05028,38.96094],[-77.05026,38.9609],[-77.05025,38.96087],[-77.05024,38.9608],[-77.05027,38.96073],[-77.05027,38.96069],[-77.0502,38.96064],[-77.05019,38.96063],[-77.05018,38.96058],[-77.0502,38.96056],[-77.05022,38.96052],[-77.05025,38.96046],[-77.05028,38.96041],[-77.0503,38.96038],[-77.05033,38.96032],[-77.05033,38.96028],[-77.05033,38.96024],[-77.05035,38.96018],[-77.05035,38.96018],[-77.05035,38.96012],[-77.05034,38.96007],[-77.05033,38.96003],[-77.05031,38.96001]]},"properties":{"name":"Foot Trail","src":"nps"}},{"type":"Feature","geometry":{"type":"LineString","coordinates":[[-77.05177,38.9607],[-77.05167,38.9607],[-77.0516,38.96068],[-77.05155,38.96064],[-77.05154,38.96059],[-77.05155,38.96053],[-77.05158,38.96046],[-77.05161,38.9604],[-77.05165,38.96034],[-77.05167,38.96028],[-77.05171,38.96023],[-77.05177,38.96021],[-77.05181,38.96015],[-77.05184,38.96009],[-77.05185,38.96003],[-77.05187,38.95997],[-77.05185,38.95991],[-77.05191,38.95987],[-77.05197,38.95985],[-77.05204,38.95984]]},"properties":{"name":"Foot Trail","src":"nps"}},{"type":"Feature","geometry":{"type":"LineString","coordinates":[[-77.05208,38.95984],[-77.0521,38.95986],[-77.05215,38.95992],[-77.05219,38.95997],[-77.05218,38.96003],[-77.05215,38.96009],[-77.05214,38.96014],[-77.05212,38.96022],[-77.05212,38.96028],[-77.05211,38.96036],[-77.05208,38.96041],[-77.05203,38.96045],[-77.05199,38.96051],[-77.05193,38.96055],[-77.05188,38.9606],[-77.05182,38.96065],[-77.05177,38.9607]]},"properties":{"name":"Foot Trail","src":"nps"}},{"type":"Feature","geometry":{"type":"LineString","coordinates":[[-77.05165,38.96022],[-77.05163,38.96022],[-77.05156,38.96024],[-77.05154,38.96025],[-77.05148,38.96028],[-77.05144,38.96031],[-77.05139,38.96034],[-77.05135,38.96038],[-77.05129,38.9604],[-77.05129,38.9604]]},"properties":{"name":"Foot Trail","src":"nps"}},{"type":"Feature","geometry":{"type":"LineString","coordinates":[[-77.05129,38.9604],[-77.05129,38.9604],[-77.05127,38.96034],[-77.05127,38.96028],[-77.05125,38.96021],[-77.05123,38.96019],[-77.0512,38.96015],[-77.05119,38.96009],[-77.05117,38.96001],[-77.05116,38.95998],[-77.05114,38.95988],[-77.05114,38.95987],[-77.05112,38.95979],[-77.05112,38.95974],[-77.0511,38.9597],[-77.05106,38.95966],[-77.051,38.95963],[-77.05095,38.95961],[-77.05094,38.95959],[-77.0509,38.95953],[-77.05087,38.95947],[-77.05087,38.95942],[-77.05087,38.95937],[-77.05083,38.95931],[-77.05079,38.95926],[-77.05076,38.95925],[-77.05068,38.95921],[-77.05064,38.95919],[-77.05061,38.95918],[-77.05056,38.95919],[-77.05053,38.95921],[-77.0505,38.95922],[-77.05049,38.95923],[-77.05048,38.95932],[-77.05046,38.95936],[-77.05044,38.95941],[-77.05042,38.95947],[-77.05044,38.95952],[-77.05044,38.95958],[-77.05044,38.95964],[-77.05043,38.9597],[-77.0504,38.95975],[-77.05037,38.95981],[-77.05035,38.95986],[-77.05033,38.95992],[-77.05031,38.95998],[-77.05031,38.96001]]},"properties":{"name":"Foot Trail","src":"nps"}},{"type":"Feature","geometry":{"type":"LineString","coordinates":[[-77.05208,38.95984],[-77.05204,38.95984]]},"properties":{"name":"Foot Trail","src":"nps"}},{"type":"Feature","geometry":{"type":"LineString","coordinates":[[-77.05231,38.95983],[-77.05217,38.95984],[-77.05211,38.95984],[-77.05208,38.95984]]},"properties":{"name":"Foot Trail","src":"nps"}},{"type":"Feature","geometry":{"type":"LineString","coordinates":[[-77.05231,38.95983],[-77.0523,38.95981],[-77.05227,38.95977],[-77.05225,38.95971],[-77.05221,38.95966],[-77.05219,38.95962],[-77.05217,38.95958]]},"properties":{"name":"Foot Trail","src":"nps"}},{"type":"Feature","geometry":{"type":"LineString","coordinates":[[-77.05038,38.95767],[-77.0503,38.95759],[-77.0502,38.95751],[-77.05014,38.95746],[-77.05007,38.95741],[-77.05002,38.95737],[-77.04998,38.95734],[-77.04994,38.95731],[-77.0499,38.95727],[-77.04985,38.95724],[-77.04979,38.95721],[-77.04974,38.95718],[-77.0497,38.95716],[-77.04964,38.95714],[-77.0496,38.95712],[-77.04957,38.95711],[-77.04956,38.9571],[-77.04951,38.95707],[-77.04944,38.95703],[-77.04939,38.957],[-77.04936,38.95697],[-77.04931,38.95692],[-77.04925,38.95688],[-77.04921,38.95685],[-77.04916,38.95679],[-77.04912,38.95675],[-77.04909,38.95671],[-77.04906,38.95667],[-77.04902,38.95662],[-77.04896,38.95655],[-77.04893,38.95652],[-77.0489,38.95649],[-77.04886,38.95646],[-77.04882,38.95643],[-77.04878,38.95638],[-77.04875,38.95635],[-77.04872,38.95632],[-77.04871,38.9563],[-77.04868,38.95626],[-77.04865,38.95623],[-77.04863,38.9562],[-77.0486,38.95617],[-77.04857,38.95614],[-77.04854,38.9561],[-77.0485,38.95607],[-77.04847,38.95605],[-77.04842,38.95602],[-77.04839,38.95599],[-77.04835,38.95597],[-77.0483,38.95594],[-77.04826,38.95591],[-77.04821,38.95588],[-77.04816,38.95586],[-77.04812,38.95583],[-77.04808,38.9558],[-77.04803,38.95577],[-77.04797,38.95573],[-77.04792,38.95568],[-77.04787,38.95565],[-77.04782,38.9556],[-77.04777,38.95557],[-77.0477,38.95551],[-77.04765,38.95547],[-77.04758,38.95541],[-77.04751,38.95535],[-77.04747,38.9553],[-77.04743,38.95527],[-77.0474,38.95524],[-77.04738,38.9552],[-77.04735,38.95515],[-77.04734,38.9551],[-77.04733,38.95506],[-77.04732,38.95501],[-77.04732,38.95496],[-77.04732,38.95492],[-77.04732,38.95487],[-77.04732,38.95482],[-77.04732,38.95475],[-77.04732,38.95471],[-77.04732,38.95468],[-77.04732,38.95465],[-77.04732,38.95463],[-77.04732,38.9546],[-77.04731,38.95457],[-77.04731,38.95455],[-77.0473,38.95453],[-77.04727,38.95451],[-77.04725,38.9545],[-77.04722,38.95449],[-77.04718,38.95448],[-77.04713,38.95446],[-77.04708,38.95445],[-77.04704,38.95442],[-77.04699,38.9544],[-77.04695,38.95438],[-77.04692,38.95435],[-77.0469,38.95432],[-77.0469,38.95428],[-77.0469,38.95425],[-77.04689,38.95422],[-77.04687,38.9542],[-77.04683,38.95419],[-77.04679,38.95417],[-77.04675,38.95416],[-77.0467,38.95414],[-77.04667,38.95413],[-77.04665,38.95411],[-77.04665,38.95409],[-77.04666,38.95407],[-77.04668,38.95405],[-77.0467,38.95403],[-77.04673,38.95402],[-77.04676,38.954],[-77.0468,38.95398],[-77.04683,38.95396],[-77.04685,38.95394],[-77.04687,38.95392],[-77.04685,38.9539],[-77.04682,38.95389],[-77.04678,38.95388],[-77.04671,38.95386],[-77.04664,38.95384],[-77.04656,38.95382],[-77.0465,38.95379],[-77.04643,38.95377],[-77.04635,38.95373],[-77.04629,38.95371],[-77.04626,38.95369],[-77.04622,38.95367],[-77.04618,38.95364],[-77.04613,38.95363],[-77.04609,38.9536],[-77.04604,38.95357],[-77.04599,38.95355],[-77.04595,38.95352],[-77.04589,38.95349],[-77.04586,38.95347],[-77.04582,38.95345],[-77.04579,38.95341],[-77.04577,38.95338],[-77.04573,38.95335],[-77.0457,38.95333],[-77.04567,38.95331],[-77.04564,38.95328],[-77.04562,38.95326],[-77.0456,38.95324],[-77.04558,38.95324],[-77.04555,38.95323],[-77.04551,38.95322],[-77.04545,38.9532],[-77.04538,38.95317],[-77.04533,38.95316],[-77.04528,38.95314],[-77.04523,38.95313],[-77.04518,38.95312],[-77.04515,38.95311],[-77.04511,38.95309],[-77.04504,38.95307],[-77.04502,38.95305],[-77.04498,38.95303],[-77.04494,38.95301],[-77.04491,38.95298],[-77.04486,38.95296],[-77.04483,38.95293],[-77.04478,38.95291],[-77.04474,38.95287],[-77.04471,38.95285],[-77.04466,38.95283],[-77.04464,38.95281],[-77.0446,38.95279],[-77.04459,38.95279]]},"properties":{"name":"Cross Trail #6","src":"nps"}},{"type":"Feature","geometry":{"type":"LineString","coordinates":[[-77.04137,38.95541],[-77.04135,38.9554],[-77.04133,38.95538],[-77.04132,38.95537],[-77.04131,38.95536],[-77.04127,38.95533],[-77.04123,38.95529],[-77.0412,38.95525],[-77.04117,38.95521],[-77.04112,38.95519],[-77.04111,38.95519],[-77.04103,38.95518],[-77.04099,38.95518],[-77.04097,38.95517],[-77.04092,38.95516],[-77.04083,38.95517],[-77.04081,38.95516],[-77.04076,38.95515],[-77.0407,38.95514],[-77.0406,38.95514],[-77.04057,38.95511],[-77.0405,38.95505],[-77.04046,38.95504],[-77.04043,38.955],[-77.04042,38.95495],[-77.04037,38.95493],[-77.04035,38.95489],[-77.04033,38.95485],[-77.04031,38.95482],[-77.04028,38.95477],[-77.04027,38.95472],[-77.04024,38.95471],[-77.04021,38.95464],[-77.04015,38.95457],[-77.04012,38.95455],[-77.04008,38.95453],[-77.04002,38.95449],[-77.03998,38.95448]]},"properties":{"name":"Foot Trail","src":"nps"}},{"type":"Feature","geometry":{"type":"LineString","coordinates":[[-77.04383,38.95354],[-77.04382,38.95353],[-77.04378,38.9535],[-77.04372,38.95346],[-77.04369,38.95343],[-77.04364,38.95339],[-77.04359,38.95334],[-77.04356,38.9533],[-77.0435,38.95327],[-77.04349,38.95324],[-77.04342,38.95319],[-77.04337,38.95316],[-77.04333,38.95313],[-77.04326,38.95314]]},"properties":{"name":"Foot Trail","src":"nps"}},{"type":"Feature","geometry":{"type":"LineString","coordinates":[[-77.05118,38.95233],[-77.05115,38.95234],[-77.0511,38.95235],[-77.05106,38.95236],[-77.051,38.95236],[-77.05097,38.95237],[-77.05094,38.95237],[-77.05092,38.95238],[-77.05089,38.95239],[-77.05087,38.95242],[-77.05086,38.95244],[-77.05086,38.95247],[-77.05085,38.95251],[-77.05083,38.95254],[-77.05081,38.95258],[-77.05078,38.95261],[-77.05076,38.95263],[-77.05072,38.95267],[-77.05068,38.95268],[-77.05064,38.9527],[-77.0506,38.95272],[-77.05053,38.95273],[-77.05049,38.95274],[-77.05044,38.95276],[-77.05037,38.95277],[-77.05032,38.95279],[-77.05025,38.95282],[-77.0502,38.95283],[-77.05016,38.95284],[-77.05011,38.95285],[-77.05007,38.95286],[-77.05002,38.95288],[-77.04996,38.95289],[-77.0499,38.9529],[-77.04986,38.95291],[-77.04984,38.95292],[-77.04978,38.95294],[-77.04971,38.95297],[-77.04964,38.953],[-77.04957,38.95303],[-77.04952,38.95306],[-77.04945,38.95309],[-77.04941,38.95311],[-77.04937,38.95313],[-77.04933,38.95313],[-77.04929,38.95314],[-77.04922,38.95314],[-77.04916,38.95314],[-77.04909,38.95313],[-77.04904,38.95312],[-77.04899,38.95311],[-77.04896,38.95309],[-77.04892,38.95307],[-77.04888,38.95305],[-77.04883,38.95303],[-77.04881,38.95302],[-77.04876,38.953],[-77.04873,38.95297],[-77.0487,38.95294],[-77.04866,38.95292],[-77.04864,38.9529],[-77.0486,38.95289],[-77.04855,38.95288],[-77.0485,38.95287],[-77.04846,38.95286],[-77.04842,38.95287],[-77.04844,38.95286],[-77.04838,38.95285],[-77.04833,38.95286],[-77.04825,38.95287],[-77.04819,38.95287],[-77.04812,38.95288],[-77.04807,38.95288],[-77.04802,38.95289],[-77.04797,38.95289],[-77.04792,38.95289],[-77.04788,38.95288],[-77.04784,38.95288],[-77.04779,38.95286],[-77.04775,38.95285],[-77.04772,38.95284],[-77.04768,38.95282],[-77.04764,38.95281],[-77.04761,38.9528],[-77.04756,38.95278],[-77.04753,38.95277],[-77.0475,38.95277],[-77.04747,38.95278],[-77.04743,38.95279],[-77.0474,38.9528],[-77.04736,38.95282],[-77.04731,38.95284],[-77.04727,38.95289],[-77.04722,38.95293],[-77.04716,38.95298],[-77.04711,38.95302],[-77.04706,38.95306],[-77.04703,38.95309],[-77.047,38.95312],[-77.04697,38.95314],[-77.04692,38.95317],[-77.04688,38.95319],[-77.04684,38.95321],[-77.0468,38.95322],[-77.04674,38.95323],[-77.04668,38.95324],[-77.04662,38.95324],[-77.04655,38.95324],[-77.0465,38.95324],[-77.04646,38.95324],[-77.0464,38.95325],[-77.04635,38.95326],[-77.0463,38.95327],[-77.04625,38.95328],[-77.04621,38.95329],[-77.04617,38.95332],[-77.04612,38.95334],[-77.04608,38.95338],[-77.04604,38.95341],[-77.04602,38.95341],[-77.04598,38.95339],[-77.04594,38.95337],[-77.04589,38.95333],[-77.04585,38.95331],[-77.0458,38.95329],[-77.04576,38.95328],[-77.04571,38.95327],[-77.04565,38.95326],[-77.04562,38.95325],[-77.0456,38.95324]]},"properties":{"name":"Cross Trail # 7","src":"nps"}},{"type":"Feature","geometry":{"type":"LineString","coordinates":[[-77.04773,38.95031],[-77.04779,38.95032],[-77.04785,38.95032],[-77.04791,38.95033],[-77.04797,38.95033],[-77.04803,38.95033],[-77.04809,38.95033],[-77.04814,38.95033],[-77.04818,38.95031],[-77.04821,38.95029],[-77.04826,38.95026],[-77.04829,38.95025],[-77.04831,38.95025],[-77.04837,38.95025],[-77.04842,38.95027],[-77.04846,38.95029],[-77.04849,38.95031],[-77.04854,38.95032],[-77.04858,38.95031],[-77.04862,38.95029],[-77.04867,38.95026],[-77.0487,38.95024],[-77.04874,38.9502],[-77.04878,38.95017],[-77.04882,38.95014],[-77.04886,38.95012],[-77.0489,38.95009],[-77.04894,38.95007],[-77.04897,38.95005],[-77.04902,38.95003],[-77.04907,38.95002],[-77.04912,38.95],[-77.04916,38.94998],[-77.04921,38.94997],[-77.04924,38.94996],[-77.0493,38.94994],[-77.04933,38.94993],[-77.04936,38.94991],[-77.04939,38.94988],[-77.04941,38.94985],[-77.04945,38.94981],[-77.04947,38.94979],[-77.04948,38.94975],[-77.04949,38.94972],[-77.04948,38.94969],[-77.04947,38.94964],[-77.04944,38.9496],[-77.04942,38.94956],[-77.0494,38.94951],[-77.04938,38.94948],[-77.04936,38.94944],[-77.04933,38.94941],[-77.04931,38.94937],[-77.0493,38.94934],[-77.04928,38.94932],[-77.04927,38.94929],[-77.04926,38.94925],[-77.04927,38.94923],[-77.04931,38.94919],[-77.04935,38.94916],[-77.04939,38.94912],[-77.04943,38.94908],[-77.04953,38.94899],[-77.04972,38.94882],[-77.04992,38.94864]]},"properties":{"name":"Cross Trail #8","src":"nps"}},{"type":"Feature","geometry":{"type":"LineString","coordinates":[[-77.04522,38.94844],[-77.0452,38.94847],[-77.04518,38.9485],[-77.04515,38.94853],[-77.04508,38.94858],[-77.04505,38.9486]]},"properties":{"name":"Foot Trail","src":"nps"}},{"type":"Feature","geometry":{"type":"LineString","coordinates":[[-77.04625,38.94724],[-77.04623,38.94726],[-77.04617,38.94729],[-77.0461,38.9473],[-77.04606,38.94731],[-77.04601,38.94731],[-77.04597,38.94731],[-77.04594,38.94731],[-77.04589,38.94732],[-77.04586,38.94731],[-77.04581,38.94732],[-77.04576,38.94733],[-77.04573,38.94734],[-77.04567,38.94737],[-77.04562,38.9474],[-77.04556,38.94744],[-77.04549,38.94749],[-77.04542,38.94754],[-77.04535,38.94758],[-77.04528,38.94762],[-77.04521,38.94767],[-77.04515,38.94771],[-77.0451,38.94775],[-77.04502,38.9478],[-77.04497,38.94782],[-77.04491,38.94784],[-77.04486,38.94785],[-77.0448,38.94787],[-77.04476,38.94788],[-77.04471,38.9479],[-77.04469,38.94794],[-77.04467,38.94797],[-77.04465,38.94802],[-77.04463,38.94806],[-77.04461,38.9481],[-77.04459,38.94815],[-77.04457,38.94818],[-77.04456,38.94821],[-77.04455,38.94826]]},"properties":{"name":"Foot Trail","src":"nps"}},{"type":"Feature","geometry":{"type":"LineString","coordinates":[[-77.04929,38.94824],[-77.04918,38.94824],[-77.0491,38.94823],[-77.04903,38.94822],[-77.04897,38.94819],[-77.04889,38.94814],[-77.04882,38.9481],[-77.04875,38.94806],[-77.04867,38.94802],[-77.04861,38.94798],[-77.04853,38.94796],[-77.04845,38.94791],[-77.04836,38.94787],[-77.04829,38.94784],[-77.04821,38.94781],[-77.04813,38.94778],[-77.04807,38.94775],[-77.048,38.94771],[-77.04793,38.94769],[-77.04788,38.94768],[-77.04778,38.94767],[-77.04773,38.94765],[-77.04766,38.94764],[-77.04759,38.94762],[-77.04752,38.9476],[-77.04746,38.94758],[-77.04739,38.94756],[-77.04734,38.94753],[-77.04727,38.9475],[-77.0472,38.94746],[-77.04712,38.94743],[-77.04704,38.94739],[-77.04698,38.94736],[-77.04693,38.94733],[-77.04687,38.94729],[-77.04681,38.94726],[-77.04675,38.94723],[-77.0467,38.9472],[-77.04665,38.94718],[-77.0466,38.94715],[-77.04657,38.94714],[-77.04654,38.94713],[-77.04652,38.94712],[-77.0465,38.94712],[-77.04645,38.94713],[-77.04636,38.94714],[-77.04633,38.94715],[-77.04628,38.94716],[-77.04625,38.94717]]},"properties":{"name":"Cross Trail #9","src":"nps"}},{"type":"Feature","geometry":{"type":"MultiLineString","coordinates":[[[-77.064,38.94787],[-77.0639,38.94768],[-77.06386,38.94762],[-77.06382,38.94756],[-77.06378,38.9475],[-77.06371,38.94742],[-77.06365,38.94736],[-77.06357,38.94727],[-77.06351,38.94723],[-77.06344,38.94718],[-77.0632,38.94711],[-77.06283,38.94695],[-77.06276,38.94693],[-77.06271,38.94692],[-77.06264,38.94689],[-77.06255,38.94687],[-77.06248,38.94685],[-77.06241,38.94678],[-77.06239,38.94671],[-77.06236,38.94668],[-77.06234,38.94663],[-77.06231,38.94661],[-77.06224,38.9466],[-77.06219,38.94656],[-77.06221,38.94651],[-77.06214,38.94645],[-77.06211,38.94639],[-77.06208,38.9463],[-77.06209,38.94623],[-77.06204,38.94619],[-77.06192,38.94615],[-77.06185,38.94614],[-77.06179,38.94615],[-77.06175,38.94615],[-77.06173,38.94616],[-77.06171,38.94616],[-77.06165,38.94613],[-77.06155,38.94606],[-77.06145,38.94602]],[[-77.0511,38.94542],[-77.05119,38.94538],[-77.05133,38.9454],[-77.05137,38.94539],[-77.05149,38.94532],[-77.05155,38.94531],[-77.05167,38.94532],[-77.05182,38.94527],[-77.0519,38.94521],[-77.05201,38.94516],[-77.05214,38.94514],[-77.05223,38.94515],[-77.05225,38.94516],[-77.0524,38.9452],[-77.05256,38.94525],[-77.05259,38.94527],[-77.05274,38.94539],[-77.05279,38.94545],[-77.05288,38.9455],[-77.05297,38.94558],[-77.05313,38.94565],[-77.05317,38.94569],[-77.05332,38.94579],[-77.05341,38.94588],[-77.05342,38.94589],[-77.05347,38.94591],[-77.05353,38.94594],[-77.05362,38.94599],[-77.05384,38.94612],[-77.05399,38.94619],[-77.05405,38.94622],[-77.0541,38.94625],[-77.05417,38.94626],[-77.05427,38.94629],[-77.05437,38.94633],[-77.05443,38.94635],[-77.05449,38.94638],[-77.05456,38.9464],[-77.05465,38.94643],[-77.05473,38.94646],[-77.05476,38.94648],[-77.05485,38.94651],[-77.05489,38.94651],[-77.05501,38.94651],[-77.05507,38.94651],[-77.05513,38.94652],[-77.05542,38.9465],[-77.05547,38.94652],[-77.05554,38.94651],[-77.05562,38.94652],[-77.05568,38.94652],[-77.05573,38.94657],[-77.05574,38.94657],[-77.05579,38.94657],[-77.05591,38.94651],[-77.05594,38.94646],[-77.05598,38.94645],[-77.05606,38.94644],[-77.05614,38.94644],[-77.05618,38.94646],[-77.05623,38.94645],[-77.05632,38.94638],[-77.0564,38.94636],[-77.05652,38.94635],[-77.05665,38.94631],[-77.05674,38.94629],[-77.05695,38.94626],[-77.05708,38.94623],[-77.05709,38.94616],[-77.05704,38.94606],[-77.05715,38.94604],[-77.05722,38.94601],[-77.05738,38.94601],[-77.05744,38.94596],[-77.05747,38.94595],[-77.0575,38.94593],[-77.05771,38.94594],[-77.05784,38.94593],[-77.05793,38.94593],[-77.05797,38.94595],[-77.05801,38.94597],[-77.05805,38.94602],[-77.05814,38.94607],[-77.05819,38.9461],[-77.05828,38.94611],[-77.05838,38.94609],[-77.05853,38.94608],[-77.05864,38.94606],[-77.0587,38.94606],[-77.0588,38.94605],[-77.05892,38.94603],[-77.059,38.94603],[-77.05912,38.94605],[-77.05923,38.946],[-77.05939,38.94596],[-77.05949,38.94596],[-77.05954,38.94594],[-77.05961,38.94589],[-77.05969,38.94587],[-77.05975,38.9459],[-77.05983,38.94594],[-77.05994,38.94599],[-77.06,38.946],[-77.06011,38.94599],[-77.06018,38.94596],[-77.06038,38.94597],[-77.06045,38.94598],[-77.06066,38.94597],[-77.06071,38.94592],[-77.06075,38.94594],[-77.0608,38.94595],[-77.06084,38.94598],[-77.06094,38.94598],[-77.061,38.94597],[-77.06115,38.94596],[-77.06124,38.94599],[-77.06136,38.946],[-77.06145,38.94602]],[[-77.06305,38.94535],[-77.06299,38.94534],[-77.06295,38.94536],[-77.06292,38.94539],[-77.06287,38.94539],[-77.06278,38.94552],[-77.06273,38.94563],[-77.0627,38.94565],[-77.06265,38.94566],[-77.06259,38.94567],[-77.06257,38.94572],[-77.06253,38.94574],[-77.06247,38.9458],[-77.06244,38.94581],[-77.0624,38.94581],[-77.06233,38.94577],[-77.06226,38.94574],[-77.06217,38.94574],[-77.06213,38.94578],[-77.06208,38.94581],[-77.06203,38.94582],[-77.06197,38.94582],[-77.06194,38.94581],[-77.06191,38.94581],[-77.06188,38.94582],[-77.06184,38.94585],[-77.06178,38.94586],[-77.06169,38.94589],[-77.06165,38.94591],[-77.06162,38.94597],[-77.06158,38.94598],[-77.0615,38.946],[-77.06145,38.94602]]]},"properties":{"name":"Soapstone Valley Foot Trail","src":"nps"}},{"type":"Feature","geometry":{"type":"LineString","coordinates":[[-77.04673,38.94519],[-77.04675,38.94519],[-77.04678,38.94518],[-77.04683,38.94518],[-77.0469,38.94518],[-77.04697,38.94518],[-77.047,38.94519],[-77.04704,38.94521],[-77.04708,38.94523],[-77.04714,38.94526],[-77.04719,38.94528],[-77.04725,38.94531],[-77.04726,38.94536],[-77.04726,38.94539],[-77.04728,38.94541],[-77.04734,38.94541],[-77.0474,38.9454],[-77.04746,38.94537],[-77.0475,38.94535],[-77.04753,38.94532],[-77.04759,38.94529],[-77.04763,38.94527],[-77.04766,38.94523],[-77.0477,38.94521],[-77.04773,38.94518],[-77.04776,38.94515],[-77.04781,38.94512],[-77.04785,38.94508],[-77.04789,38.94505],[-77.04792,38.94502],[-77.04797,38.94497],[-77.04803,38.94493],[-77.04806,38.94491],[-77.04811,38.94487],[-77.04814,38.94483],[-77.04817,38.94479],[-77.0482,38.94475],[-77.04824,38.94471],[-77.04829,38.9447],[-77.04832,38.94465],[-77.04835,38.94463],[-77.04838,38.9446],[-77.04844,38.94458],[-77.04849,38.94455],[-77.04853,38.94453],[-77.04856,38.94451],[-77.04861,38.94449],[-77.04864,38.94447],[-77.04865,38.94444],[-77.0487,38.94441],[-77.04871,38.94439],[-77.04875,38.94435],[-77.04879,38.94435],[-77.04884,38.94435],[-77.0489,38.94432],[-77.04894,38.94431],[-77.04897,38.9443],[-77.04901,38.94426],[-77.04903,38.94423],[-77.04906,38.94421],[-77.04908,38.94418],[-77.0491,38.94415],[-77.0491,38.94413],[-77.04911,38.94409],[-77.04912,38.94407],[-77.04915,38.94404],[-77.04918,38.94402],[-77.0492,38.944],[-77.04922,38.944],[-77.04925,38.94397],[-77.04929,38.94394],[-77.04931,38.94391],[-77.04932,38.94387],[-77.04933,38.94383],[-77.04936,38.94379],[-77.04941,38.94376],[-77.04944,38.94373],[-77.04946,38.94369],[-77.0495,38.94366],[-77.04954,38.94362],[-77.04953,38.94356],[-77.04951,38.94352],[-77.04949,38.94347]]},"properties":{"name":"Theodore Roosevelt Trail","src":"nps"}},{"type":"Feature","geometry":{"type":"LineString","coordinates":[[-77.04978,38.94434],[-77.04981,38.94432],[-77.04976,38.94435],[-77.04972,38.94436],[-77.04969,38.94438],[-77.04964,38.94439],[-77.04957,38.94441],[-77.04948,38.94442]]},"properties":{"name":"Foot Trail","src":"nps"}},{"type":"Feature","geometry":{"type":"LineString","coordinates":[[-77.04703,38.94427],[-77.04701,38.94427],[-77.04697,38.94427],[-77.04691,38.94425],[-77.04685,38.94422],[-77.04679,38.94419],[-77.04673,38.94416],[-77.04667,38.94412],[-77.0466,38.94411],[-77.04653,38.94412],[-77.04646,38.94409],[-77.04634,38.94403],[-77.04629,38.94399],[-77.04623,38.94397],[-77.04616,38.94397],[-77.04608,38.944],[-77.04601,38.94401],[-77.04593,38.944],[-77.04584,38.94399],[-77.04577,38.94398]]},"properties":{"name":"Foot Trail","src":"nps"}},{"type":"Feature","geometry":{"type":"MultiLineString","coordinates":[[[-77.05159,38.94034],[-77.05159,38.94035],[-77.0516,38.94037],[-77.05162,38.94039],[-77.05164,38.94042],[-77.05166,38.94046],[-77.05167,38.94048],[-77.05168,38.94052],[-77.05169,38.94056],[-77.0517,38.94061],[-77.05171,38.94065],[-77.05171,38.94068],[-77.05172,38.9407],[-77.05173,38.94072],[-77.05173,38.94074],[-77.05174,38.94078],[-77.05175,38.94082],[-77.05175,38.94083],[-77.05176,38.94085],[-77.05178,38.94089],[-77.05179,38.94093],[-77.05178,38.94096],[-77.05177,38.941],[-77.05176,38.94104],[-77.05175,38.9411],[-77.05175,38.94112],[-77.05175,38.94116],[-77.05175,38.94122],[-77.05175,38.94126],[-77.05175,38.9413],[-77.05175,38.94136],[-77.05176,38.94145],[-77.05175,38.94148],[-77.05175,38.94153],[-77.05174,38.94158],[-77.05172,38.94163],[-77.05172,38.94167],[-77.05169,38.94171],[-77.05167,38.94176],[-77.05164,38.9418],[-77.05162,38.94183],[-77.05159,38.94187],[-77.05156,38.9419],[-77.05153,38.94193],[-77.0515,38.94196],[-77.05148,38.942],[-77.05145,38.94205],[-77.05141,38.94209],[-77.05139,38.94213],[-77.05135,38.94217],[-77.05132,38.94221],[-77.05128,38.94226],[-77.05127,38.9423],[-77.05124,38.94234],[-77.05121,38.94238],[-77.05118,38.94242],[-77.05115,38.94247],[-77.05113,38.94252],[-77.0511,38.94257],[-77.05108,38.94259],[-77.05106,38.94263],[-77.05104,38.94267],[-77.051,38.94271],[-77.05099,38.94275],[-77.05095,38.9428],[-77.05094,38.94285],[-77.05089,38.94291],[-77.05088,38.94295],[-77.05085,38.94299],[-77.05084,38.94304],[-77.05081,38.94308],[-77.0508,38.94315],[-77.05078,38.94321],[-77.05072,38.94335],[-77.05069,38.94339],[-77.05067,38.94343],[-77.05069,38.94345],[-77.0506,38.94358],[-77.05058,38.94363],[-77.05055,38.94369],[-77.05053,38.94375],[-77.0505,38.9438],[-77.05046,38.94386],[-77.05036,38.94398],[-77.05032,38.94401],[-77.05026,38.94406],[-77.05021,38.94411],[-77.05016,38.94416],[-77.05012,38.94419]],[[-77.04895,38.93746],[-77.04897,38.93746],[-77.04911,38.93747],[-77.04913,38.93747],[-77.04917,38.93747],[-77.0492,38.93747],[-77.04926,38.93747],[-77.04929,38.93747],[-77.04936,38.93745],[-77.04942,38.93745],[-77.04944,38.93745],[-77.0495,38.93744],[-77.04956,38.93744],[-77.04959,38.93743],[-77.04963,38.93742],[-77.04967,38.93742],[-77.04971,38.93741],[-77.04991,38.9374],[-77.04994,38.9374],[-77.04997,38.93741],[-77.04999,38.93742],[-77.05001,38.93742],[-77.05021,38.93743],[-77.05023,38.93743],[-77.05026,38.93743],[-77.05029,38.93743],[-77.05032,38.93743],[-77.05034,38.93744],[-77.05037,38.93745],[-77.05038,38.93746],[-77.0504,38.93747],[-77.05042,38.93748],[-77.05044,38.9375],[-77.05047,38.9375],[-77.0505,38.93751],[-77.05053,38.93752],[-77.05067,38.93753],[-77.05069,38.93753],[-77.05071,38.93753],[-77.05074,38.93753],[-77.05075,38.93753],[-77.05077,38.93754],[-77.0508,38.93753],[-77.05082,38.93753],[-77.05085,38.93753],[-77.05088,38.93753],[-77.05091,38.93753],[-77.05094,38.93753],[-77.05097,38.93754],[-77.051,38.93754],[-77.05115,38.93761],[-77.05133,38.93775],[-77.05136,38.93777],[-77.05139,38.93778],[-77.05141,38.9378],[-77.05144,38.93781],[-77.05146,38.93783],[-77.05164,38.9379],[-77.05167,38.93792],[-77.05169,38.93793],[-77.05172,38.93794],[-77.05174,38.93795],[-77.05176,38.93797],[-77.05179,38.93801],[-77.05179,38.93804],[-77.05179,38.93806],[-77.0518,38.93823],[-77.05182,38.93825],[-77.05184,38.93827],[-77.05186,38.93828],[-77.05189,38.93829],[-77.05191,38.9383],[-77.05194,38.93832],[-77.05196,38.93833],[-77.05198,38.93835],[-77.05214,38.93843],[-77.05217,38.93844],[-77.05222,38.93847],[-77.05223,38.93848],[-77.05224,38.9385],[-77.05225,38.93852],[-77.05224,38.93854]]]},"properties":{"name":"Bike Trail #4 - Glover Rd South To Beach Dr","src":"nps"}},{"type":"Feature","geometry":{"type":"LineString","coordinates":[[-77.04951,38.94323],[-77.04952,38.94321],[-77.0495,38.94316],[-77.04946,38.94315],[-77.04941,38.94314],[-77.04935,38.94313],[-77.04929,38.94312],[-77.04927,38.9431]]},"properties":{"name":"Foot Trail","src":"nps"}},{"type":"Feature","geometry":{"type":"LineString","coordinates":[[-77.0784,38.94308],[-77.07251,38.94309],[-77.07231,38.9431],[-77.07234,38.94129],[-77.07209,38.94129],[-77.07115,38.94131],[-77.07068,38.94134],[-77.07061,38.94134],[-77.07063,38.93991],[-77.07016,38.94001],[-77.0695,38.94015],[-77.06932,38.94017],[-77.06887,38.94029],[-77.06871,38.94031],[-77.06836,38.94035],[-77.06782,38.94047],[-77.06776,38.94047],[-77.06761,38.94056],[-77.06751,38.94064],[-77.06743,38.94064],[-77.06723,38.94059]]},"properties":{"name":"Glover Archbold To Melvin Hazen Connector","src":"nps"}},{"type":"Feature","geometry":{"type":"LineString","coordinates":[[-77.04927,38.9431],[-77.04922,38.94309],[-77.04914,38.94307],[-77.04906,38.94302],[-77.04901,38.94302],[-77.04892,38.94304],[-77.04886,38.94303],[-77.0488,38.94302],[-77.04876,38.94301],[-77.04872,38.94297],[-77.04871,38.94294],[-77.04868,38.94291],[-77.04856,38.94282],[-77.04853,38.9428],[-77.04852,38.94276],[-77.0485,38.94271],[-77.04847,38.94263],[-77.04847,38.94262],[-77.04844,38.94259],[-77.04841,38.94256],[-77.0483,38.94249],[-77.04823,38.94245]]},"properties":{"name":"Foot Trail","src":"nps"}},{"type":"Feature","geometry":{"type":"LineString","coordinates":[[-77.05075,38.94111],[-77.05074,38.94111],[-77.0507,38.94113],[-77.05066,38.94114],[-77.05063,38.94117],[-77.05061,38.9412],[-77.05058,38.94122],[-77.05053,38.94127],[-77.05051,38.94127],[-77.05046,38.94129],[-77.05044,38.94132],[-77.05044,38.94134],[-77.05043,38.94137],[-77.05043,38.94141],[-77.05044,38.94144],[-77.05047,38.94152],[-77.05044,38.94157],[-77.05041,38.94162],[-77.05038,38.94169],[-77.05036,38.94172],[-77.05033,38.94174],[-77.05031,38.94179],[-77.05028,38.94183],[-77.05025,38.94188],[-77.05024,38.94193],[-77.05022,38.94203],[-77.05021,38.94205],[-77.05018,38.94209],[-77.05014,38.94217],[-77.05014,38.94218],[-77.05012,38.94226],[-77.05011,38.94228],[-77.05009,38.94234],[-77.05006,38.94239],[-77.05001,38.94247],[-77.04999,38.9425],[-77.04995,38.94262],[-77.04993,38.94264],[-77.04991,38.94264],[-77.04988,38.94275],[-77.04988,38.94279],[-77.04986,38.94287],[-77.04985,38.94289],[-77.04975,38.94295],[-77.04964,38.943],[-77.04959,38.943],[-77.04954,38.943],[-77.04952,38.94301],[-77.04949,38.94302],[-77.04947,38.94304],[-77.04939,38.94305],[-77.04939,38.94305],[-77.04927,38.9431]]},"properties":{"name":"Foot Trail","src":"nps"}},{"type":"Feature","geometry":{"type":"MultiLineString","coordinates":[[[-77.07874,38.9062],[-77.07873,38.90624],[-77.07865,38.90627],[-77.07856,38.90628],[-77.07848,38.90627],[-77.07842,38.90624],[-77.07834,38.90619],[-77.07828,38.90614],[-77.07825,38.90611],[-77.07829,38.90611],[-77.0786,38.90611],[-77.07874,38.90611],[-77.07902,38.90609],[-77.07904,38.9061],[-77.07916,38.90626],[-77.07925,38.90632],[-77.07938,38.90643],[-77.07945,38.90652],[-77.07948,38.90661],[-77.07945,38.90682],[-77.07945,38.9072],[-77.07943,38.90727],[-77.07938,38.90739],[-77.07925,38.90765],[-77.07915,38.90775],[-77.079,38.9078],[-77.07889,38.90797],[-77.07885,38.90806],[-77.07886,38.90817],[-77.07884,38.90846],[-77.07881,38.9087],[-77.07875,38.90893],[-77.07862,38.90913],[-77.07853,38.90923],[-77.07847,38.90936],[-77.07847,38.90941],[-77.0785,38.9095]],[[-77.08291,38.92475],[-77.0829,38.92481],[-77.0829,38.92488],[-77.08288,38.92491],[-77.08287,38.92498],[-77.08287,38.925],[-77.08287,38.92508],[-77.08283,38.92527],[-77.08283,38.92535]],[[-77.08643,38.92442],[-77.08641,38.92441],[-77.08636,38.92439],[-77.08623,38.92439],[-77.08621,38.92438],[-77.08613,38.92438]],[[-77.08649,38.92384],[-77.08649,38.92385]],[[-77.08664,38.9239],[-77.08657,38.92384],[-77.08649,38.92385]],[[-77.08206,38.92126],[-77.08213,38.92127],[-77.0822,38.92126],[-77.08226,38.92124],[-77.08234,38.9212],[-77.08237,38.92114],[-77.08243,38.92111],[-77.08245,38.92107],[-77.08249,38.92103],[-77.08251,38.92101],[-77.08248,38.92094],[-77.08249,38.92088],[-77.08252,38.92081],[-77.08255,38.92076],[-77.0826,38.92074],[-77.08265,38.92073],[-77.08268,38.92073],[-77.08271,38.92068],[-77.08275,38.92063],[-77.08281,38.92057],[-77.08284,38.92051],[-77.08285,38.92044],[-77.08287,38.92042],[-77.08288,38.92038]],[[-77.08598,38.92089],[-77.08596,38.92091],[-77.0859,38.92094],[-77.08583,38.92099],[-77.0858,38.92101],[-77.08572,38.92101],[-77.08564,38.92102],[-77.08557,38.92099],[-77.08552,38.92096],[-77.08545,38.92095],[-77.08539,38.92092],[-77.08532,38.92089],[-77.08527,38.92087],[-77.0852,38.92085],[-77.08518,38.92082],[-77.08514,38.92078],[-77.08511,38.92075],[-77.08506,38.92074],[-77.08502,38.92073],[-77.08498,38.92069],[-77.08495,38.92066],[-77.08498,38.9206],[-77.08499,38.92055],[-77.08501,38.92047],[-77.085,38.92041],[-77.08497,38.9204],[-77.08495,38.92036],[-77.08494,38.92035],[-77.08488,38.92028],[-77.08487,38.92027],[-77.08482,38.92022],[-77.08478,38.92015],[-77.08476,38.92014],[-77.08472,38.92011],[-77.08465,38.92009],[-77.08459,38.92006],[-77.08455,38.92004],[-77.08448,38.92],[-77.08446,38.91999],[-77.08442,38.91998],[-77.08439,38.91997],[-77.08434,38.91996],[-77.0843,38.9199],[-77.08424,38.9199],[-77.08422,38.91991],[-77.08419,38.91984],[-77.08414,38.91981],[-77.08408,38.9199],[-77.08406,38.9199],[-77.08396,38.91987],[-77.08394,38.91987],[-77.08386,38.9199]],[[-77.08601,38.92058],[-77.08598,38.92057],[-77.08602,38.92048],[-77.08601,38.92042],[-77.08598,38.92039],[-77.08596,38.92036],[-77.08596,38.92031],[-77.08595,38.92027],[-77.08596,38.92022],[-77.08594,38.92017],[-77.08594,38.92011],[-77.08594,38.92005],[-77.08592,38.91999],[-77.08592,38.91992],[-77.08592,38.91988],[-77.08592,38.91981],[-77.08592,38.91975],[-77.0859,38.91969],[-77.08588,38.91959],[-77.08589,38.91954],[-77.08588,38.91949],[-77.08587,38.91944],[-77.08587,38.91938],[-77.08586,38.91934],[-77.08585,38.91928],[-77.08583,38.91923],[-77.08582,38.91919],[-77.08582,38.91918],[-77.08581,38.91917]],[[-77.08282,38.9171],[-77.0828,38.91712],[-77.08276,38.91715],[-77.08271,38.91718],[-77.0827,38.91725],[-77.08265,38.91731],[-77.08259,38.91732],[-77.08254,38.91734],[-77.08249,38.91735],[-77.08243,38.91738],[-77.08264,38.91735],[-77.08267,38.91735],[-77.08278,38.91734],[-77.08285,38.91735],[-77.08292,38.91735],[-77.08298,38.91735]],[[-77.08323,38.91446],[-77.0832,38.91449],[-77.08315,38.91453],[-77.08311,38.91455],[-77.08306,38.91458],[-77.08298,38.91463],[-77.08292,38.91467],[-77.08285,38.91471],[-77.08279,38.91473],[-77.08274,38.91476],[-77.08268,38.91478],[-77.08262,38.91482],[-77.08258,38.91486],[-77.08255,38.91491],[-77.08253,38.91494],[-77.0825,38.91499],[-77.08251,38.91503],[-77.08253,38.91509],[-77.08252,38.91515],[-77.08251,38.91521],[-77.08254,38.91526],[-77.08255,38.9153],[-77.08258,38.91536],[-77.08258,38.9154],[-77.08257,38.91545],[-77.08256,38.91548],[-77.08256,38.91551],[-77.08262,38.91557],[-77.08263,38.91561],[-77.08264,38.91562],[-77.08264,38.91567],[-77.08264,38.9157],[-77.08265,38.91577],[-77.08263,38.91579],[-77.08259,38.91583],[-77.08254,38.91585],[-77.08251,38.91586],[-77.08243,38.91588],[-77.08241,38.91589],[-77.08237,38.9159],[-77.08234,38.9159],[-77.0823,38.91584],[-77.08223,38.91583],[-77.08213,38.91581],[-77.08205,38.91584],[-77.08203,38.91585],[-77.082,38.91587]],[[-77.07964,38.90882],[-77.07961,38.90882],[-77.07956,38.90884],[-77.07954,38.90889],[-77.07952,38.90894],[-77.0795,38.90899],[-77.07949,38.90906],[-77.07945,38.90913],[-77.07944,38.90918],[-77.07943,38.90922],[-77.07939,38.90927],[-77.07937,38.90932],[-77.07933,38.90935],[-77.07925,38.90936],[-77.07914,38.90939],[-77.07913,38.9094],[-77.07908,38.90942],[-77.07902,38.90945],[-77.07891,38.90948],[-77.0789,38.90948],[-77.07878,38.90951],[-77.07876,38.90951],[-77.07872,38.90952],[-77.07861,38.90953],[-77.0785,38.9095]],[[-77.07932,38.9336],[-77.07933,38.93365],[-77.07936,38.9337],[-77.07938,38.93374],[-77.07941,38.93379],[-77.07943,38.93384],[-77.07947,38.93389],[-77.07949,38.93394],[-77.07951,38.93399],[-77.07953,38.93404],[-77.07955,38.93409],[-77.07957,38.93415],[-77.07959,38.9342],[-77.07959,38.93425],[-77.07964,38.9343],[-77.07963,38.93435],[-77.07965,38.9344],[-77.07966,38.93445],[-77.07968,38.9345],[-77.0797,38.93454],[-77.07972,38.93459],[-77.07975,38.93464]],[[-77.08599,38.91921],[-77.08594,38.91921],[-77.08587,38.9192],[-77.08581,38.91917]],[[-77.08081,38.93432],[-77.08066,38.93422],[-77.08063,38.93419],[-77.08056,38.93419],[-77.08049,38.93421],[-77.08044,38.93419],[-77.08039,38.93418],[-77.08034,38.93418],[-77.08031,38.93419],[-77.08027,38.93421],[-77.08022,38.93425],[-77.08016,38.93428],[-77.0801,38.93432],[-77.08006,38.93435],[-77.07997,38.93441],[-77.07992,38.93445],[-77.07988,38.93449],[-77.07986,38.93454],[-77.07982,38.93458],[-77.07978,38.93463],[-77.07975,38.93464]],[[-77.08099,38.93418],[-77.08101,38.93417],[-77.08105,38.93417],[-77.08109,38.93415],[-77.08118,38.93412],[-77.08122,38.93413],[-77.08128,38.93412],[-77.08128,38.93408],[-77.08129,38.93405],[-77.08128,38.93404],[-77.08128,38.93401],[-77.08128,38.934],[-77.08127,38.93398],[-77.08127,38.93397],[-77.08125,38.93394],[-77.08124,38.93391],[-77.08122,38.93389],[-77.08121,38.93388],[-77.08118,38.93382],[-77.08117,38.93379],[-77.08117,38.93377],[-77.08117,38.93373],[-77.08117,38.93368],[-77.08116,38.93366],[-77.08115,38.93365],[-77.08113,38.93363],[-77.08112,38.93361],[-77.08111,38.93359],[-77.08109,38.93357],[-77.08106,38.93354],[-77.08103,38.93349],[-77.081,38.93346],[-77.08099,38.93344],[-77.08097,38.93342],[-77.08095,38.93338],[-77.08092,38.93337],[-77.0809,38.93336],[-77.08087,38.93335],[-77.08083,38.93333],[-77.08077,38.93332],[-77.0807,38.93331],[-77.08065,38.93329],[-77.08062,38.93328],[-77.08059,38.93326],[-77.08055,38.93325],[-77.08048,38.93325],[-77.08044,38.93325],[-77.08039,38.93324],[-77.08033,38.93321],[-77.08029,38.93317],[-77.08025,38.93311],[-77.08019,38.93308],[-77.08013,38.93305],[-77.08009,38.93301],[-77.08006,38.933],[-77.08004,38.93299],[-77.08004,38.93299],[-77.08001,38.93296],[-77.08,38.93292],[-77.08,38.93283],[-77.07998,38.93279],[-77.07992,38.93275],[-77.07987,38.93272],[-77.07985,38.93266],[-77.0798,38.93259],[-77.07981,38.93252],[-77.07981,38.93249],[-77.07981,38.93244],[-77.07983,38.93238],[-77.07984,38.93232],[-77.07983,38.93224],[-77.07981,38.93221],[-77.07978,38.93214],[-77.07978,38.9321],[-77.07979,38.93206],[-77.0798,38.93204],[-77.07982,38.932],[-77.07982,38.93195],[-77.07982,38.93192],[-77.07981,38.93176],[-77.07979,38.93154],[-77.07979,38.93151],[-77.07981,38.93149],[-77.07993,38.93141],[-77.08003,38.93132],[-77.0801,38.93122],[-77.08019,38.93106],[-77.08028,38.93093],[-77.08031,38.93089],[-77.08036,38.93082],[-77.08044,38.93073],[-77.08049,38.93068],[-77.08059,38.93063],[-77.08064,38.93061],[-77.08071,38.93056],[-77.08074,38.93055],[-77.08081,38.93056],[-77.0809,38.93057],[-77.08099,38.93056],[-77.08109,38.93056],[-77.08124,38.93055],[-77.08136,38.93053],[-77.08142,38.93054],[-77.08148,38.93055],[-77.08154,38.93057],[-77.08159,38.93057],[-77.08164,38.93056],[-77.0817,38.93054],[-77.08179,38.93052],[-77.08186,38.9305],[-77.08191,38.9305],[-77.08197,38.93048],[-77.08204,38.93045],[-77.08208,38.93038]],[[-77.08213,38.93022],[-77.08209,38.93018],[-77.08207,38.93016],[-77.08204,38.93011],[-77.08202,38.93006],[-77.08201,38.93005],[-77.08199,38.93003],[-77.08198,38.93],[-77.08195,38.92996],[-77.08193,38.9299],[-77.08191,38.92987],[-77.08193,38.92985],[-77.08194,38.92979],[-77.082,38.92974],[-77.08201,38.92974],[-77.08203,38.92972],[-77.08203,38.9297],[-77.08207,38.92967],[-77.0821,38.92964],[-77.08212,38.92963],[-77.08214,38.9296],[-77.08219,38.92955],[-77.08221,38.92954],[-77.08221,38.92954],[-77.08219,38.92949],[-77.08219,38.92946],[-77.08219,38.92942],[-77.08219,38.92937],[-77.08213,38.92931],[-77.08211,38.92929],[-77.08209,38.92927],[-77.08202,38.92924],[-77.08198,38.92923],[-77.08195,38.92921],[-77.08194,38.9292],[-77.0819,38.92914],[-77.08188,38.9291],[-77.08188,38.92907],[-77.08188,38.92905],[-77.08192,38.92896],[-77.08193,38.92893],[-77.08196,38.92891],[-77.08202,38.92893],[-77.08205,38.92892],[-77.08207,38.92888],[-77.0821,38.92886],[-77.08211,38.92883],[-77.08212,38.92882],[-77.08212,38.92879],[-77.08212,38.92877],[-77.08212,38.92871],[-77.08208,38.92865],[-77.08207,38.92862],[-77.08206,38.92859],[-77.08205,38.92857],[-77.08209,38.92853],[-77.08215,38.92849],[-77.0822,38.92845],[-77.08219,38.9284],[-77.08222,38.92834],[-77.08224,38.92832],[-77.08226,38.92829],[-77.08232,38.92821],[-77.08234,38.92817],[-77.08235,38.92816],[-77.08237,38.92815],[-77.08239,38.92814],[-77.08241,38.92813],[-77.08243,38.92813],[-77.08247,38.92811],[-77.08252,38.9281],[-77.08258,38.92806],[-77.0826,38.92805],[-77.08261,38.92802],[-77.08261,38.92801],[-77.08261,38.92799],[-77.08263,38.92798],[-77.08266,38.92797],[-77.08269,38.92795],[-77.08272,38.92795],[-77.08274,38.92793],[-77.08276,38.9279],[-77.08274,38.92787],[-77.08273,38.92785],[-77.08271,38.9278],[-77.08272,38.92779],[-77.08273,38.92775],[-77.08276,38.92774],[-77.08279,38.9277],[-77.08279,38.92763],[-77.0828,38.92761],[-77.08281,38.9276],[-77.08283,38.92755],[-77.08285,38.92753],[-77.08288,38.92752],[-77.08292,38.92751],[-77.08294,38.92748],[-77.08296,38.92744],[-77.08295,38.92741],[-77.08295,38.92736],[-77.08295,38.9273],[-77.08283,38.92721],[-77.08278,38.92718],[-77.08275,38.92717],[-77.08272,38.92715],[-77.0827,38.92712],[-77.08268,38.92711],[-77.08263,38.92703],[-77.08259,38.92693],[-77.08258,38.92677],[-77.08263,38.9266],[-77.0827,38.92636],[-77.08271,38.92635]],[[-77.08301,38.92668],[-77.08303,38.92669],[-77.08306,38.9267],[-77.08308,38.92671],[-77.08311,38.92673],[-77.08314,38.92675],[-77.08316,38.92676],[-77.08319,38.92677],[-77.0832,38.92679],[-77.08321,38.92679],[-77.08322,38.9268],[-77.08323,38.92681],[-77.08327,38.92682],[-77.08329,38.92684],[-77.0833,38.92686],[-77.08335,38.927],[-77.08341,38.92713],[-77.08354,38.92735],[-77.08363,38.92749]],[[-77.08282,38.92537],[-77.08283,38.92544],[-77.08281,38.92556],[-77.08275,38.92572],[-77.08273,38.92585],[-77.08269,38.926],[-77.0827,38.92613],[-77.0827,38.92613],[-77.0827,38.92621],[-77.08271,38.92628],[-77.08271,38.92632],[-77.08271,38.92635],[-77.08271,38.92635]],[[-77.08649,38.92385],[-77.08646,38.92387],[-77.08641,38.92389],[-77.08641,38.9239],[-77.08644,38.92394],[-77.08644,38.92396],[-77.08642,38.92399],[-77.0864,38.92404],[-77.08638,38.92405],[-77.08636,38.92407],[-77.08634,38.9241],[-77.08631,38.92411],[-77.08629,38.92415],[-77.08627,38.92418],[-77.08626,38.92419],[-77.08624,38.92424],[-77.08622,38.92426],[-77.0862,38.9243],[-77.08619,38.92431],[-77.08613,38.92438]],[[-77.08613,38.92438],[-77.0861,38.92438],[-77.08602,38.92439],[-77.08589,38.92442],[-77.08588,38.92443],[-77.08581,38.92448],[-77.08571,38.92456],[-77.08563,38.92461],[-77.0856,38.92462],[-77.08555,38.92466],[-77.08552,38.9247],[-77.08546,38.92476],[-77.08544,38.92478],[-77.0854,38.92481],[-77.08536,38.92484],[-77.08532,38.92486]],[[-77.08581,38.91917],[-77.08577,38.91914],[-77.08575,38.91908],[-77.08572,38.91903],[-77.0857,38.919],[-77.08567,38.91898],[-77.08564,38.91897],[-77.08562,38.91894],[-77.08557,38.91892],[-77.08555,38.9189],[-77.08551,38.91887],[-77.08547,38.91879],[-77.08547,38.91877],[-77.08546,38.91872],[-77.08545,38.91866],[-77.08544,38.91863],[-77.08541,38.91858],[-77.08536,38.9185],[-77.08534,38.91845],[-77.08533,38.91845],[-77.0853,38.9184],[-77.08528,38.91836],[-77.08526,38.91831],[-77.08521,38.91826],[-77.08519,38.91819],[-77.08517,38.91818],[-77.08513,38.91816],[-77.0851,38.91814],[-77.08509,38.9181],[-77.08506,38.91805],[-77.08501,38.91799],[-77.08499,38.91797],[-77.08495,38.91793],[-77.08491,38.91789],[-77.08486,38.91785],[-77.08482,38.91776],[-77.08475,38.91772],[-77.08472,38.91768],[-77.08469,38.91761],[-77.08468,38.91757],[-77.08465,38.91753],[-77.08459,38.91748],[-77.08457,38.91742],[-77.08449,38.91732],[-77.08449,38.91732],[-77.08444,38.91729],[-77.08439,38.91729],[-77.08434,38.91726],[-77.08428,38.91723],[-77.08422,38.91723],[-77.08414,38.91724],[-77.08408,38.91725],[-77.08405,38.91725],[-77.08388,38.91724],[-77.08376,38.9172],[-77.08361,38.91719],[-77.08351,38.9172],[-77.08344,38.91723],[-77.08333,38.91725],[-77.0832,38.91729],[-77.08316,38.91732],[-77.08304,38.91734],[-77.083,38.91735],[-77.08298,38.91735]],[[-77.08386,38.91987],[-77.08387,38.91986],[-77.08387,38.91984],[-77.08388,38.91977],[-77.08392,38.91972],[-77.08396,38.91967],[-77.084,38.91958],[-77.08397,38.9195],[-77.08397,38.9194],[-77.08398,38.91935],[-77.08398,38.9193],[-77.08398,38.91924],[-77.08403,38.91914],[-77.08406,38.91905],[-77.08406,38.91901],[-77.08406,38.91894],[-77.08402,38.91884],[-77.08399,38.9188],[-77.08395,38.91875],[-77.0839,38.9187],[-77.08386,38.91864],[-77.08384,38.91862],[-77.08381,38.91858],[-77.08375,38.9185],[-77.08368,38.91839],[-77.08364,38.91833],[-77.0836,38.91828],[-77.08355,38.91823],[-77.08353,38.91818],[-77.08351,38.91813],[-77.08348,38.91807],[-77.08344,38.91803],[-77.0834,38.91798],[-77.08338,38.91794],[-77.08334,38.91788],[-77.08329,38.91783],[-77.08326,38.91778],[-77.08324,38.91774],[-77.08322,38.91771],[-77.08317,38.91762],[-77.08314,38.91759],[-77.08309,38.91752],[-77.08304,38.91745],[-77.083,38.91739],[-77.08298,38.91736],[-77.08298,38.91735]],[[-77.08386,38.91987],[-77.08386,38.9199]],[[-77.08386,38.91987],[-77.08383,38.91988],[-77.0837,38.91995],[-77.08361,38.91998],[-77.08356,38.92004],[-77.08355,38.92011],[-77.08347,38.92014],[-77.08344,38.92013],[-77.08337,38.92011],[-77.0833,38.92011],[-77.08327,38.92011],[-77.08319,38.9201],[-77.08315,38.92011],[-77.0831,38.92013],[-77.08308,38.92014],[-77.08305,38.92021],[-77.08302,38.92025],[-77.08299,38.92028],[-77.08296,38.92031],[-77.08294,38.92034],[-77.08288,38.92038]],[[-77.08386,38.9199],[-77.08385,38.91991],[-77.0838,38.9201],[-77.0837,38.92058],[-77.08369,38.92062],[-77.08368,38.92068],[-77.0837,38.92073],[-77.08369,38.92074],[-77.08369,38.92075],[-77.08369,38.92077],[-77.08369,38.92078],[-77.08368,38.9208],[-77.08368,38.92081],[-77.08368,38.92082],[-77.08368,38.92083],[-77.08367,38.92085],[-77.08367,38.92086],[-77.08366,38.92087],[-77.08365,38.92088],[-77.08365,38.92089],[-77.08365,38.9209],[-77.0836,38.92106],[-77.08359,38.92115],[-77.08358,38.92116],[-77.08358,38.92128],[-77.08357,38.92131],[-77.08358,38.92136],[-77.08356,38.92141],[-77.08355,38.92144],[-77.08354,38.92149],[-77.08353,38.92152],[-77.08353,38.92155],[-77.08354,38.92156],[-77.08354,38.92159],[-77.0835,38.92175],[-77.08349,38.92187],[-77.08346,38.922],[-77.08345,38.92208],[-77.08344,38.92215],[-77.08343,38.92218],[-77.0834,38.92234],[-77.08336,38.92247],[-77.08333,38.92257],[-77.0833,38.92279],[-77.08329,38.92294],[-77.08327,38.92305],[-77.08326,38.92305],[-77.08327,38.92313],[-77.08322,38.92332],[-77.0832,38.92339],[-77.08318,38.9235],[-77.08315,38.92364],[-77.08313,38.92372],[-77.08312,38.92379],[-77.08309,38.92386]],[[-77.08309,38.92386],[-77.08309,38.92386],[-77.0831,38.92388],[-77.08311,38.92389],[-77.08314,38.92391],[-77.08313,38.92391],[-77.08313,38.92393],[-77.08313,38.92394],[-77.08313,38.92394],[-77.08311,38.92396],[-77.08311,38.92396],[-77.08311,38.92397],[-77.0831,38.92399],[-77.08309,38.92399],[-77.08309,38.924],[-77.08309,38.92401],[-77.08309,38.92402],[-77.08308,38.92402],[-77.08305,38.92411],[-77.08305,38.92411],[-77.08305,38.92414],[-77.08305,38.92414],[-77.08305,38.92415],[-77.08304,38.92415],[-77.08304,38.92417],[-77.08303,38.92418],[-77.08301,38.92423],[-77.083,38.92425],[-77.08295,38.92435],[-77.08289,38.92448],[-77.08288,38.9246],[-77.08291,38.92474]],[[-77.08309,38.92386],[-77.0829,38.92386],[-77.08275,38.92386],[-77.08269,38.92388],[-77.08256,38.92388],[-77.08248,38.92384],[-77.08232,38.9238],[-77.08222,38.9238],[-77.08221,38.9238],[-77.08219,38.92381],[-77.08214,38.92382],[-77.08208,38.92381],[-77.08192,38.92381],[-77.08185,38.92379]],[[-77.083,38.92668],[-77.08299,38.92663],[-77.08299,38.92661],[-77.08298,38.92661],[-77.08297,38.9266],[-77.08296,38.92659],[-77.08296,38.92658],[-77.08295,38.92658],[-77.08293,38.92656],[-77.08285,38.92648],[-77.08284,38.92647],[-77.08282,38.92646],[-77.08277,38.92643],[-77.08273,38.92639],[-77.08271,38.92635]],[[-77.08298,38.91735],[-77.08294,38.91728],[-77.08288,38.91719],[-77.08277,38.91701],[-77.08275,38.91697],[-77.08271,38.91693],[-77.08268,38.91687],[-77.08265,38.91682],[-77.08262,38.91678],[-77.08258,38.91672],[-77.08254,38.91667],[-77.0825,38.91663],[-77.08247,38.9166],[-77.08245,38.91656],[-77.08244,38.91653],[-77.08237,38.91646],[-77.08235,38.91644],[-77.08233,38.91641],[-77.08231,38.91636],[-77.08229,38.91634],[-77.08228,38.91631],[-77.08225,38.91627],[-77.08221,38.91619],[-77.08216,38.91613],[-77.08215,38.91611],[-77.08212,38.91604],[-77.0821,38.91603],[-77.08208,38.916],[-77.08201,38.91589],[-77.082,38.91587]],[[-77.08288,38.92038],[-77.08286,38.92038],[-77.08279,38.92042],[-77.08274,38.92043],[-77.08262,38.92043],[-77.08257,38.92043],[-77.08252,38.92043],[-77.08244,38.92042],[-77.0824,38.92043],[-77.08231,38.92042],[-77.08225,38.92043],[-77.0822,38.92043],[-77.08213,38.92043],[-77.08206,38.92043]],[[-77.082,38.91587],[-77.082,38.91587],[-77.08198,38.91583],[-77.08196,38.91579],[-77.08195,38.91578],[-77.08192,38.91574],[-77.08188,38.91566],[-77.08181,38.91553],[-77.08176,38.91552],[-77.08174,38.91548],[-77.08172,38.91545],[-77.08169,38.91541],[-77.08166,38.91537],[-77.08165,38.91536],[-77.08162,38.91532],[-77.08162,38.91527],[-77.08159,38.91524],[-77.08159,38.91515],[-77.08158,38.91512],[-77.08152,38.9151],[-77.08152,38.91508],[-77.08152,38.91507],[-77.08151,38.91505],[-77.08152,38.915],[-77.08153,38.91497],[-77.08152,38.91494],[-77.08148,38.91487],[-77.08148,38.91487],[-77.08151,38.91481],[-77.08151,38.9148],[-77.08151,38.91477],[-77.08151,38.91475],[-77.08152,38.91471],[-77.08152,38.91467],[-77.08153,38.91465],[-77.08154,38.91462],[-77.08156,38.91449],[-77.08156,38.91449],[-77.08156,38.91447],[-77.08152,38.91438],[-77.0815,38.91434],[-77.08149,38.91432],[-77.08145,38.91426],[-77.08145,38.91423],[-77.08146,38.91418],[-77.08137,38.91414],[-77.08135,38.91412],[-77.08132,38.9141],[-77.0813,38.91407],[-77.08137,38.91399],[-77.0814,38.91394],[-77.08143,38.9139],[-77.08142,38.91386],[-77.08138,38.91381],[-77.08137,38.91379],[-77.08136,38.91371],[-77.08135,38.9137],[-77.08133,38.91363],[-77.08132,38.91362],[-77.08131,38.9136],[-77.08128,38.91354],[-77.08128,38.91353],[-77.08122,38.91337],[-77.08121,38.91334],[-77.0812,38.91329],[-77.0812,38.91328],[-77.0812,38.91324],[-77.08121,38.91321],[-77.08122,38.91315],[-77.08124,38.9131],[-77.08128,38.91306],[-77.08137,38.91303],[-77.08141,38.91301],[-77.08148,38.91292],[-77.08153,38.91287],[-77.08153,38.91286],[-77.08152,38.91285],[-77.08152,38.91282],[-77.0815,38.91278],[-77.08149,38.91276],[-77.08148,38.91273],[-77.08148,38.91268],[-77.08147,38.91265],[-77.08145,38.91263],[-77.08144,38.91262],[-77.08133,38.91262],[-77.08126,38.91262],[-77.0812,38.91257],[-77.08114,38.91256],[-77.08105,38.91256],[-77.08099,38.91255],[-77.08089,38.91252],[-77.08086,38.91251],[-77.08083,38.91249],[-77.0808,38.91248],[-77.08078,38.91245],[-77.08076,38.91243],[-77.08068,38.91235],[-77.08052,38.91224],[-77.08046,38.91219],[-77.08035,38.91192],[-77.0802,38.91162],[-77.08013,38.91148],[-77.08009,38.91143],[-77.08005,38.9114],[-77.07999,38.91138],[-77.07997,38.91135],[-77.07993,38.91125],[-77.07991,38.91114],[-77.07989,38.91108],[-77.07984,38.91104],[-77.07975,38.91079],[-77.07931,38.9103],[-77.07864,38.90979],[-77.07854,38.90961],[-77.0785,38.9095]],[[-77.07975,38.93464],[-77.07971,38.93468],[-77.07966,38.93471],[-77.07963,38.93475],[-77.07961,38.93479],[-77.07959,38.93484],[-77.07958,38.93488],[-77.07957,38.93493],[-77.07955,38.93497],[-77.07954,38.93501],[-77.07951,38.93505],[-77.07951,38.93509],[-77.0795,38.93513],[-77.07949,38.93517],[-77.0795,38.93521],[-77.07954,38.93528],[-77.07957,38.93534],[-77.07958,38.9354],[-77.0796,38.93546],[-77.07961,38.9355],[-77.07962,38.93555],[-77.07964,38.93558],[-77.07966,38.93564],[-77.07968,38.93571],[-77.0797,38.93579],[-77.07974,38.93593],[-77.07974,38.93602],[-77.07974,38.93607],[-77.07972,38.93615],[-77.07972,38.93618],[-77.0797,38.93624],[-77.07968,38.93632],[-77.07968,38.93638],[-77.07966,38.93643],[-77.07962,38.93648],[-77.07962,38.93651],[-77.07962,38.93655],[-77.0796,38.93664],[-77.07959,38.93668],[-77.07957,38.93672],[-77.07955,38.93676],[-77.07953,38.93679],[-77.0795,38.93683],[-77.07943,38.93688],[-77.07941,38.93692],[-77.07937,38.93696],[-77.07935,38.93702],[-77.07933,38.93704],[-77.07932,38.93708],[-77.07932,38.9371],[-77.07929,38.93714],[-77.07929,38.93719],[-77.07929,38.93723],[-77.07927,38.93728],[-77.0792,38.93741]],[[-77.0792,38.93741],[-77.07928,38.93755],[-77.07929,38.9376],[-77.07929,38.93762],[-77.0793,38.93768],[-77.0793,38.93769],[-77.07931,38.93777],[-77.07932,38.93782],[-77.07933,38.93784],[-77.07933,38.93785],[-77.07934,38.93793],[-77.07935,38.93799],[-77.07935,38.93803],[-77.07934,38.93807],[-77.07937,38.93813],[-77.07936,38.93815],[-77.07935,38.93823],[-77.07935,38.93829],[-77.07936,38.93834],[-77.07937,38.93839],[-77.07936,38.93844],[-77.07935,38.93848],[-77.07937,38.93851],[-77.07938,38.93852],[-77.07939,38.93854],[-77.07939,38.93855],[-77.07939,38.93857],[-77.07936,38.9386],[-77.07934,38.93862],[-77.07933,38.93862],[-77.07932,38.93862],[-77.07929,38.9386],[-77.07926,38.93862],[-77.07926,38.93864],[-77.07924,38.9387],[-77.07922,38.93876],[-77.07921,38.93878],[-77.0792,38.93883],[-77.07918,38.93888],[-77.07917,38.93891],[-77.07915,38.93894],[-77.07914,38.93894],[-77.07914,38.93895],[-77.07915,38.93898],[-77.07917,38.93905],[-77.07917,38.93906],[-77.07917,38.93909],[-77.07918,38.93914],[-77.07918,38.93916],[-77.07916,38.93928],[-77.07916,38.93928],[-77.07917,38.93933],[-77.07916,38.93937],[-77.07914,38.93939],[-77.07912,38.93945],[-77.0791,38.93948],[-77.07909,38.93953],[-77.07908,38.93957],[-77.07906,38.93968],[-77.07906,38.93971],[-77.07906,38.93985],[-77.07906,38.93988],[-77.07904,38.93991],[-77.07903,38.93993],[-77.07899,38.93997],[-77.07897,38.94],[-77.07895,38.94006],[-77.07894,38.9401],[-77.07894,38.94013],[-77.07896,38.94026],[-77.07894,38.94032],[-77.07896,38.94038],[-77.07896,38.94043],[-77.07897,38.94047],[-77.07895,38.94048],[-77.07895,38.94053],[-77.07901,38.9406],[-77.07899,38.94067],[-77.07902,38.94073],[-77.07901,38.94075],[-77.079,38.94085],[-77.07899,38.94091],[-77.07899,38.94096],[-77.07896,38.94098],[-77.07895,38.94101],[-77.07895,38.94106],[-77.07896,38.94115],[-77.07893,38.9412],[-77.07892,38.94126],[-77.07892,38.94133],[-77.07889,38.94138],[-77.07886,38.94144],[-77.07884,38.94148],[-77.07884,38.94151],[-77.07883,38.94157],[-77.07879,38.9416],[-77.07877,38.94166],[-77.07874,38.94171],[-77.0787,38.94176],[-77.07867,38.94181],[-77.07864,38.94186],[-77.07865,38.94188],[-77.07865,38.94191],[-77.07867,38.94195],[-77.0787,38.94199],[-77.07872,38.94205],[-77.07871,38.94212],[-77.07868,38.94218],[-77.07864,38.94223],[-77.07862,38.94228],[-77.07862,38.94231],[-77.07861,38.94239],[-77.07859,38.94245],[-77.07857,38.94251],[-77.07855,38.94257],[-77.07853,38.9426],[-77.07853,38.94265],[-77.07851,38.94272],[-77.07847,38.94278],[-77.07845,38.94284],[-77.07844,38.9429],[-77.07843,38.94297],[-77.07841,38.94303],[-77.07839,38.94307],[-77.0784,38.94308]],[[-77.0792,38.93741],[-77.07918,38.93751],[-77.07917,38.93753],[-77.07916,38.93757],[-77.07905,38.93761],[-77.07899,38.93764],[-77.07889,38.93767],[-77.07879,38.9377],[-77.07873,38.93771],[-77.07868,38.93772],[-77.07862,38.93774],[-77.07856,38.93775],[-77.07848,38.93775],[-77.07848,38.93775]]]},"properties":{"name":"Glover Archbold Foot Trail","src":"nps"}},{"type":"Feature","geometry":{"type":"LineString","coordinates":[[-77.07858,38.94205],[-77.07858,38.94204],[-77.07859,38.94202],[-77.0786,38.942],[-77.0786,38.94198],[-77.07861,38.94197],[-77.07862,38.94195],[-77.07863,38.94193],[-77.07864,38.94191],[-77.07865,38.94188]]},"properties":{"name":"Glover Archbold Foot Trail","src":"nps"}},{"type":"Feature","geometry":{"type":"LineString","coordinates":[[-77.0486,38.94138],[-77.04854,38.94136],[-77.04847,38.94135],[-77.04839,38.94134],[-77.04835,38.94134],[-77.04832,38.94132],[-77.04827,38.9413],[-77.0482,38.94128],[-77.04814,38.94125],[-77.04807,38.94122],[-77.04802,38.94118],[-77.04798,38.94114],[-77.04793,38.94111],[-77.04785,38.94107],[-77.04783,38.94106],[-77.04777,38.94103],[-77.04767,38.94101],[-77.04761,38.94098]]},"properties":{"name":"Foot Trail","src":"nps"}},{"type":"Feature","geometry":{"type":"MultiLineString","coordinates":[[[-77.06692,38.93934],[-77.0669,38.93935],[-77.06688,38.93941],[-77.06688,38.93943],[-77.06685,38.93947],[-77.0668,38.93957],[-77.06679,38.93962],[-77.06678,38.93964],[-77.06675,38.93967],[-77.06666,38.9398],[-77.06656,38.93988],[-77.06655,38.93992],[-77.06656,38.93995]],[[-77.06723,38.94059],[-77.0672,38.94056],[-77.06721,38.94052],[-77.06722,38.94045],[-77.06719,38.94038],[-77.06717,38.94021],[-77.06714,38.94017],[-77.06712,38.94013],[-77.06709,38.94004],[-77.06705,38.94004],[-77.06692,38.94001],[-77.06684,38.94],[-77.0667,38.93997],[-77.06668,38.93995],[-77.06659,38.93994],[-77.06656,38.93995]],[[-77.06161,38.9388],[-77.06165,38.93879],[-77.06168,38.9388],[-77.06171,38.9388],[-77.06177,38.93879],[-77.06184,38.93877],[-77.06193,38.93877],[-77.06202,38.93876],[-77.06212,38.9388],[-77.06217,38.9388],[-77.06226,38.93882],[-77.0623,38.93882],[-77.06233,38.93882],[-77.06235,38.93881],[-77.06242,38.93876],[-77.06244,38.93875],[-77.06244,38.93875]],[[-77.06246,38.93861],[-77.06244,38.93865],[-77.06243,38.93867],[-77.06244,38.93872],[-77.06244,38.93875]],[[-77.06012,38.93868],[-77.0601,38.93868],[-77.06006,38.93867],[-77.06001,38.9386],[-77.05994,38.93858],[-77.0598,38.9386],[-77.05964,38.93863],[-77.05949,38.93863],[-77.05943,38.93869],[-77.05935,38.93875],[-77.05928,38.93878],[-77.05921,38.93878],[-77.05915,38.93877],[-77.05911,38.93876],[-77.059,38.93874],[-77.05904,38.9388],[-77.0591,38.93889],[-77.05918,38.93894],[-77.05923,38.93896],[-77.05916,38.93898],[-77.05908,38.93897],[-77.05896,38.93894],[-77.05891,38.93893],[-77.05883,38.93895],[-77.05878,38.93895],[-77.05876,38.93896],[-77.05868,38.93893],[-77.0586,38.9389],[-77.05852,38.93888],[-77.05847,38.93885],[-77.05841,38.93884],[-77.05837,38.93884],[-77.05825,38.93881],[-77.05816,38.93879],[-77.05812,38.93878],[-77.05803,38.9388],[-77.05793,38.93881],[-77.05784,38.93878],[-77.05776,38.93875],[-77.05772,38.93874],[-77.0577,38.93874]],[[-77.0581,38.93989],[-77.05814,38.9399],[-77.05817,38.93988],[-77.0582,38.93986],[-77.05823,38.93981],[-77.05824,38.93978],[-77.05824,38.93975],[-77.05821,38.9397],[-77.05823,38.93966],[-77.05822,38.93962],[-77.05822,38.93959],[-77.05824,38.93956],[-77.05826,38.93951],[-77.05826,38.93946],[-77.05822,38.93942],[-77.05817,38.93938],[-77.05812,38.93937],[-77.0581,38.93937],[-77.05803,38.93934],[-77.05802,38.93933],[-77.05797,38.93928],[-77.05795,38.93925],[-77.05794,38.93922],[-77.05791,38.93921],[-77.0579,38.93917],[-77.05788,38.93916],[-77.05785,38.93915],[-77.05783,38.93912],[-77.05783,38.93909],[-77.05781,38.93906],[-77.05779,38.93903],[-77.05777,38.939],[-77.05776,38.93897],[-77.05776,38.93893],[-77.05775,38.93889],[-77.05773,38.93887],[-77.05772,38.93885],[-77.05773,38.93881],[-77.05771,38.93879],[-77.0577,38.93874]],[[-77.06656,38.93995],[-77.06653,38.93997],[-77.06646,38.94],[-77.06641,38.94002],[-77.06638,38.94002],[-77.06635,38.94001],[-77.0663,38.93997],[-77.06616,38.93988],[-77.06608,38.93984],[-77.06602,38.93981],[-77.06596,38.93977],[-77.0659,38.93974],[-77.06582,38.93972],[-77.06565,38.93971],[-77.06554,38.9397],[-77.06547,38.93967],[-77.06532,38.93965],[-77.06529,38.93965],[-77.06515,38.93967],[-77.06507,38.93966],[-77.06499,38.93965],[-77.06495,38.93964],[-77.06486,38.93964],[-77.06476,38.93963],[-77.06467,38.93964],[-77.06458,38.93963],[-77.06456,38.93962],[-77.06442,38.93963],[-77.06434,38.93963],[-77.06421,38.93961],[-77.06417,38.93958],[-77.06412,38.93951],[-77.06396,38.93945],[-77.06389,38.93944],[-77.06383,38.93943],[-77.06378,38.93942],[-77.06374,38.93941],[-77.0637,38.93942],[-77.06366,38.93944],[-77.06355,38.93946],[-77.06347,38.93944],[-77.06339,38.93941],[-77.06334,38.93937],[-77.06328,38.93934],[-77.06321,38.93929],[-77.06316,38.93925],[-77.0631,38.93921],[-77.06305,38.9392],[-77.06302,38.93918],[-77.06301,38.93917],[-77.063,38.93914],[-77.06297,38.93908],[-77.06297,38.93906],[-77.06295,38.93905],[-77.06292,38.93903],[-77.0628,38.93896],[-77.06279,38.93893],[-77.06266,38.93884],[-77.06256,38.93882],[-77.0625,38.93878],[-77.06246,38.93876],[-77.06244,38.93875]],[[-77.0577,38.93874],[-77.05764,38.93873],[-77.0576,38.93873],[-77.05748,38.93872],[-77.05739,38.93871],[-77.05738,38.93872],[-77.05733,38.93878],[-77.05726,38.93879],[-77.05719,38.93879],[-77.05708,38.93873],[-77.05704,38.93872],[-77.05701,38.93872],[-77.05691,38.93869],[-77.05687,38.93869],[-77.05684,38.93865],[-77.05678,38.93854],[-77.05675,38.93853],[-77.05672,38.93853],[-77.05668,38.93851],[-77.05649,38.93839],[-77.05644,38.93836],[-77.05641,38.93836],[-77.05639,38.93838],[-77.05632,38.93837],[-77.05625,38.93832],[-77.05621,38.93829],[-77.05614,38.93827],[-77.05606,38.93827],[-77.05603,38.93828],[-77.05596,38.93827],[-77.05587,38.93823],[-77.05582,38.93819],[-77.05572,38.93819],[-77.05568,38.93822],[-77.05567,38.93824],[-77.05561,38.93826],[-77.05551,38.93824],[-77.05543,38.93821],[-77.05539,38.93822],[-77.05533,38.93821],[-77.05513,38.93816],[-77.05503,38.93813],[-77.05492,38.93811],[-77.05487,38.93814],[-77.05479,38.93816],[-77.05471,38.93818],[-77.05463,38.93819],[-77.05452,38.93819],[-77.05445,38.9382],[-77.05437,38.93821],[-77.0543,38.93825],[-77.05422,38.93826],[-77.05412,38.93824],[-77.05405,38.93823],[-77.05395,38.93826],[-77.05388,38.93826],[-77.05379,38.93826],[-77.05367,38.93824],[-77.05358,38.93827],[-77.05353,38.93828],[-77.05342,38.93828],[-77.05334,38.93822],[-77.05328,38.9382],[-77.05325,38.9382],[-77.05319,38.93822],[-77.05307,38.93821],[-77.053,38.93823],[-77.05288,38.9382],[-77.0528,38.93821]]]},"properties":{"name":"Melvin Hazen Trail","src":"nps"}},{"type":"Feature","geometry":{"type":"LineString","coordinates":[[-77.04906,38.93827],[-77.04908,38.93828],[-77.04912,38.9383],[-77.04916,38.93832],[-77.04918,38.93833],[-77.04922,38.93836],[-77.04925,38.93839],[-77.0493,38.93842],[-77.04935,38.93845],[-77.04939,38.93849],[-77.04944,38.93853],[-77.04948,38.93856],[-77.04953,38.93859],[-77.04959,38.93861],[-77.04964,38.93862],[-77.04974,38.93869],[-77.04977,38.9387],[-77.04984,38.93873],[-77.0499,38.93877],[-77.04996,38.9388],[-77.05007,38.93884],[-77.05009,38.93885],[-77.05014,38.93888],[-77.05018,38.93892],[-77.05022,38.93897],[-77.05024,38.93902],[-77.05026,38.93906],[-77.05023,38.9391],[-77.05019,38.93913],[-77.05019,38.93916],[-77.05018,38.93919],[-77.05013,38.93922],[-77.05011,38.93925],[-77.05009,38.93927],[-77.05006,38.9393],[-77.05003,38.93932],[-77.05,38.93935],[-77.04996,38.93938],[-77.04993,38.93941],[-77.04992,38.93945],[-77.04992,38.93947],[-77.04994,38.9395],[-77.04996,38.93953],[-77.05001,38.93957],[-77.05005,38.93962],[-77.05008,38.93967],[-77.05012,38.93971],[-77.05014,38.93976],[-77.05016,38.9398],[-77.05017,38.93985],[-77.05017,38.9399],[-77.05015,38.93996],[-77.05012,38.93999],[-77.0501,38.94003],[-77.05007,38.94008],[-77.05004,38.94013],[-77.05002,38.94017],[-77.04999,38.94022],[-77.04996,38.94026],[-77.04992,38.94029],[-77.04986,38.94032],[-77.04981,38.94036],[-77.04975,38.94039],[-77.04968,38.94041],[-77.04962,38.94043],[-77.04956,38.94043],[-77.04949,38.94043],[-77.04942,38.94043],[-77.04935,38.94041],[-77.04929,38.94038],[-77.04925,38.94037],[-77.04923,38.94037]]},"properties":{"name":"Meadowlink Trail","src":"nps"}},{"type":"Feature","geometry":{"type":"LineString","coordinates":[[-77.07843,38.93903],[-77.07849,38.93904],[-77.07854,38.93906],[-77.07856,38.93907],[-77.07864,38.93908],[-77.07871,38.93909],[-77.07881,38.93914],[-77.07884,38.93918],[-77.07887,38.93922],[-77.07891,38.93926],[-77.07894,38.93925],[-77.07898,38.93924],[-77.079,38.93923],[-77.07905,38.93921],[-77.07911,38.93918],[-77.07918,38.93916]]},"properties":{"name":"Glover Archbold Foot Trail","src":"nps"}},{"type":"Feature","geometry":{"type":"LineString","coordinates":[[-77.05018,38.93418],[-77.05011,38.93422],[-77.0501,38.93422],[-77.05009,38.93423],[-77.04998,38.93427],[-77.04989,38.9343],[-77.04982,38.93434],[-77.04977,38.93436],[-77.04967,38.9344],[-77.04959,38.93443],[-77.04952,38.93446],[-77.04947,38.93448],[-77.0494,38.93451],[-77.04937,38.93452],[-77.04932,38.93454],[-77.04924,38.93456],[-77.04918,38.93459],[-77.0491,38.93461],[-77.04907,38.93462],[-77.04904,38.93464],[-77.04903,38.93464],[-77.04901,38.93466],[-77.049,38.93468],[-77.04898,38.93471],[-77.04897,38.93474],[-77.04897,38.93476],[-77.04896,38.93478],[-77.04895,38.93479],[-77.04893,38.93482],[-77.04893,38.93487],[-77.04893,38.93497],[-77.04894,38.93499],[-77.04897,38.93504],[-77.04899,38.93506],[-77.049,38.93507],[-77.04903,38.9351],[-77.04905,38.93511],[-77.04912,38.93516],[-77.04921,38.93523],[-77.04924,38.93524],[-77.0493,38.93528],[-77.04934,38.9353],[-77.04939,38.93532],[-77.04943,38.93534],[-77.04944,38.93536],[-77.04949,38.93542],[-77.0495,38.93547],[-77.04948,38.93552],[-77.04947,38.93553],[-77.04947,38.93557],[-77.04947,38.93564],[-77.04946,38.93568],[-77.04945,38.93572],[-77.04944,38.93575],[-77.04944,38.9358],[-77.04938,38.93594],[-77.04937,38.93598],[-77.04938,38.936],[-77.04939,38.93602],[-77.04939,38.93604],[-77.04938,38.93606],[-77.04938,38.93613],[-77.04938,38.93615],[-77.04938,38.93617],[-77.04939,38.93622],[-77.04941,38.93627],[-77.04942,38.93631],[-77.04949,38.93638],[-77.04953,38.93642],[-77.04956,38.93645],[-77.04963,38.93649],[-77.04974,38.93654],[-77.0498,38.93654],[-77.04983,38.93653],[-77.04994,38.93651],[-77.04999,38.9365],[-77.05003,38.93649],[-77.05011,38.93647],[-77.05016,38.93645],[-77.0502,38.93643],[-77.05023,38.93641],[-77.05026,38.9364],[-77.05028,38.9364],[-77.05029,38.9364],[-77.05033,38.9364],[-77.05039,38.93642],[-77.05046,38.93643],[-77.05047,38.93644],[-77.05051,38.93645],[-77.05058,38.93648],[-77.0506,38.93648],[-77.05063,38.93649],[-77.05068,38.9365],[-77.05076,38.93653],[-77.05078,38.93654],[-77.0508,38.93656],[-77.05094,38.93664],[-77.05096,38.93665],[-77.05105,38.93671],[-77.05118,38.93679],[-77.05128,38.93682],[-77.05131,38.93683],[-77.05137,38.93684],[-77.0514,38.93684],[-77.05145,38.93684],[-77.05148,38.93684],[-77.0515,38.93683],[-77.05155,38.93682],[-77.05157,38.93685],[-77.05163,38.93689],[-77.05165,38.9369],[-77.05169,38.93693],[-77.05177,38.93699],[-77.05178,38.937],[-77.05181,38.93708],[-77.05182,38.9371],[-77.05182,38.93714],[-77.05182,38.93716],[-77.05183,38.93721],[-77.05186,38.93726],[-77.05188,38.93728],[-77.05198,38.93735],[-77.05202,38.93738],[-77.05204,38.93739],[-77.05213,38.93745],[-77.05218,38.93749],[-77.05222,38.93752],[-77.05227,38.93756],[-77.05228,38.93757],[-77.05232,38.9376],[-77.05237,38.93763],[-77.05247,38.93766],[-77.05254,38.93771],[-77.05258,38.93774],[-77.05262,38.93778],[-77.05265,38.93779],[-77.05269,38.93782],[-77.05283,38.9379],[-77.05286,38.93793],[-77.05288,38.93795],[-77.05294,38.93799],[-77.05296,38.938],[-77.05297,38.93801],[-77.05296,38.93802],[-77.0529,38.93802],[-77.05286,38.93804],[-77.05281,38.93805],[-77.05278,38.93807],[-77.05272,38.93807],[-77.05264,38.93808],[-77.05261,38.93809],[-77.05255,38.93811],[-77.05255,38.93814],[-77.0525,38.93819]]},"properties":{"name":"Klingle Mansion Old Road Trace","src":"nps"}},{"type":"Feature","geometry":{"type":"MultiLineString","coordinates":[[[-77.04812,38.93668],[-77.04814,38.93666],[-77.04814,38.93664],[-77.04813,38.93657],[-77.04813,38.93646],[-77.04812,38.93631],[-77.04813,38.93626],[-77.04813,38.93619],[-77.04811,38.93612],[-77.04809,38.93604],[-77.04807,38.93599],[-77.04807,38.93591],[-77.04807,38.93583],[-77.04808,38.93574],[-77.04809,38.93568],[-77.0481,38.9356],[-77.04812,38.93551],[-77.04814,38.93539],[-77.04817,38.9353],[-77.04819,38.93524],[-77.04822,38.93517],[-77.04827,38.9351],[-77.04834,38.93504],[-77.04834,38.93504],[-77.04839,38.93498],[-77.04846,38.93493],[-77.04853,38.93488],[-77.04862,38.93482],[-77.0487,38.93478],[-77.04874,38.93472],[-77.0488,38.9346],[-77.04883,38.93454],[-77.04891,38.93444],[-77.04895,38.93439],[-77.04903,38.9343],[-77.04919,38.93413],[-77.04923,38.93409],[-77.04933,38.93403],[-77.04939,38.93401],[-77.04946,38.93399],[-77.04956,38.93397],[-77.04963,38.93395],[-77.04969,38.93394],[-77.04976,38.93392],[-77.04987,38.9339],[-77.04994,38.93389],[-77.05001,38.93386],[-77.05011,38.93381],[-77.05019,38.93376],[-77.05026,38.9337],[-77.05034,38.93363],[-77.05045,38.93352],[-77.0505,38.93346],[-77.0506,38.93338],[-77.05065,38.93333],[-77.05065,38.93331],[-77.05064,38.9333],[-77.05059,38.93322],[-77.05049,38.93311],[-77.05042,38.93301],[-77.0504,38.93297]],[[-77.0504,38.93297],[-77.05037,38.93291],[-77.05035,38.93284],[-77.05034,38.93278],[-77.05034,38.93275],[-77.05034,38.9327],[-77.05031,38.93266],[-77.05026,38.93261],[-77.05019,38.93256],[-77.05014,38.93252],[-77.05005,38.93247],[-77.04995,38.93243],[-77.04988,38.9324],[-77.0498,38.93238],[-77.04968,38.93236],[-77.04959,38.93235],[-77.0495,38.93233],[-77.0494,38.93231],[-77.0493,38.93228],[-77.04917,38.93225],[-77.04899,38.93221],[-77.04875,38.93216],[-77.04855,38.93212],[-77.04847,38.93209],[-77.04832,38.93205],[-77.04808,38.93199],[-77.0478,38.93191],[-77.04764,38.93187],[-77.0475,38.93182],[-77.0474,38.93178],[-77.04728,38.93174],[-77.04715,38.93167],[-77.04702,38.93159],[-77.04691,38.93149],[-77.0468,38.93137],[-77.04665,38.93122],[-77.04644,38.93101],[-77.04631,38.93089],[-77.04598,38.93063],[-77.04562,38.93036],[-77.04528,38.93011],[-77.04513,38.92998],[-77.04504,38.92991],[-77.04482,38.9297],[-77.04465,38.92951],[-77.04448,38.92929],[-77.04429,38.92904],[-77.04415,38.92881],[-77.04412,38.92875],[-77.04406,38.92861],[-77.04401,38.92845],[-77.04396,38.92824],[-77.04396,38.92817],[-77.04395,38.92807],[-77.04401,38.92789],[-77.04404,38.92772],[-77.04411,38.9275],[-77.0442,38.92723],[-77.04426,38.92711],[-77.04429,38.92705],[-77.04434,38.92699],[-77.0444,38.92691],[-77.04448,38.92683],[-77.04453,38.92678],[-77.04464,38.92669],[-77.04483,38.92655],[-77.04499,38.92644],[-77.04521,38.9263],[-77.04538,38.9262],[-77.04559,38.92609],[-77.04583,38.92599],[-77.04594,38.92593],[-77.04601,38.9259],[-77.04609,38.92588],[-77.04618,38.92588],[-77.04625,38.92588],[-77.04632,38.92588],[-77.04639,38.92589],[-77.04645,38.92591],[-77.0465,38.92593],[-77.04656,38.92596],[-77.04665,38.92602],[-77.0467,38.92606],[-77.04684,38.9262],[-77.04688,38.92624],[-77.04692,38.92627],[-77.04698,38.92629],[-77.04704,38.92631],[-77.04711,38.92634],[-77.04718,38.92637],[-77.04727,38.92642],[-77.04742,38.9265],[-77.04752,38.92657],[-77.04765,38.92666],[-77.04777,38.92674],[-77.04785,38.9268],[-77.04789,38.92686],[-77.04795,38.92693],[-77.04803,38.92705],[-77.04808,38.92713],[-77.04814,38.9272],[-77.04822,38.92728],[-77.04831,38.92734],[-77.04842,38.92742],[-77.04852,38.92747],[-77.04862,38.92752],[-77.04874,38.92759],[-77.04882,38.92763],[-77.04889,38.92766],[-77.049,38.9277],[-77.04912,38.92773],[-77.04921,38.92774],[-77.04931,38.92774],[-77.04942,38.92773],[-77.04951,38.92773],[-77.04957,38.92771],[-77.04963,38.92766],[-77.04965,38.92763],[-77.04966,38.92757],[-77.04964,38.92747],[-77.04962,38.92732],[-77.04957,38.92714],[-77.04953,38.92696],[-77.04946,38.92669],[-77.04943,38.9266],[-77.04943,38.9266],[-77.04942,38.92656],[-77.04941,38.92651],[-77.04941,38.92646],[-77.04942,38.9264],[-77.0494,38.92633],[-77.04938,38.92627],[-77.04936,38.92619],[-77.04936,38.92613],[-77.04936,38.92606],[-77.04936,38.92603],[-77.04933,38.92593],[-77.04929,38.92582],[-77.04926,38.92573],[-77.04919,38.92562],[-77.04911,38.92551],[-77.04907,38.92546],[-77.04902,38.92541],[-77.04894,38.92531],[-77.04887,38.92524],[-77.04881,38.92517],[-77.04874,38.9251],[-77.0487,38.92506],[-77.04869,38.92502],[-77.04868,38.92491],[-77.04866,38.92482],[-77.04862,38.92469],[-77.04856,38.92452],[-77.04851,38.92438],[-77.04847,38.92432],[-77.04845,38.92429],[-77.04853,38.92423],[-77.04857,38.92417],[-77.04858,38.92415],[-77.04861,38.92412],[-77.04864,38.92408],[-77.04868,38.92403],[-77.04872,38.92398],[-77.04876,38.92393],[-77.0488,38.92388],[-77.04883,38.92382],[-77.04886,38.92377],[-77.04889,38.92374],[-77.0489,38.92374],[-77.04896,38.9237],[-77.04897,38.9237],[-77.04906,38.92364],[-77.04907,38.92362],[-77.04912,38.9235],[-77.04923,38.92311],[-77.04927,38.92301],[-77.04931,38.92291],[-77.04935,38.92283],[-77.04939,38.92277],[-77.04944,38.9227],[-77.04949,38.92264],[-77.04954,38.92259],[-77.04959,38.92253],[-77.04964,38.92247],[-77.04968,38.92241],[-77.0497,38.92238],[-77.04975,38.92232],[-77.04983,38.92225],[-77.0499,38.92221],[-77.04996,38.92216],[-77.05001,38.92211],[-77.05006,38.92205],[-77.05012,38.922],[-77.05017,38.92195],[-77.05035,38.92179],[-77.05045,38.92174],[-77.05057,38.92169],[-77.05073,38.92162],[-77.05082,38.9216],[-77.05089,38.92156],[-77.05098,38.92155],[-77.05106,38.92156],[-77.05113,38.92157]]]},"properties":{"name":"Bike Trail #5 - Klingle Rd. Bridge South","src":"nps"}},{"type":"Feature","geometry":{"type":"LineString","coordinates":[[-77.04809,38.93604],[-77.04811,38.93602],[-77.04815,38.93598],[-77.04818,38.93595],[-77.04822,38.93593],[-77.04826,38.9359],[-77.04829,38.93587],[-77.04833,38.93584],[-77.04837,38.9358],[-77.0484,38.93578],[-77.04843,38.93575],[-77.04844,38.93573],[-77.04846,38.93571],[-77.0485,38.93567],[-77.04856,38.93561],[-77.04859,38.93558],[-77.04862,38.93555],[-77.04866,38.93551],[-77.04868,38.93545],[-77.04868,38.93544],[-77.0487,38.93541],[-77.04871,38.93538],[-77.04875,38.93533],[-77.04877,38.9353],[-77.04878,38.93528],[-77.0488,38.93524],[-77.04883,38.93521],[-77.04885,38.93518],[-77.04888,38.93517],[-77.04891,38.93514],[-77.04895,38.9351],[-77.04897,38.93509],[-77.049,38.93507]]},"properties":{"name":"Foot Trail","src":"nps"}},{"type":"Feature","geometry":{"type":"LineString","coordinates":[[-77.07886,38.936],[-77.07887,38.936]]},"properties":{"name":"Glover Archbold Foot Trail","src":"nps"}},{"type":"Feature","geometry":{"type":"MultiLineString","coordinates":[[[-77.11662,38.93593],[-77.11648,38.93581],[-77.11625,38.93564],[-77.11601,38.93544],[-77.11581,38.93526],[-77.11564,38.93506],[-77.11549,38.93489],[-77.11543,38.93483],[-77.1152,38.93454],[-77.11505,38.93435],[-77.11487,38.93414],[-77.11469,38.93392],[-77.1145,38.93369],[-77.11431,38.93344],[-77.11414,38.93321],[-77.11399,38.93298],[-77.11385,38.93275],[-77.11372,38.93251],[-77.11359,38.93228],[-77.11349,38.93208],[-77.11332,38.93181],[-77.11321,38.93161],[-77.11308,38.93142],[-77.11296,38.93123],[-77.11286,38.93106],[-77.11282,38.93099],[-77.11264,38.9307],[-77.11245,38.93039],[-77.11242,38.93036],[-77.11227,38.93008],[-77.11219,38.92996],[-77.11211,38.92983],[-77.11204,38.9297],[-77.11194,38.92954],[-77.11182,38.92935],[-77.11172,38.92918],[-77.11161,38.92901],[-77.1115,38.92882],[-77.11137,38.92862],[-77.11125,38.92843],[-77.11113,38.92823],[-77.111,38.92802],[-77.11088,38.92783],[-77.11076,38.92766],[-77.11063,38.92749],[-77.11059,38.92743],[-77.11047,38.92729],[-77.11034,38.92715],[-77.11029,38.92708],[-77.11001,38.92671],[-77.10998,38.92668],[-77.10996,38.92665],[-77.10982,38.92649],[-77.10964,38.92634],[-77.10947,38.92613],[-77.10923,38.92592],[-77.10903,38.92571],[-77.10879,38.9255],[-77.1086,38.92534],[-77.1084,38.92519],[-77.10822,38.92505],[-77.10803,38.92489],[-77.10779,38.92472],[-77.10757,38.92455],[-77.10741,38.92443],[-77.10731,38.92438],[-77.10707,38.92422],[-77.10684,38.92405],[-77.1066,38.92387],[-77.10615,38.92355],[-77.106,38.92345],[-77.10587,38.92334],[-77.10558,38.92316],[-77.10538,38.92302],[-77.10519,38.92289],[-77.10504,38.92279],[-77.10487,38.92268],[-77.10474,38.92257],[-77.10358,38.92165],[-77.10338,38.92147],[-77.10319,38.92129],[-77.10287,38.92094],[-77.1022,38.92014],[-77.10209,38.92001],[-77.10204,38.91997],[-77.10198,38.91986],[-77.10185,38.9197],[-77.10172,38.91952],[-77.10163,38.91938],[-77.1015,38.9192],[-77.10133,38.91895],[-77.10115,38.91866],[-77.10099,38.91842],[-77.10085,38.91819],[-77.10081,38.9181],[-77.10078,38.91804],[-77.10069,38.91791],[-77.10049,38.91762],[-77.1003,38.9173],[-77.10007,38.91694],[-77.09986,38.91661],[-77.09974,38.91641],[-77.09969,38.91634],[-77.09957,38.91616],[-77.0994,38.91589],[-77.09919,38.91557],[-77.09896,38.91521],[-77.09872,38.91483],[-77.0985,38.91448],[-77.09822,38.91405],[-77.09802,38.91374],[-77.09777,38.91335],[-77.09754,38.913],[-77.09731,38.9127],[-77.09705,38.91239],[-77.09678,38.91208],[-77.09647,38.91174],[-77.09615,38.91142],[-77.09582,38.91111],[-77.09547,38.91081],[-77.09513,38.91054],[-77.09478,38.91026],[-77.09443,38.90998],[-77.09406,38.90969],[-77.0937,38.90941],[-77.09333,38.90916],[-77.09301,38.90895],[-77.0927,38.90876],[-77.09236,38.90856],[-77.09198,38.90832],[-77.09153,38.90811],[-77.09113,38.90794],[-77.09075,38.90777],[-77.09031,38.90759],[-77.09,38.90747],[-77.08997,38.90745],[-77.08989,38.90742],[-77.08957,38.90731],[-77.08917,38.90719],[-77.08882,38.90709],[-77.08839,38.90695],[-77.08794,38.90682],[-77.08745,38.90667],[-77.08696,38.90653],[-77.08657,38.90642],[-77.08635,38.90633],[-77.08603,38.90622],[-77.08566,38.9061],[-77.08527,38.90597],[-77.08488,38.90584],[-77.08448,38.90569],[-77.08408,38.90555],[-77.08366,38.9054],[-77.08323,38.90524],[-77.08281,38.90511],[-77.08242,38.90502],[-77.08202,38.90498],[-77.08162,38.90498],[-77.08121,38.90504],[-77.0808,38.90514],[-77.08039,38.90524],[-77.08,38.90535],[-77.07964,38.90546],[-77.0793,38.90555],[-77.07908,38.90559],[-77.07891,38.90563],[-77.0787,38.90566],[-77.07851,38.90567],[-77.07848,38.90568],[-77.07821,38.90568],[-77.07792,38.90566],[-77.07777,38.90564],[-77.07717,38.90551],[-77.07682,38.90542],[-77.07645,38.90533],[-77.07605,38.90526],[-77.07561,38.90521],[-77.07515,38.90518],[-77.07468,38.90516],[-77.0742,38.90514],[-77.0737,38.90511],[-77.07322,38.90508],[-77.07274,38.90503],[-77.07224,38.90495],[-77.07175,38.90487],[-77.07129,38.9048],[-77.07087,38.90473],[-77.0705,38.90468],[-77.07031,38.90464],[-77.07027,38.90464],[-77.06953,38.90452],[-77.06942,38.9045],[-77.06919,38.90447],[-77.0685,38.90437],[-77.06843,38.90436],[-77.06837,38.90435],[-77.06795,38.90434],[-77.06777,38.90434],[-77.06758,38.90434],[-77.06738,38.90433],[-77.06718,38.90429],[-77.06685,38.90422],[-77.06676,38.90421],[-77.06655,38.90419],[-77.06633,38.90417],[-77.0661,38.90415],[-77.06602,38.90412],[-77.06596,38.90411]],[[-77.05676,38.90405],[-77.05684,38.90404],[-77.057,38.90407],[-77.0572,38.90407],[-77.05727,38.90407],[-77.05794,38.90407],[-77.05911,38.90415],[-77.05924,38.90415],[-77.05945,38.90416],[-77.05957,38.90419],[-77.05981,38.90422],[-77.06,38.90423],[-77.06006,38.90424],[-77.0601,38.90424],[-77.06016,38.90425],[-77.06048,38.90426],[-77.06061,38.90426],[-77.0607,38.90426],[-77.06107,38.90428],[-77.06113,38.90429],[-77.06122,38.90429],[-77.06131,38.9043],[-77.06138,38.9043],[-77.06216,38.90425],[-77.06221,38.90426],[-77.0623,38.90427],[-77.0624,38.90428],[-77.06248,38.90428],[-77.06304,38.90433],[-77.06522,38.90429],[-77.06558,38.90432],[-77.06567,38.90431],[-77.06577,38.90431],[-77.06585,38.90431],[-77.06593,38.90432],[-77.0661,38.90432],[-77.06615,38.90432],[-77.06622,38.90434],[-77.06629,38.90434],[-77.06652,38.90437],[-77.0666,38.90438],[-77.06672,38.90441],[-77.06676,38.90441],[-77.06683,38.90442],[-77.06753,38.90448],[-77.06758,38.90451],[-77.06766,38.90451],[-77.06783,38.9045],[-77.06792,38.9045],[-77.06802,38.90451]]]},"properties":{"name":"C&O Canal Towpath","src":"nps"}},{"type":"Feature","geometry":{"type":"LineString","coordinates":[[-77.0391,38.93557],[-77.03911,38.93556],[-77.03916,38.93555],[-77.03921,38.93556],[-77.03926,38.93557],[-77.03931,38.93557],[-77.03936,38.93557],[-77.0394,38.93557],[-77.03944,38.93557],[-77.03949,38.93559],[-77.03954,38.93561],[-77.03958,38.93562],[-77.03963,38.93564],[-77.03965,38.93564],[-77.03968,38.93565],[-77.03969,38.93566],[-77.03972,38.93568],[-77.03975,38.93571],[-77.03977,38.93573],[-77.0398,38.93575],[-77.03982,38.93577],[-77.03986,38.9358],[-77.03991,38.93581],[-77.03996,38.93582],[-77.04001,38.93584],[-77.04005,38.93586],[-77.0401,38.93586],[-77.04015,38.93589],[-77.04019,38.9359],[-77.04025,38.93593],[-77.04031,38.93594],[-77.04035,38.93594],[-77.04041,38.93596],[-77.04046,38.93597],[-77.04052,38.93598],[-77.04058,38.93597],[-77.04063,38.93595],[-77.04065,38.93594],[-77.0407,38.93592],[-77.04074,38.93591],[-77.04078,38.93588],[-77.04082,38.93587],[-77.04087,38.93586],[-77.04092,38.93582],[-77.04098,38.93582],[-77.04102,38.93581],[-77.04106,38.9358],[-77.0411,38.93578],[-77.04115,38.93577],[-77.04118,38.93576],[-77.04122,38.93577],[-77.04126,38.93577],[-77.04132,38.93577],[-77.04137,38.93575],[-77.04143,38.93575],[-77.04149,38.93576],[-77.04155,38.93577],[-77.04162,38.93578],[-77.04167,38.9358],[-77.04173,38.93581],[-77.04178,38.93582],[-77.04183,38.93583],[-77.0419,38.93584],[-77.04195,38.93583],[-77.04201,38.93584],[-77.04207,38.93583],[-77.04213,38.93584],[-77.04221,38.93585],[-77.04227,38.93585],[-77.04233,38.93585],[-77.0424,38.93584],[-77.04248,38.93584],[-77.04254,38.93583],[-77.0426,38.93583],[-77.04266,38.93582],[-77.04272,38.9358],[-77.04279,38.93576],[-77.04283,38.93573],[-77.04285,38.93573],[-77.04293,38.93575],[-77.04299,38.93574],[-77.04306,38.93574],[-77.04314,38.93573],[-77.0432,38.93573],[-77.04325,38.93572],[-77.0433,38.9357],[-77.04334,38.93569],[-77.04337,38.93568],[-77.0434,38.93567],[-77.04343,38.93568],[-77.04348,38.93568],[-77.04353,38.93569],[-77.04359,38.9357],[-77.04365,38.9357],[-77.04374,38.9357],[-77.04379,38.93569],[-77.04385,38.93568],[-77.04391,38.93566],[-77.04398,38.93565],[-77.04404,38.93563],[-77.04411,38.93562],[-77.04418,38.93562],[-77.04426,38.93561],[-77.04433,38.9356],[-77.04441,38.93559],[-77.04447,38.93558],[-77.04455,38.93558],[-77.04466,38.93555],[-77.04469,38.93554],[-77.04472,38.93554],[-77.04475,38.93554],[-77.0448,38.93552],[-77.04487,38.93551],[-77.04493,38.93551],[-77.045,38.93549],[-77.04505,38.93549],[-77.04512,38.93549],[-77.04517,38.93547],[-77.04523,38.93545],[-77.04531,38.93542],[-77.04538,38.93538],[-77.04545,38.93534],[-77.0455,38.93533],[-77.04551,38.93532]]},"properties":{"name":"Piney Branch Foot Trail","src":"nps"}},{"type":"Feature","geometry":{"type":"MultiLineString","coordinates":[[[-77.09196,38.93135],[-77.09203,38.93136],[-77.09206,38.93137],[-77.09211,38.93135],[-77.09218,38.93133],[-77.09222,38.93131],[-77.09223,38.93131]],[[-77.09517,38.926],[-77.09499,38.92617],[-77.09495,38.92622],[-77.0949,38.92626],[-77.09489,38.92629],[-77.09479,38.92653],[-77.09471,38.92663],[-77.09468,38.92667],[-77.09461,38.92673],[-77.09457,38.92676],[-77.09455,38.92677],[-77.09452,38.92682],[-77.09446,38.92689],[-77.09443,38.92692],[-77.0944,38.92699],[-77.09438,38.92701],[-77.09436,38.92703],[-77.0943,38.92712],[-77.09428,38.92715],[-77.09428,38.92715],[-77.09425,38.92719],[-77.09422,38.92724],[-77.0942,38.92727],[-77.09417,38.92731],[-77.09415,38.92735],[-77.09414,38.9274],[-77.09412,38.92744],[-77.0941,38.92749],[-77.09406,38.92757],[-77.09403,38.92761],[-77.09403,38.92762],[-77.094,38.92774],[-77.09397,38.92779],[-77.09395,38.92783],[-77.09395,38.92787],[-77.09396,38.92791],[-77.09397,38.92796],[-77.09398,38.92798],[-77.09398,38.92802],[-77.094,38.92811],[-77.09401,38.92815],[-77.09401,38.92818],[-77.09402,38.92818],[-77.09402,38.9282],[-77.09403,38.92829],[-77.09402,38.9283],[-77.09401,38.92834],[-77.09399,38.92837],[-77.094,38.92841],[-77.09404,38.9285],[-77.09403,38.92854],[-77.09404,38.92855],[-77.09404,38.92856],[-77.09407,38.92858],[-77.09407,38.9286],[-77.09407,38.9286],[-77.09408,38.92863],[-77.09409,38.92866],[-77.09409,38.92867],[-77.09409,38.92868],[-77.09409,38.92869],[-77.09409,38.9287],[-77.0941,38.92873],[-77.09411,38.92878],[-77.09411,38.9288],[-77.0941,38.9288],[-77.0941,38.92881],[-77.09411,38.92881],[-77.09412,38.92884],[-77.09411,38.92885],[-77.09411,38.92886],[-77.09411,38.92887],[-77.09411,38.92887],[-77.09411,38.92889],[-77.09411,38.92889],[-77.09412,38.92891],[-77.09411,38.92891],[-77.09411,38.92891],[-77.09411,38.92892],[-77.09412,38.92894],[-77.09412,38.92895],[-77.09412,38.92896],[-77.09412,38.92897],[-77.09412,38.92898],[-77.09412,38.92898],[-77.09412,38.92898],[-77.09412,38.92901],[-77.09412,38.92902],[-77.09411,38.92903],[-77.09413,38.92913],[-77.09415,38.92924],[-77.09412,38.92929],[-77.09408,38.92933],[-77.09404,38.92938],[-77.094,38.92942],[-77.09396,38.92946],[-77.09393,38.92951],[-77.09391,38.92956],[-77.0939,38.92961],[-77.09387,38.92965],[-77.09384,38.9297],[-77.0938,38.92974],[-77.09376,38.92979],[-77.09372,38.92982],[-77.09368,38.92986],[-77.09366,38.92989],[-77.09365,38.9299],[-77.09362,38.92992],[-77.09361,38.92994],[-77.09357,38.92997],[-77.09355,38.92999],[-77.09351,38.93003],[-77.09346,38.93007],[-77.09342,38.93011],[-77.09337,38.93015],[-77.09333,38.93018],[-77.09328,38.93023],[-77.09324,38.93026],[-77.0932,38.93031],[-77.09316,38.93036],[-77.09312,38.9304],[-77.09308,38.93044],[-77.09304,38.93048],[-77.09302,38.93051],[-77.09301,38.93053],[-77.09299,38.93056],[-77.09297,38.93055],[-77.09295,38.93058],[-77.09293,38.93062],[-77.0929,38.93066],[-77.09286,38.9307],[-77.09282,38.93074],[-77.09278,38.93078],[-77.09274,38.93081],[-77.0927,38.93085],[-77.09266,38.93088],[-77.09262,38.93092],[-77.09258,38.93095],[-77.09254,38.93098],[-77.09252,38.93098],[-77.09248,38.93101],[-77.09245,38.93104],[-77.09243,38.93105],[-77.09239,38.9311],[-77.09235,38.93114],[-77.09232,38.93118],[-77.0923,38.93121],[-77.09225,38.93125],[-77.09223,38.93131]],[[-77.09875,38.92172],[-77.09873,38.92173],[-77.09867,38.92174],[-77.09865,38.92177],[-77.09865,38.9218],[-77.09862,38.92183],[-77.09857,38.92188],[-77.09856,38.9219],[-77.09852,38.92193],[-77.09848,38.92195],[-77.09844,38.92198],[-77.09842,38.92198],[-77.09842,38.92203],[-77.0984,38.92207],[-77.09836,38.92211],[-77.09832,38.92212],[-77.09827,38.92214],[-77.09821,38.92216],[-77.09816,38.92218],[-77.09812,38.9222],[-77.09806,38.92225],[-77.09802,38.92228],[-77.09799,38.9223],[-77.09796,38.92235],[-77.09797,38.92239],[-77.09797,38.92243],[-77.09799,38.92246],[-77.09801,38.92252],[-77.09801,38.92256],[-77.09797,38.92259],[-77.09794,38.92263],[-77.09792,38.92267],[-77.09787,38.92274],[-77.09782,38.92275],[-77.09775,38.92276],[-77.0977,38.92278],[-77.09763,38.9228],[-77.09759,38.92283],[-77.09756,38.92286],[-77.09755,38.92291],[-77.09752,38.92295],[-77.09749,38.92301],[-77.09748,38.92304],[-77.09731,38.92314],[-77.09731,38.92316],[-77.09719,38.9232],[-77.09718,38.92322],[-77.09715,38.92326],[-77.09713,38.92331],[-77.0971,38.92336],[-77.09708,38.92338],[-77.09706,38.92343],[-77.09706,38.92344],[-77.09702,38.92349],[-77.097,38.92351],[-77.097,38.92353],[-77.09695,38.92362],[-77.09696,38.92364],[-77.097,38.92367],[-77.09702,38.92371],[-77.09702,38.92376],[-77.09698,38.9238],[-77.09696,38.92385],[-77.09692,38.92387],[-77.09686,38.92389],[-77.09678,38.92392],[-77.09677,38.92394],[-77.09672,38.92396],[-77.09668,38.92398],[-77.09663,38.92401],[-77.09664,38.92406],[-77.09664,38.92412],[-77.09664,38.92415],[-77.09666,38.92418],[-77.09667,38.92421],[-77.0967,38.92425],[-77.09671,38.92427],[-77.0967,38.92431],[-77.0967,38.92433],[-77.09662,38.92436],[-77.09655,38.92439],[-77.0965,38.92439],[-77.09646,38.92443],[-77.09644,38.92447],[-77.09642,38.92452],[-77.09641,38.92455],[-77.09638,38.92458],[-77.09635,38.92463],[-77.09633,38.92469],[-77.09629,38.92474],[-77.09626,38.92479],[-77.09625,38.92484],[-77.09622,38.92491],[-77.09623,38.92496],[-77.09623,38.92501],[-77.09622,38.92506],[-77.0962,38.92513],[-77.09621,38.92516],[-77.09621,38.92523],[-77.09623,38.92528],[-77.09622,38.92534],[-77.09618,38.92539],[-77.09614,38.92542],[-77.09608,38.92547],[-77.09602,38.92552],[-77.09597,38.92561],[-77.09599,38.92564],[-77.09601,38.9257],[-77.09603,38.92573],[-77.09607,38.92579],[-77.09605,38.92588],[-77.09605,38.92588],[-77.096,38.92593],[-77.09592,38.92594],[-77.09585,38.92596],[-77.09578,38.92597],[-77.09571,38.92601],[-77.09567,38.92603],[-77.09562,38.92606],[-77.09557,38.9261],[-77.09553,38.92611],[-77.0955,38.92611],[-77.09545,38.92615],[-77.09543,38.92623],[-77.09538,38.92627],[-77.09538,38.9263],[-77.09539,38.92632],[-77.09541,38.92635],[-77.09541,38.92638],[-77.09541,38.92643],[-77.09542,38.92648],[-77.09543,38.92654],[-77.09541,38.92658],[-77.09538,38.92661],[-77.09538,38.92664],[-77.09536,38.9267],[-77.09534,38.92676],[-77.09531,38.92682],[-77.09528,38.92685],[-77.09525,38.9269],[-77.09522,38.92693],[-77.09519,38.92698],[-77.09522,38.92704],[-77.09523,38.92711],[-77.09523,38.92712],[-77.09521,38.9272],[-77.09518,38.92723],[-77.09511,38.92731],[-77.09508,38.92734],[-77.09506,38.92739],[-77.09504,38.92745],[-77.09503,38.92751],[-77.09503,38.92756],[-77.09501,38.92761],[-77.09499,38.92767],[-77.09497,38.92773],[-77.09495,38.92778],[-77.09494,38.92784],[-77.09493,38.9279],[-77.09492,38.92801],[-77.0949,38.92805],[-77.09488,38.92808],[-77.09485,38.92814],[-77.09481,38.9282],[-77.09481,38.92823]],[[-77.09518,38.926],[-77.09519,38.92597],[-77.09523,38.9259],[-77.09529,38.92583],[-77.09531,38.9258],[-77.09539,38.92572],[-77.09545,38.92562],[-77.09546,38.9256],[-77.09549,38.92551],[-77.09551,38.92545],[-77.09552,38.92542],[-77.09553,38.92539],[-77.09555,38.92537],[-77.09568,38.92529],[-77.09577,38.92523],[-77.09581,38.92521],[-77.09585,38.92516],[-77.09585,38.92512],[-77.09585,38.9251],[-77.09582,38.92502],[-77.0958,38.92493],[-77.0958,38.92491],[-77.0958,38.92485],[-77.0958,38.92482],[-77.09582,38.92475],[-77.09583,38.9247],[-77.09582,38.92469],[-77.09585,38.92465],[-77.09583,38.92459],[-77.09582,38.92446],[-77.09579,38.92433],[-77.09588,38.92426],[-77.0959,38.9242],[-77.09592,38.9241],[-77.09595,38.92406],[-77.09597,38.92401],[-77.09599,38.92396],[-77.09602,38.92391],[-77.09604,38.92387],[-77.09607,38.92375],[-77.09608,38.92374],[-77.09611,38.92372],[-77.09613,38.92371],[-77.09626,38.92367],[-77.09627,38.92364],[-77.09633,38.92359],[-77.09634,38.92347],[-77.09644,38.92323],[-77.0965,38.92319],[-77.09656,38.92316],[-77.09658,38.92315],[-77.09661,38.92314],[-77.09666,38.92313],[-77.09668,38.92312],[-77.0967,38.92312],[-77.09673,38.9231],[-77.09675,38.92308],[-77.09678,38.92309],[-77.09681,38.92308],[-77.09684,38.92307],[-77.09687,38.92305],[-77.09692,38.92303],[-77.09696,38.92302],[-77.09707,38.92298],[-77.09713,38.92297],[-77.09714,38.92296],[-77.09718,38.92292],[-77.09721,38.92289],[-77.0972,38.92287],[-77.09719,38.92283],[-77.09721,38.92278],[-77.09721,38.92276],[-77.09721,38.92273],[-77.09721,38.92268],[-77.09721,38.92265],[-77.09722,38.92263],[-77.09722,38.92263],[-77.09728,38.92256],[-77.0973,38.92253],[-77.09731,38.92252],[-77.09736,38.92249],[-77.0974,38.92248],[-77.09743,38.92245],[-77.09746,38.92242],[-77.09747,38.92241],[-77.09755,38.9223],[-77.09762,38.92226],[-77.09765,38.92222],[-77.09768,38.9222],[-77.0977,38.92217],[-77.09773,38.92213],[-77.09777,38.92209],[-77.09781,38.92205],[-77.09784,38.92203],[-77.09787,38.922],[-77.09794,38.92197],[-77.09797,38.92195],[-77.09798,38.92194],[-77.09799,38.92193],[-77.09811,38.92192],[-77.09823,38.92186],[-77.09828,38.92185],[-77.09837,38.92182],[-77.09841,38.92182],[-77.09849,38.92177],[-77.0987,38.92171],[-77.09877,38.92162],[-77.09877,38.92163]],[[-77.09223,38.93131],[-77.09222,38.93133],[-77.0922,38.93136],[-77.0922,38.93138],[-77.09218,38.93142],[-77.09218,38.93145],[-77.09215,38.93147],[-77.09215,38.93149],[-77.09213,38.93155],[-77.09212,38.93159],[-77.09208,38.93161],[-77.09205,38.93166],[-77.09203,38.9317],[-77.09201,38.93172],[-77.09201,38.93176],[-77.092,38.9318],[-77.092,38.93182],[-77.092,38.93184],[-77.09201,38.93187],[-77.09202,38.93191],[-77.092,38.93192],[-77.09199,38.93194],[-77.09197,38.93196],[-77.09195,38.93199],[-77.09194,38.93203],[-77.0919,38.93207],[-77.09188,38.9321],[-77.09184,38.93214],[-77.09181,38.93218],[-77.09179,38.93222],[-77.09178,38.93226],[-77.09175,38.9323],[-77.09172,38.93235],[-77.09171,38.93237],[-77.09168,38.9324],[-77.09165,38.93244],[-77.09161,38.93249],[-77.0916,38.9325],[-77.09158,38.93253],[-77.09156,38.93256],[-77.09156,38.93259],[-77.0915,38.93264],[-77.09148,38.93268],[-77.09149,38.93269],[-77.09146,38.93272],[-77.09143,38.93276],[-77.0914,38.9328],[-77.09137,38.93285],[-77.09134,38.9329],[-77.09129,38.93292],[-77.09125,38.93296],[-77.09121,38.933],[-77.09118,38.93305],[-77.09117,38.93307]]]},"properties":{"name":"Battery Kemble Foot Trail","src":"nps"}},{"type":"Feature","geometry":{"type":"MultiLineString","coordinates":[[[-77.0901,38.92603],[-77.09021,38.92606],[-77.09039,38.9261],[-77.09047,38.92612],[-77.09058,38.92611],[-77.09064,38.92608],[-77.0907,38.92607],[-77.09076,38.92607],[-77.09086,38.92608],[-77.09098,38.92611],[-77.09112,38.92616],[-77.09119,38.92615],[-77.09133,38.92624],[-77.09164,38.92628],[-77.09184,38.92633],[-77.09191,38.92634],[-77.09199,38.92635],[-77.09226,38.92637],[-77.09233,38.92636],[-77.09247,38.92634],[-77.09261,38.92635],[-77.09285,38.9263],[-77.09297,38.92628],[-77.09323,38.92621],[-77.09367,38.92612],[-77.09417,38.92591],[-77.09425,38.92587],[-77.09444,38.92583],[-77.09446,38.92574],[-77.09467,38.92574],[-77.09486,38.92578],[-77.09488,38.92588],[-77.09487,38.926],[-77.09485,38.92605],[-77.09487,38.92613],[-77.09491,38.92619],[-77.09495,38.92622]],[[-77.08632,38.92598],[-77.08635,38.92599],[-77.08638,38.92599],[-77.08642,38.92602],[-77.08644,38.92605],[-77.08649,38.9261],[-77.08651,38.9261],[-77.08651,38.9261],[-77.08664,38.92621],[-77.08671,38.92621],[-77.08674,38.92623],[-77.08679,38.92625],[-77.08682,38.92626],[-77.08693,38.92622],[-77.087,38.92623],[-77.08702,38.92623],[-77.08705,38.92623],[-77.08713,38.92625],[-77.08721,38.92627],[-77.08725,38.92629],[-77.08729,38.92632],[-77.08739,38.92644],[-77.0874,38.92647],[-77.08742,38.92648],[-77.08746,38.92649],[-77.0875,38.92648],[-77.08751,38.92648],[-77.08763,38.92646],[-77.08766,38.92645],[-77.08771,38.92644],[-77.0878,38.92643],[-77.08786,38.92641],[-77.08789,38.92641],[-77.08796,38.92641],[-77.088,38.92641],[-77.08803,38.92641],[-77.0881,38.9264],[-77.08813,38.92639],[-77.08821,38.92635],[-77.08838,38.92631],[-77.08852,38.92632],[-77.08868,38.92632],[-77.08873,38.92632],[-77.08884,38.92632],[-77.08901,38.92631],[-77.08915,38.9263],[-77.08924,38.92628],[-77.0893,38.92628],[-77.08935,38.92627],[-77.08946,38.92623],[-77.08956,38.92621],[-77.0896,38.9262],[-77.08963,38.92617],[-77.08965,38.92617],[-77.08968,38.92615],[-77.08969,38.92614],[-77.08972,38.92612],[-77.08975,38.92609],[-77.08979,38.92607],[-77.08987,38.92605],[-77.08994,38.92602]],[[-77.08615,38.92566],[-77.08602,38.92567],[-77.08589,38.92569],[-77.08581,38.9257],[-77.0857,38.92567],[-77.08566,38.92564],[-77.08565,38.92562],[-77.08562,38.92559],[-77.08554,38.92556],[-77.08548,38.92555],[-77.08545,38.92554],[-77.08539,38.92549],[-77.08538,38.92541],[-77.08535,38.92538],[-77.08534,38.92537],[-77.0853,38.92534],[-77.0853,38.92528],[-77.08532,38.92524],[-77.08533,38.92517],[-77.08532,38.92507],[-77.08532,38.92496],[-77.08532,38.92486],[-77.0852,38.92483],[-77.08509,38.92478],[-77.08504,38.92477],[-77.08493,38.92478],[-77.08488,38.92476],[-77.08483,38.92474],[-77.08478,38.92473],[-77.08476,38.92471],[-77.08471,38.92467],[-77.08471,38.92467],[-77.08466,38.92459],[-77.08455,38.92456],[-77.08443,38.92453],[-77.0843,38.9245],[-77.08424,38.92446],[-77.08415,38.92444],[-77.08404,38.92441],[-77.08397,38.92431],[-77.08393,38.92425],[-77.08385,38.92422],[-77.08381,38.9242],[-77.08368,38.92417],[-77.08358,38.92415],[-77.08354,38.92414],[-77.0835,38.9241],[-77.08346,38.92408],[-77.08341,38.92404],[-77.08333,38.92401],[-77.0833,38.924],[-77.08323,38.92401],[-77.0832,38.924],[-77.08314,38.92391]]]},"properties":{"name":"Wesley Heights Foot Trail","src":"nps"}},{"type":"Feature","geometry":{"type":"LineString","coordinates":[[-77.05598,38.91926],[-77.05596,38.91928],[-77.05595,38.91932],[-77.05595,38.91938],[-77.05594,38.9194],[-77.05595,38.91944],[-77.05597,38.91948],[-77.05598,38.91952],[-77.056,38.91957],[-77.05601,38.9196],[-77.05604,38.91964],[-77.05607,38.91968],[-77.05613,38.91976],[-77.05615,38.9198],[-77.05617,38.91984],[-77.05619,38.91988],[-77.05621,38.91992],[-77.05624,38.91996],[-77.05636,38.92004],[-77.05638,38.92008],[-77.0564,38.92011],[-77.05647,38.92018],[-77.05648,38.9202],[-77.0565,38.92023],[-77.05655,38.92029],[-77.05657,38.92032],[-77.05657,38.92033],[-77.05661,38.92041],[-77.05683,38.92039],[-77.05709,38.92038],[-77.05721,38.92048],[-77.05744,38.92067],[-77.05758,38.92078],[-77.05794,38.92095],[-77.05838,38.92125],[-77.05887,38.92157],[-77.05907,38.92167],[-77.05921,38.9217],[-77.05946,38.9217],[-77.05958,38.92172],[-77.06005,38.92186],[-77.06008,38.92181],[-77.06026,38.92183],[-77.06051,38.92197],[-77.06067,38.92203],[-77.06102,38.92223],[-77.06109,38.92226],[-77.06112,38.92225],[-77.06116,38.92223],[-77.06118,38.92222],[-77.06122,38.92222],[-77.06128,38.92223],[-77.06136,38.92225],[-77.06147,38.92223],[-77.06151,38.92222],[-77.06153,38.92221],[-77.06153,38.92219],[-77.06151,38.92217],[-77.06149,38.92215],[-77.0615,38.92213],[-77.06152,38.92211],[-77.06152,38.9221],[-77.06152,38.92206],[-77.06158,38.92199],[-77.0616,38.92197],[-77.06163,38.92195],[-77.06178,38.92194],[-77.06179,38.92193],[-77.06183,38.9219],[-77.06183,38.9219],[-77.06186,38.92188],[-77.06192,38.92188],[-77.06197,38.92187],[-77.06205,38.92183],[-77.06208,38.92179],[-77.06211,38.92175],[-77.06221,38.92166],[-77.06228,38.92166],[-77.06234,38.92163],[-77.06238,38.92163],[-77.0625,38.9216],[-77.06253,38.92159],[-77.06258,38.92156],[-77.06262,38.92152],[-77.06266,38.92148],[-77.0627,38.92144],[-77.06274,38.92142],[-77.06279,38.92142],[-77.06281,38.92141],[-77.06288,38.92138],[-77.06291,38.92136],[-77.06294,38.92135],[-77.0632,38.92124],[-77.0633,38.92119],[-77.06333,38.92089],[-77.06338,38.92072],[-77.06345,38.92051],[-77.06354,38.92034],[-77.06375,38.91997],[-77.06389,38.91977],[-77.06408,38.91958],[-77.06438,38.91932],[-77.06469,38.91913],[-77.06479,38.91907],[-77.06506,38.91905],[-77.06519,38.91904],[-77.06548,38.91896],[-77.06586,38.91884],[-77.06593,38.91881],[-77.06603,38.91877],[-77.06607,38.91875],[-77.06608,38.91872],[-77.06612,38.91869],[-77.06616,38.91868],[-77.06621,38.91868],[-77.06625,38.91866],[-77.0663,38.91864],[-77.06635,38.91863],[-77.06636,38.91862],[-77.06643,38.91861],[-77.06645,38.91859],[-77.06646,38.91858],[-77.06652,38.91855],[-77.06658,38.91852],[-77.06662,38.9185],[-77.06668,38.91848],[-77.06672,38.91846],[-77.06673,38.91845],[-77.06678,38.91843],[-77.06691,38.91839],[-77.06692,38.91838],[-77.06695,38.91837],[-77.06696,38.91836],[-77.06698,38.91835],[-77.06698,38.91833],[-77.06699,38.91827],[-77.067,38.91823],[-77.06702,38.91819],[-77.06705,38.91816],[-77.0671,38.91814],[-77.06715,38.91812],[-77.06718,38.91809],[-77.06719,38.91805],[-77.06719,38.91801],[-77.06718,38.91797],[-77.06716,38.91794],[-77.06715,38.91789],[-77.06714,38.91785],[-77.06714,38.91781],[-77.06715,38.91777],[-77.06717,38.91773],[-77.06719,38.91769],[-77.06722,38.91765],[-77.06725,38.91762],[-77.06729,38.9176],[-77.06732,38.91757],[-77.06735,38.91756]]},"properties":{"name":"Normanstone Foot Trail","src":"nps"}},{"type":"Feature","geometry":{"type":"LineString","coordinates":[[-77.05126,38.92162],[-77.0514,38.92157],[-77.05151,38.92151],[-77.05164,38.92141],[-77.05174,38.92124],[-77.05179,38.92112],[-77.05184,38.92107],[-77.05192,38.92102],[-77.05199,38.92097],[-77.0521,38.92094],[-77.05233,38.92088],[-77.05245,38.92085],[-77.05258,38.9208],[-77.05265,38.92078],[-77.05269,38.92076],[-77.05274,38.9207],[-77.05281,38.92064],[-77.05287,38.92056],[-77.05292,38.92052],[-77.05303,38.92044],[-77.05309,38.9204],[-77.05317,38.92036],[-77.05323,38.92033],[-77.05329,38.9203],[-77.05334,38.92029],[-77.05336,38.92027],[-77.05338,38.92026],[-77.05341,38.92023],[-77.05343,38.92019],[-77.05346,38.92015],[-77.0535,38.92008],[-77.05355,38.92001],[-77.05358,38.91997],[-77.05361,38.9199],[-77.05363,38.91988],[-77.05364,38.91987],[-77.05366,38.91986],[-77.05372,38.91985],[-77.05381,38.91986],[-77.0539,38.91986],[-77.05397,38.91984],[-77.05412,38.9198],[-77.05417,38.91978],[-77.05422,38.91977],[-77.0543,38.91974],[-77.05438,38.9197],[-77.0545,38.91963],[-77.05459,38.91956],[-77.05466,38.9195],[-77.05477,38.91938],[-77.05484,38.9193],[-77.05495,38.91916],[-77.05504,38.91905],[-77.05513,38.91898],[-77.05532,38.91886],[-77.05539,38.91882],[-77.05547,38.91878],[-77.0557,38.91869],[-77.05596,38.91861],[-77.05632,38.91852],[-77.0566,38.91844],[-77.05692,38.91834],[-77.05707,38.91829],[-77.05718,38.91825],[-77.0573,38.91819],[-77.05745,38.91812],[-77.05758,38.91805],[-77.05772,38.91797],[-77.0579,38.91784],[-77.05806,38.91772],[-77.05815,38.91764],[-77.05827,38.9175],[-77.05837,38.91737],[-77.05839,38.91733],[-77.05842,38.91726],[-77.05846,38.9172],[-77.0585,38.91711],[-77.05854,38.91697],[-77.05856,38.91688],[-77.05858,38.91672],[-77.0586,38.91662],[-77.05861,38.91657],[-77.05863,38.91649],[-77.05868,38.91637],[-77.05869,38.91633],[-77.05869,38.91627],[-77.05868,38.91621],[-77.05866,38.91611],[-77.05865,38.91601],[-77.05863,38.91594],[-77.05861,38.91587],[-77.05855,38.91577],[-77.05846,38.91566],[-77.05826,38.91544],[-77.05817,38.91536],[-77.0581,38.9153],[-77.05798,38.9152],[-77.05792,38.91514],[-77.05781,38.91505],[-77.05773,38.91498],[-77.05764,38.91491],[-77.05756,38.91485],[-77.05748,38.9148],[-77.05741,38.91476],[-77.05736,38.91474],[-77.05727,38.91472],[-77.0572,38.91469],[-77.05709,38.91464],[-77.05701,38.91457],[-77.05689,38.91447],[-77.05677,38.91438],[-77.05667,38.91431],[-77.05657,38.91426],[-77.05642,38.91419],[-77.05628,38.91412],[-77.05618,38.91406],[-77.05604,38.91394],[-77.05585,38.91377],[-77.05571,38.91367],[-77.05559,38.91357],[-77.05549,38.91346],[-77.05543,38.9134],[-77.05538,38.91334],[-77.05535,38.91328],[-77.05529,38.91322],[-77.0552,38.91313],[-77.05512,38.91305],[-77.05498,38.91297],[-77.05489,38.91291],[-77.05475,38.91285],[-77.05462,38.91281],[-77.05443,38.91274],[-77.05427,38.91269],[-77.05421,38.91268],[-77.05426,38.91257],[-77.05431,38.91241],[-77.05419,38.91234],[-77.05396,38.91226],[-77.05383,38.91222],[-77.05361,38.91217],[-77.05335,38.91211],[-77.05316,38.91206],[-77.05302,38.91203],[-77.05292,38.91199],[-77.05282,38.91192],[-77.05259,38.91175],[-77.0524,38.91159],[-77.05227,38.9115],[-77.05211,38.91138],[-77.05191,38.91125],[-77.0518,38.91116],[-77.05164,38.911],[-77.05146,38.91081],[-77.05138,38.91072],[-77.05128,38.91057],[-77.0511,38.91035],[-77.05106,38.91032],[-77.05097,38.91021],[-77.05083,38.91007],[-77.05072,38.90995],[-77.05062,38.90982],[-77.05058,38.90975],[-77.05056,38.90971],[-77.05056,38.90963],[-77.05059,38.90955],[-77.05063,38.90948],[-77.05068,38.90944],[-77.05074,38.90942],[-77.05086,38.9094],[-77.05103,38.9094],[-77.05116,38.9094],[-77.05124,38.90928],[-77.05128,38.90923],[-77.05137,38.90918],[-77.05142,38.90915],[-77.05148,38.90913],[-77.05155,38.90912],[-77.05167,38.90911],[-77.05188,38.90913],[-77.05199,38.90913],[-77.05211,38.90913],[-77.05228,38.90914],[-77.05247,38.90914],[-77.05262,38.90914],[-77.05281,38.90914],[-77.05286,38.90913],[-77.05295,38.9091],[-77.05309,38.90905],[-77.05322,38.909],[-77.05342,38.90891],[-77.05361,38.90882],[-77.05366,38.90879],[-77.05372,38.90877],[-77.05377,38.90873],[-77.05381,38.90871],[-77.05384,38.90869],[-77.05389,38.90864],[-77.05393,38.9086],[-77.05396,38.90857],[-77.054,38.90853],[-77.05408,38.90846],[-77.05415,38.90839],[-77.05424,38.90829],[-77.05428,38.90824],[-77.05431,38.90821],[-77.05438,38.90815],[-77.05442,38.9081],[-77.05449,38.90799],[-77.05458,38.90785],[-77.05463,38.90777],[-77.05467,38.90769],[-77.05472,38.90758],[-77.05476,38.9075],[-77.0548,38.90739],[-77.05484,38.9073],[-77.05493,38.90712],[-77.05498,38.907],[-77.05503,38.90689],[-77.05509,38.90679],[-77.05517,38.90661],[-77.05522,38.90649],[-77.05531,38.90631],[-77.05539,38.90612],[-77.05547,38.90595],[-77.05549,38.90591],[-77.05553,38.90584],[-77.05558,38.90573],[-77.05563,38.90563],[-77.05567,38.90556],[-77.05572,38.90548],[-77.05574,38.90544],[-77.05575,38.9054],[-77.05579,38.90533],[-77.05589,38.90516],[-77.05601,38.90501],[-77.05608,38.90493],[-77.05613,38.90489],[-77.05617,38.90484],[-77.05622,38.90478],[-77.05624,38.90473],[-77.05637,38.90457],[-77.05653,38.90442],[-77.05663,38.90432],[-77.05671,38.90424],[-77.05672,38.90422],[-77.05672,38.90415],[-77.05671,38.90401],[-77.05671,38.90396],[-77.05673,38.90388],[-77.05675,38.90375],[-77.05677,38.90363],[-77.05678,38.90346],[-77.05679,38.90341],[-77.05684,38.90331],[-77.05689,38.90321],[-77.05694,38.90308],[-77.05697,38.903],[-77.05698,38.90296],[-77.05697,38.90288],[-77.05696,38.90278],[-77.05696,38.90272],[-77.05696,38.90267],[-77.05709,38.90237],[-77.05711,38.90233],[-77.05719,38.90225],[-77.05727,38.90219],[-77.05732,38.90214],[-77.05736,38.9021],[-77.05739,38.90204],[-77.05739,38.90198],[-77.0574,38.90192],[-77.05738,38.90183],[-77.05737,38.90178],[-77.05736,38.90167],[-77.05736,38.90156],[-77.05737,38.9014],[-77.05739,38.9013],[-77.05741,38.90117],[-77.05741,38.90112],[-77.05743,38.90106],[-77.05744,38.90102]]},"properties":{"name":"Bike Trail #6 - Rock Creek Pkwy To Va Ave","src":"nps"}},{"type":"Feature","geometry":{"type":"LineString","coordinates":[[-77.06137,38.91531],[-77.06137,38.91532],[-77.06132,38.91532],[-77.06128,38.91532],[-77.06123,38.91534],[-77.06117,38.91534],[-77.06112,38.91534],[-77.06103,38.91536],[-77.061,38.91536],[-77.06095,38.91538],[-77.06091,38.9154],[-77.06086,38.91541],[-77.06081,38.91543],[-77.06077,38.91544],[-77.06073,38.91544],[-77.0607,38.91545],[-77.06062,38.91545],[-77.06059,38.91545],[-77.06055,38.91545],[-77.06051,38.91545],[-77.06047,38.91545],[-77.06042,38.91545],[-77.06039,38.91547],[-77.06035,38.91548],[-77.06032,38.91551],[-77.06028,38.91553],[-77.06023,38.91555],[-77.06019,38.91557],[-77.06014,38.91557],[-77.06007,38.91558],[-77.06004,38.91558],[-77.05995,38.91562],[-77.05989,38.91563],[-77.05982,38.91567],[-77.05977,38.9157],[-77.05974,38.91571],[-77.05963,38.91577],[-77.05959,38.91579],[-77.05955,38.91582],[-77.05952,38.91584],[-77.05949,38.91588],[-77.05944,38.9159],[-77.0594,38.91591],[-77.05932,38.91599],[-77.05929,38.91599],[-77.05925,38.91602],[-77.05924,38.91605],[-77.05924,38.91609],[-77.05925,38.91612],[-77.05926,38.91616],[-77.05926,38.9162],[-77.05928,38.91624],[-77.05928,38.91628],[-77.05927,38.91633],[-77.05927,38.91636],[-77.05926,38.9164],[-77.05923,38.91644],[-77.05922,38.91645],[-77.05918,38.91655],[-77.05917,38.91656],[-77.05914,38.9166],[-77.05911,38.91664],[-77.05908,38.91668],[-77.05905,38.91671],[-77.05902,38.91674],[-77.059,38.91679],[-77.05896,38.91682],[-77.05893,38.91685],[-77.0589,38.91689],[-77.05889,38.91694],[-77.05887,38.91696],[-77.05886,38.917],[-77.05884,38.91703],[-77.05883,38.91707],[-77.05881,38.91711],[-77.0588,38.91715],[-77.05878,38.91719],[-77.05877,38.91723],[-77.05874,38.91726],[-77.05873,38.9173],[-77.05871,38.91734],[-77.05869,38.91738],[-77.05868,38.91743],[-77.05865,38.91745],[-77.05862,38.91748],[-77.05859,38.91752],[-77.05856,38.91755],[-77.05854,38.91757],[-77.05845,38.91767],[-77.05814,38.91795],[-77.05812,38.91797],[-77.05805,38.91805],[-77.05804,38.91808],[-77.05803,38.91812],[-77.05801,38.91815],[-77.05798,38.91818],[-77.05795,38.9182],[-77.05792,38.91823],[-77.0579,38.91824],[-77.05782,38.91832],[-77.05778,38.91834],[-77.05773,38.91836],[-77.05769,38.91838],[-77.05764,38.91838],[-77.05758,38.91839],[-77.05754,38.91841],[-77.05749,38.91843],[-77.05744,38.91846],[-77.05741,38.91849],[-77.05738,38.9185],[-77.05738,38.91851],[-77.05734,38.91853],[-77.05729,38.91855],[-77.05724,38.91857],[-77.05719,38.91858],[-77.05715,38.91861],[-77.0571,38.91863],[-77.05706,38.91866],[-77.05702,38.91869],[-77.05697,38.91871],[-77.05692,38.91873],[-77.05687,38.91876],[-77.05682,38.91878],[-77.05678,38.9188],[-77.05674,38.91883],[-77.05669,38.91885],[-77.05665,38.91887],[-77.05661,38.91889],[-77.05656,38.91892],[-77.0565,38.91894],[-77.05645,38.91896],[-77.0564,38.91898],[-77.05635,38.91902],[-77.05631,38.91904],[-77.05626,38.91907],[-77.05623,38.91911],[-77.05619,38.91914],[-77.05616,38.91917],[-77.05612,38.91919],[-77.05608,38.91921],[-77.05604,38.91924],[-77.05601,38.91924],[-77.05598,38.91926],[-77.05595,38.91926],[-77.05589,38.91925],[-77.05582,38.91925],[-77.0558,38.91924],[-77.05573,38.91923],[-77.05568,38.91922],[-77.05562,38.91924],[-77.05556,38.91926],[-77.0555,38.91927],[-77.05545,38.91929],[-77.0554,38.91931],[-77.05537,38.91934],[-77.05529,38.91935],[-77.05526,38.91938],[-77.05522,38.91941],[-77.05517,38.91947],[-77.05515,38.91949],[-77.05513,38.91953],[-77.0551,38.91957],[-77.05508,38.91961],[-77.05506,38.91965],[-77.05504,38.91969],[-77.05501,38.91973],[-77.05498,38.91978],[-77.05495,38.9198],[-77.05491,38.91983],[-77.05486,38.91985],[-77.05482,38.91989],[-77.05477,38.91991],[-77.05472,38.91994],[-77.05467,38.91997],[-77.05463,38.92001],[-77.05459,38.92004],[-77.05457,38.92008],[-77.05454,38.92012],[-77.05448,38.92015],[-77.05445,38.92014],[-77.05438,38.92017],[-77.05435,38.92017],[-77.05431,38.92017],[-77.05426,38.92018],[-77.05421,38.92018],[-77.05414,38.92019],[-77.05414,38.92019],[-77.05404,38.92022],[-77.05397,38.92024],[-77.05393,38.92024],[-77.05387,38.92023],[-77.05382,38.92022],[-77.05376,38.92022],[-77.05371,38.92022],[-77.05366,38.92023],[-77.05361,38.92024],[-77.0535,38.92025],[-77.05346,38.92026],[-77.05342,38.92027],[-77.05339,38.92026],[-77.05338,38.92026]]},"properties":{"name":"Parkway Foot Trail","src":"nps"}},{"type":"Feature","geometry":{"type":"MultiLineString","coordinates":[[[-77.07743,38.91855],[-77.07744,38.91854],[-77.07752,38.91853],[-77.07759,38.9185],[-77.07766,38.91843],[-77.07772,38.91842],[-77.0778,38.91841],[-77.07786,38.91838],[-77.07794,38.91838],[-77.07799,38.9184],[-77.07806,38.9184],[-77.07813,38.9184],[-77.07819,38.91841],[-77.07827,38.91842],[-77.07834,38.91845],[-77.0784,38.91844],[-77.07845,38.9184],[-77.07851,38.91837],[-77.07855,38.91834]],[[-77.07748,38.91874],[-77.07748,38.91873],[-77.07747,38.91869],[-77.07744,38.91862],[-77.07743,38.91856],[-77.0774,38.9185],[-77.07739,38.91844],[-77.07737,38.91842],[-77.07729,38.91836],[-77.07722,38.91831],[-77.07717,38.91829],[-77.07711,38.91825],[-77.07704,38.91822],[-77.07697,38.91818],[-77.07691,38.91814],[-77.07684,38.9181],[-77.07678,38.91806],[-77.07671,38.91802],[-77.07664,38.91799],[-77.07657,38.91795],[-77.0765,38.91792],[-77.07643,38.91789],[-77.07636,38.91785],[-77.0763,38.91782],[-77.07623,38.91778],[-77.07618,38.91774]],[[-77.07696,38.91876],[-77.07697,38.91875],[-77.07696,38.91868],[-77.07693,38.91864],[-77.0769,38.9186],[-77.07684,38.91856],[-77.0768,38.91851],[-77.07675,38.91846],[-77.07671,38.91841],[-77.07668,38.91836],[-77.07663,38.9183],[-77.07658,38.91825],[-77.07653,38.91821],[-77.07649,38.91816],[-77.07646,38.91811],[-77.07642,38.91805],[-77.07638,38.918],[-77.07634,38.91795],[-77.07629,38.9179],[-77.07625,38.91785],[-77.07622,38.9178],[-77.07618,38.91774]],[[-77.08243,38.91738],[-77.08242,38.91738],[-77.08238,38.91738],[-77.08234,38.91741],[-77.0823,38.91745],[-77.0822,38.91754],[-77.08216,38.9176],[-77.08212,38.91764],[-77.08208,38.91765],[-77.08203,38.91768],[-77.08199,38.91771],[-77.08191,38.91777],[-77.08185,38.91778],[-77.08181,38.91777],[-77.08175,38.91775],[-77.08169,38.91775],[-77.08163,38.91775],[-77.08155,38.91774],[-77.08153,38.91774],[-77.08147,38.9177],[-77.08109,38.91756],[-77.08101,38.91754],[-77.08092,38.91755],[-77.08084,38.91757],[-77.08075,38.91756],[-77.08073,38.91754]],[[-77.07605,38.91863],[-77.07603,38.91848],[-77.07603,38.91845],[-77.07599,38.91834],[-77.07597,38.91828],[-77.07599,38.91821],[-77.07596,38.91817],[-77.07592,38.91812],[-77.0759,38.91809],[-77.07588,38.91807],[-77.07589,38.91806],[-77.07584,38.91794],[-77.07583,38.91785],[-77.07579,38.91776],[-77.07579,38.91768],[-77.07575,38.91757],[-77.07576,38.9175],[-77.07571,38.91737],[-77.07571,38.9173]],[[-77.07568,38.91686],[-77.07568,38.91688],[-77.07569,38.91689],[-77.0757,38.91693],[-77.07572,38.91705],[-77.07574,38.9171],[-77.07575,38.9172],[-77.07571,38.9173]],[[-77.07174,38.91722],[-77.07173,38.91718],[-77.07169,38.91713],[-77.07166,38.91709],[-77.07162,38.91702],[-77.07159,38.91692],[-77.07158,38.91688],[-77.07155,38.91681],[-77.07152,38.91676]],[[-77.06934,38.91694],[-77.06929,38.91694],[-77.06921,38.91692],[-77.06912,38.91693],[-77.06907,38.91695],[-77.06901,38.91698],[-77.06894,38.917],[-77.06768,38.91759],[-77.06762,38.91762],[-77.06735,38.91756]],[[-77.08073,38.91754],[-77.08069,38.91755],[-77.08063,38.91759],[-77.08058,38.91764],[-77.08052,38.91768],[-77.08051,38.91773],[-77.0805,38.91779],[-77.08048,38.91783],[-77.08042,38.91787],[-77.08038,38.9179],[-77.08032,38.9179],[-77.08025,38.91786],[-77.08018,38.91786],[-77.0801,38.91785],[-77.08002,38.91784],[-77.07994,38.91783],[-77.07987,38.91785],[-77.07981,38.91785],[-77.07966,38.91787],[-77.07957,38.91788],[-77.07949,38.91789],[-77.07946,38.91789],[-77.07934,38.9179],[-77.07927,38.91791],[-77.07919,38.91791],[-77.07913,38.91796],[-77.07911,38.91802],[-77.07905,38.91806],[-77.07899,38.91811],[-77.07892,38.91814],[-77.07887,38.91819],[-77.07882,38.91823],[-77.07877,38.91826],[-77.07868,38.91828],[-77.07862,38.91831],[-77.07856,38.91834],[-77.07855,38.91834]],[[-77.08073,38.91754],[-77.08072,38.91752],[-77.0807,38.9175],[-77.08065,38.91747],[-77.08057,38.91746],[-77.0805,38.91744],[-77.08042,38.91744],[-77.08036,38.91744],[-77.0803,38.91744],[-77.08025,38.91745],[-77.0802,38.91744],[-77.08013,38.91743],[-77.08007,38.91746],[-77.08001,38.91749],[-77.07994,38.91751],[-77.07986,38.91749],[-77.07976,38.91746],[-77.07975,38.91745],[-77.07966,38.91743],[-77.07959,38.91742],[-77.07953,38.91742],[-77.07945,38.91743],[-77.0794,38.91743],[-77.07933,38.91743],[-77.07927,38.91744],[-77.07921,38.91745],[-77.07914,38.91745],[-77.07907,38.91745],[-77.07899,38.91745],[-77.07892,38.91744],[-77.07885,38.91744],[-77.07877,38.91745],[-77.07869,38.91745],[-77.07862,38.91745],[-77.07855,38.91747],[-77.07845,38.91748],[-77.07841,38.91748],[-77.07829,38.91748],[-77.07825,38.91749],[-77.07818,38.91749],[-77.07809,38.91749],[-77.07802,38.91749],[-77.07795,38.91748],[-77.07788,38.91748],[-77.07781,38.91747],[-77.07775,38.91746],[-77.07769,38.91746],[-77.07762,38.91746],[-77.07756,38.91746],[-77.0775,38.91746],[-77.07744,38.91747],[-77.07735,38.91747],[-77.0773,38.91746],[-77.07724,38.91746],[-77.07717,38.91746],[-77.07711,38.91746],[-77.07704,38.91746],[-77.07698,38.91748],[-77.07693,38.91749],[-77.07687,38.9175],[-77.07686,38.9175],[-77.07677,38.9175],[-77.07669,38.91749],[-77.07661,38.91749],[-77.07653,38.91749],[-77.07643,38.91749],[-77.07636,38.9175],[-77.07629,38.9175],[-77.07621,38.9175],[-77.07613,38.91749],[-77.07606,38.91747],[-77.07596,38.91745],[-77.07594,38.91745],[-77.07589,38.91745],[-77.07585,38.91745]],[[-77.07855,38.91834],[-77.07852,38.91839],[-77.07847,38.91845],[-77.07844,38.9185],[-77.07843,38.91856],[-77.07844,38.9186],[-77.07847,38.91866],[-77.0785,38.9187],[-77.07856,38.91876]],[[-77.07618,38.91774],[-77.07614,38.9177],[-77.07607,38.91766],[-77.07602,38.91762],[-77.07596,38.91757],[-77.07591,38.91754],[-77.07589,38.91748],[-77.07587,38.91747],[-77.07585,38.91745]],[[-77.07585,38.91745],[-77.07584,38.91743],[-77.07582,38.91739],[-77.0758,38.91736],[-77.07573,38.91731],[-77.07571,38.9173]],[[-77.07571,38.9173],[-77.07568,38.91725],[-77.07563,38.91724],[-77.07556,38.91719],[-77.07548,38.91714],[-77.0754,38.91709],[-77.07533,38.91705],[-77.07528,38.91702],[-77.07524,38.91699],[-77.07518,38.91696],[-77.07509,38.91692],[-77.07501,38.91691],[-77.07493,38.91693],[-77.07485,38.91694],[-77.07474,38.91694],[-77.07468,38.91694],[-77.07439,38.91697],[-77.07433,38.91697],[-77.07424,38.91694],[-77.07414,38.9169],[-77.07402,38.91687],[-77.07395,38.91685],[-77.07387,38.91682],[-77.07378,38.91679],[-77.07352,38.91674],[-77.07345,38.91675],[-77.07336,38.91672],[-77.07326,38.91668],[-77.07317,38.91665],[-77.07308,38.91662],[-77.07301,38.91661],[-77.07297,38.91661],[-77.07296,38.91693],[-77.07278,38.91693],[-77.07267,38.91684],[-77.07264,38.91684],[-77.07255,38.91683],[-77.07251,38.91684],[-77.07246,38.91684],[-77.07244,38.91686],[-77.07238,38.91685],[-77.07234,38.91685],[-77.0723,38.91684],[-77.07227,38.91685],[-77.07227,38.91689],[-77.07223,38.91689],[-77.07215,38.91686],[-77.07215,38.91684],[-77.07208,38.91683],[-77.07203,38.91682],[-77.07195,38.91683],[-77.07193,38.91682],[-77.07184,38.91679],[-77.07176,38.91677],[-77.07163,38.91675],[-77.0716,38.91675],[-77.07156,38.91677],[-77.07152,38.91676]],[[-77.07152,38.91676],[-77.07148,38.91671],[-77.07139,38.91668],[-77.07137,38.91668],[-77.07136,38.91669],[-77.07132,38.91677],[-77.07129,38.91677],[-77.07126,38.91677],[-77.07122,38.91675],[-77.07116,38.91673],[-77.07111,38.91672],[-77.07106,38.91674],[-77.07101,38.91678],[-77.07098,38.91678],[-77.0709,38.91676],[-77.07084,38.91674],[-77.07079,38.91675],[-77.07078,38.9168],[-77.07074,38.9168],[-77.07071,38.9168],[-77.07067,38.91678],[-77.07058,38.91675],[-77.0705,38.91675],[-77.07047,38.91674],[-77.07042,38.91675],[-77.07038,38.91674],[-77.07029,38.91671],[-77.07021,38.91669],[-77.07013,38.91669],[-77.07009,38.91673],[-77.07004,38.91676],[-77.06995,38.91677],[-77.06988,38.91679],[-77.0698,38.91681],[-77.06975,38.91681],[-77.06974,38.91685],[-77.06973,38.91687],[-77.06972,38.91692],[-77.06964,38.91693],[-77.06957,38.91693],[-77.06952,38.91693]]]},"properties":{"name":"Whitehaven Foot Trail","src":"nps"}},{"type":"Feature","geometry":{"type":"MultiLineString","coordinates":[[[-77.07303,38.91867],[-77.07296,38.91693]],[[-77.07291,38.91633],[-77.07297,38.91661]]]},"properties":{"name":"Foot Trail","src":"nps"}},{"type":"Feature","geometry":{"type":"MultiLineString","coordinates":[[[-77.06735,38.91754],[-77.06732,38.91754],[-77.06729,38.91753],[-77.06726,38.9175],[-77.06723,38.91749],[-77.06719,38.91748],[-77.06715,38.91746],[-77.06712,38.91744],[-77.06708,38.91744],[-77.06705,38.91743],[-77.06701,38.91741],[-77.06697,38.91739],[-77.06695,38.91736],[-77.06692,38.91734],[-77.06688,38.91734],[-77.06683,38.91735],[-77.06682,38.91736],[-77.0668,38.91743],[-77.06683,38.91747],[-77.06684,38.9175],[-77.06683,38.91753],[-77.06682,38.91756],[-77.06681,38.91759],[-77.06681,38.91762],[-77.06678,38.91765],[-77.06674,38.91766],[-77.0667,38.91768],[-77.06666,38.9177],[-77.06663,38.91771],[-77.06655,38.91774],[-77.06651,38.91775],[-77.06648,38.91776],[-77.06644,38.91776],[-77.06641,38.91774],[-77.06637,38.91773],[-77.0663,38.91773],[-77.06627,38.9177],[-77.06623,38.91768],[-77.06622,38.91765],[-77.06617,38.91756],[-77.06616,38.91752],[-77.06613,38.91751],[-77.06609,38.91746],[-77.06605,38.91743],[-77.06602,38.91741],[-77.06598,38.9174],[-77.06597,38.9174],[-77.06593,38.91738],[-77.06592,38.9174],[-77.06588,38.91743],[-77.06586,38.91744],[-77.06584,38.91745],[-77.06581,38.91746],[-77.06578,38.91747],[-77.06574,38.91746],[-77.0657,38.91746],[-77.06565,38.91745],[-77.06561,38.91744],[-77.06557,38.91742],[-77.06554,38.91741],[-77.06551,38.91738],[-77.06547,38.91736],[-77.06543,38.91733],[-77.06539,38.91731],[-77.06535,38.91729],[-77.0653,38.91727],[-77.06527,38.91725],[-77.06522,38.91723],[-77.06518,38.91721],[-77.06512,38.91722],[-77.06505,38.91722],[-77.06504,38.91722],[-77.06499,38.91722],[-77.06495,38.91722],[-77.06488,38.91722],[-77.06486,38.91723],[-77.06482,38.91724],[-77.06478,38.91722],[-77.06474,38.9172],[-77.06469,38.91718],[-77.06467,38.91716],[-77.06463,38.91715]],[[-77.06159,38.91527],[-77.06161,38.91529],[-77.06164,38.91532],[-77.06166,38.91535],[-77.06169,38.91537],[-77.06171,38.9154],[-77.06174,38.91543],[-77.06177,38.91545],[-77.06178,38.91548],[-77.06181,38.9155],[-77.06186,38.91552],[-77.06192,38.91555],[-77.06195,38.91556],[-77.062,38.91557],[-77.06204,38.91558],[-77.06209,38.9156],[-77.06214,38.91562],[-77.06217,38.91563],[-77.06218,38.91565],[-77.0622,38.91568],[-77.0622,38.91572],[-77.0622,38.91576],[-77.06219,38.9158],[-77.06223,38.91584],[-77.06227,38.91587],[-77.06232,38.91591],[-77.06236,38.91593],[-77.06241,38.91595],[-77.06247,38.91597],[-77.06252,38.91599],[-77.06257,38.916],[-77.06262,38.91602],[-77.06268,38.91603],[-77.06269,38.91603],[-77.06273,38.91604],[-77.06278,38.91606],[-77.06282,38.91607],[-77.06284,38.91607],[-77.06289,38.91608],[-77.06295,38.91609],[-77.063,38.91611],[-77.06306,38.91612],[-77.06311,38.91613],[-77.06316,38.91614],[-77.06322,38.91615],[-77.06327,38.91615],[-77.06333,38.91615],[-77.06339,38.91615],[-77.06344,38.91614],[-77.06351,38.91613],[-77.06356,38.91612],[-77.06362,38.91611],[-77.06366,38.91611],[-77.06371,38.91611],[-77.06373,38.91611],[-77.06379,38.9161],[-77.06385,38.9161],[-77.06391,38.9161],[-77.06397,38.91611],[-77.06403,38.91613],[-77.06408,38.91615],[-77.06413,38.91618],[-77.06416,38.9162],[-77.0642,38.91623],[-77.06425,38.91627],[-77.06429,38.9163],[-77.06431,38.91634],[-77.06433,38.91638],[-77.06436,38.91642],[-77.06438,38.91646],[-77.0644,38.9165],[-77.06442,38.91654],[-77.06444,38.91658],[-77.06446,38.91662],[-77.06447,38.91667],[-77.06449,38.91669],[-77.06451,38.91673],[-77.06452,38.91676],[-77.06453,38.91678],[-77.0646,38.9169],[-77.0646,38.9169],[-77.06463,38.91706],[-77.06463,38.91714],[-77.06463,38.91715]],[[-77.06463,38.91715],[-77.06464,38.91726],[-77.06464,38.91728],[-77.06464,38.91731],[-77.06463,38.91734],[-77.06463,38.91737],[-77.06462,38.91742],[-77.06461,38.91746],[-77.0646,38.91748],[-77.0645,38.91759],[-77.0645,38.91768],[-77.0645,38.91769],[-77.06449,38.91772],[-77.06448,38.91775],[-77.06448,38.91777],[-77.06448,38.91779],[-77.06447,38.9179],[-77.06445,38.91801],[-77.06446,38.91807],[-77.06444,38.9181],[-77.06444,38.91811],[-77.06433,38.91811],[-77.06426,38.91809],[-77.06425,38.91809],[-77.06422,38.91808],[-77.06413,38.91808],[-77.06411,38.91809],[-77.06408,38.91812],[-77.06401,38.91816],[-77.06397,38.91817],[-77.06393,38.91821],[-77.06392,38.91823],[-77.06392,38.91826],[-77.06391,38.91827],[-77.06382,38.91829],[-77.0638,38.91829],[-77.06377,38.9183],[-77.06375,38.9183],[-77.06373,38.91835],[-77.06372,38.91835]]]},"properties":{"name":"Dumbarton Oaks Foot Trail","src":"nps"}},{"type":"Feature","geometry":{"type":"LineString","coordinates":[[-77.06219,38.91314],[-77.0617,38.91422],[-77.06163,38.91443],[-77.0616,38.91457],[-77.06154,38.91492],[-77.06151,38.91514],[-77.06144,38.91536],[-77.06144,38.91538],[-77.06142,38.91542],[-77.06139,38.91545],[-77.06137,38.91548],[-77.06134,38.91551],[-77.06131,38.91554],[-77.06127,38.91556],[-77.06124,38.91559],[-77.06119,38.91562],[-77.06112,38.91564],[-77.06107,38.91564],[-77.06103,38.91564],[-77.06097,38.91564],[-77.06092,38.91565],[-77.06087,38.91566],[-77.06083,38.91567],[-77.06078,38.91568],[-77.06073,38.91569],[-77.06068,38.91569],[-77.06064,38.91569],[-77.06059,38.91569],[-77.0605,38.91568],[-77.06046,38.91567],[-77.06043,38.91568],[-77.06039,38.91568],[-77.06035,38.9157],[-77.0603,38.91572],[-77.06026,38.91574],[-77.06021,38.91575],[-77.06017,38.91577],[-77.06012,38.9158],[-77.06009,38.91582],[-77.06006,38.91587],[-77.06003,38.91591],[-77.05998,38.91596],[-77.05996,38.91602],[-77.05994,38.91606],[-77.05993,38.91611],[-77.05993,38.91614],[-77.05991,38.91618],[-77.05991,38.91623],[-77.05989,38.91626],[-77.05987,38.91632],[-77.05986,38.91636],[-77.05984,38.9164],[-77.05987,38.91645],[-77.05987,38.91649],[-77.05987,38.91653],[-77.05986,38.91656],[-77.05985,38.91659],[-77.05985,38.91661],[-77.05985,38.91661],[-77.05986,38.91665],[-77.05985,38.91668],[-77.05986,38.91672],[-77.05986,38.91676],[-77.05985,38.91678],[-77.05986,38.91682],[-77.05986,38.91685],[-77.05987,38.91689],[-77.05985,38.91694],[-77.05985,38.91696],[-77.05986,38.91699],[-77.05984,38.91704],[-77.05982,38.91709],[-77.05983,38.91712],[-77.05978,38.91717],[-77.05978,38.9172],[-77.05976,38.91722],[-77.05973,38.91725],[-77.05969,38.91728],[-77.05965,38.91731],[-77.05962,38.91734],[-77.05958,38.91737],[-77.05953,38.9174],[-77.05951,38.91743],[-77.05948,38.91746],[-77.05946,38.9175],[-77.05946,38.91755],[-77.05943,38.91758],[-77.05941,38.91762],[-77.05938,38.91766],[-77.05935,38.91771],[-77.05934,38.91772],[-77.0593,38.91776],[-77.0593,38.91778],[-77.05926,38.91784],[-77.05923,38.91787],[-77.05921,38.91789],[-77.05917,38.91794],[-77.05915,38.91795],[-77.05914,38.91798],[-77.05912,38.91801],[-77.05909,38.91804],[-77.05905,38.91806],[-77.05902,38.91809],[-77.059,38.91811],[-77.059,38.91811]]},"properties":{"name":"Lovers Lane Trail","src":"nps"}},{"type":"Feature","geometry":{"type":"LineString","coordinates":[[-76.94168,38.91327],[-76.94121,38.91356],[-76.94121,38.91374],[-76.94121,38.91392],[-76.9418,38.91402],[-76.94201,38.91408],[-76.94214,38.91423],[-76.94194,38.9145],[-76.9418,38.91463],[-76.94165,38.91488],[-76.9416,38.91524],[-76.94148,38.91546],[-76.94163,38.91563],[-76.94217,38.9157],[-76.94251,38.91585],[-76.94284,38.91621],[-76.94336,38.91621],[-76.94349,38.91621],[-76.94381,38.9158],[-76.9442,38.9156],[-76.94447,38.9154],[-76.94473,38.91519],[-76.94512,38.91489],[-76.94523,38.91474],[-76.94557,38.91458],[-76.94596,38.91463],[-76.94655,38.91458],[-76.94689,38.91443],[-76.9472,38.91438],[-76.94766,38.91433],[-76.94811,38.91433],[-76.94851,38.91433],[-76.94892,38.9143],[-76.94937,38.9143],[-76.94987,38.91423],[-76.95013,38.91433],[-76.95062,38.91426]]},"properties":{"name":"Trails And Walks-Kenilworth  Ke","src":"nps"}},{"type":"Feature","geometry":{"type":"LineString","coordinates":[[-77.08147,38.91265],[-77.07927,38.91259],[-77.07705,38.91265],[-77.07417,38.9126],[-77.07415,38.91356],[-77.07419,38.91364],[-77.06684,38.9138],[-77.06426,38.91377],[-77.0634,38.91348],[-77.06219,38.91314]]},"properties":{"name":"Glover Archbold To Montrose Park","src":"nps"}},{"type":"Feature","geometry":{"type":"MultiLineString","coordinates":[[[-76.94501,38.91281],[-76.94502,38.91277],[-76.94504,38.91269],[-76.94503,38.91263],[-76.94499,38.91257],[-76.94494,38.91253]],[[-76.94501,38.91281],[-76.94499,38.91285],[-76.94498,38.91289]],[[-76.94501,38.91281],[-76.94496,38.91275]],[[-76.94498,38.91289],[-76.94497,38.91295]],[[-76.94498,38.91289],[-76.9449,38.91287],[-76.94483,38.91286],[-76.94477,38.91284]],[[-76.94497,38.91295],[-76.94495,38.91309],[-76.94495,38.91314]],[[-76.94497,38.91295],[-76.9449,38.91297],[-76.94487,38.91299]],[[-76.94496,38.91275],[-76.94492,38.91277],[-76.94488,38.91277],[-76.94482,38.91276],[-76.94479,38.91277]],[[-76.94496,38.91275],[-76.94489,38.91264]],[[-76.94495,38.91314],[-76.94493,38.91327],[-76.9449,38.91334]],[[-76.94495,38.91314],[-76.94491,38.9131],[-76.94488,38.91308],[-76.94486,38.91307]],[[-76.94494,38.91253],[-76.94492,38.91258],[-76.9449,38.91264],[-76.94489,38.91264]],[[-76.94494,38.91253],[-76.94487,38.91253],[-76.94477,38.91251],[-76.94474,38.9125]],[[-76.9449,38.91334],[-76.94489,38.91339],[-76.94483,38.91344],[-76.94474,38.91347]],[[-76.9449,38.91334],[-76.94478,38.91334],[-76.94473,38.91334]],[[-76.94489,38.91264],[-76.94488,38.91265],[-76.94481,38.91265],[-76.94475,38.91266]],[[-76.94487,38.91299],[-76.94487,38.91302],[-76.94486,38.91307]],[[-76.94487,38.91299],[-76.94484,38.91297],[-76.94474,38.91295]],[[-76.94486,38.91307],[-76.94482,38.91308],[-76.94476,38.91309],[-76.94474,38.9131]],[[-76.94479,38.91277],[-76.94477,38.91281],[-76.94477,38.91284]],[[-76.94479,38.91277],[-76.94475,38.91268],[-76.94475,38.91266]],[[-76.94477,38.91284],[-76.94476,38.91286],[-76.94474,38.91295]],[[-76.94477,38.91284],[-76.94459,38.91276]],[[-76.94475,38.91266],[-76.94475,38.91264],[-76.94474,38.9125]],[[-76.94475,38.91266],[-76.94468,38.91265],[-76.9446,38.91263]],[[-76.94473,38.91334],[-76.94475,38.91332],[-76.94472,38.91326],[-76.94471,38.91323]],[[-76.94474,38.91347],[-76.94465,38.91347],[-76.94455,38.91345]],[[-76.94474,38.91347],[-76.94474,38.91344],[-76.94474,38.91339],[-76.94473,38.91334]],[[-76.94474,38.9131],[-76.94472,38.91311],[-76.9447,38.91313],[-76.94468,38.91315]],[[-76.94474,38.9131],[-76.94473,38.91308]],[[-76.94474,38.91295],[-76.94473,38.91308]],[[-76.94474,38.91295],[-76.94459,38.9129]],[[-76.94474,38.9125],[-76.9446,38.91249]],[[-76.94473,38.91334],[-76.94463,38.91334],[-76.94456,38.91334]],[[-76.94473,38.91308],[-76.9447,38.91306],[-76.94458,38.91301]],[[-76.94471,38.91323],[-76.94457,38.91324]],[[-76.94471,38.91323],[-76.9447,38.91319],[-76.94468,38.91315]],[[-76.94468,38.91315],[-76.94458,38.91308]],[[-76.9446,38.91249],[-76.9446,38.91263]],[[-76.9446,38.91249],[-76.9444,38.91248],[-76.94422,38.91248],[-76.9442,38.91248]],[[-76.9446,38.91263],[-76.94459,38.91276]],[[-76.94459,38.91276],[-76.94459,38.91283]],[[-76.94459,38.91283],[-76.94459,38.9129]],[[-76.94459,38.91283],[-76.94416,38.91274]],[[-76.94459,38.9129],[-76.94458,38.91295],[-76.94458,38.91301]],[[-76.94458,38.91301],[-76.94458,38.91308]],[[-76.94458,38.91308],[-76.94457,38.91316]],[[-76.94457,38.91316],[-76.94457,38.91324]],[[-76.94457,38.91316],[-76.94414,38.91313]],[[-76.94457,38.91324],[-76.94456,38.91329],[-76.94456,38.91334]],[[-76.94456,38.91334],[-76.94455,38.91345]],[[-76.94455,38.91345],[-76.94442,38.91342],[-76.94413,38.91336]],[[-76.9442,38.91248],[-76.94408,38.91271]],[[-76.9442,38.91248],[-76.944,38.91246],[-76.94395,38.91246]],[[-76.94416,38.91274],[-76.94416,38.91281]],[[-76.94416,38.91274],[-76.94408,38.91271]],[[-76.94416,38.91281],[-76.94414,38.91312],[-76.94414,38.91313]],[[-76.94416,38.91281],[-76.94403,38.91282],[-76.94396,38.91284],[-76.94387,38.91289],[-76.94385,38.9129]],[[-76.94414,38.91313],[-76.94413,38.91336]],[[-76.94414,38.91313],[-76.94393,38.91313],[-76.94385,38.91311],[-76.94378,38.91308]],[[-76.94413,38.91336],[-76.94402,38.91334],[-76.94386,38.91333],[-76.94375,38.91333]],[[-76.94408,38.91271],[-76.94399,38.91268],[-76.94387,38.91265]],[[-76.94395,38.91246],[-76.94387,38.91265]],[[-76.94395,38.91246],[-76.94373,38.91244]],[[-76.94387,38.91265],[-76.94366,38.91259]],[[-76.94385,38.9129],[-76.94382,38.91294],[-76.94379,38.91303],[-76.94378,38.91308]],[[-76.94385,38.9129],[-76.9438,38.9128],[-76.94366,38.91259]],[[-76.94378,38.91308],[-76.94376,38.91313],[-76.94375,38.91324],[-76.94375,38.91333]],[[-76.94378,38.91308],[-76.94376,38.91308],[-76.94354,38.91296],[-76.94347,38.91295]],[[-76.94375,38.91333],[-76.94355,38.91333]],[[-76.94373,38.91244],[-76.94369,38.91252],[-76.94366,38.91259]],[[-76.94373,38.91244],[-76.94366,38.91243],[-76.94346,38.9124]],[[-76.94366,38.91259],[-76.9435,38.91283],[-76.94341,38.91289]],[[-76.94366,38.91259],[-76.94339,38.91252]],[[-76.94355,38.91333],[-76.94321,38.91334],[-76.94308,38.91334]],[[-76.94355,38.91333],[-76.94347,38.91295]],[[-76.94347,38.91295],[-76.94341,38.91289]],[[-76.94346,38.9124],[-76.94343,38.91246],[-76.94339,38.91252]],[[-76.94346,38.9124],[-76.94345,38.9124],[-76.94329,38.91236],[-76.94324,38.91236]],[[-76.94341,38.91289],[-76.9431,38.91312]],[[-76.94339,38.91252],[-76.94322,38.91247]],[[-76.94324,38.91236],[-76.94323,38.91242],[-76.94322,38.91247]],[[-76.94324,38.91236],[-76.94311,38.91233],[-76.943,38.91229],[-76.94289,38.91225],[-76.94282,38.91225],[-76.94275,38.91226],[-76.94269,38.91228],[-76.94261,38.91233]],[[-76.94322,38.91247],[-76.94287,38.91237],[-76.94261,38.91233]],[[-76.9431,38.91312],[-76.9431,38.91316],[-76.94309,38.91325],[-76.94308,38.91334]],[[-76.9431,38.91312],[-76.94306,38.9131],[-76.94289,38.91303],[-76.94277,38.91297]],[[-76.94308,38.91334],[-76.94187,38.91334],[-76.94181,38.9133],[-76.9417,38.91328],[-76.94168,38.91327]],[[-76.94277,38.91297],[-76.9427,38.91304],[-76.94243,38.91312],[-76.94197,38.91324],[-76.94168,38.91327]],[[-76.94277,38.91297],[-76.94275,38.91291],[-76.94262,38.91283],[-76.94246,38.91276],[-76.94206,38.91261]],[[-76.94261,38.91233],[-76.94255,38.91239],[-76.94247,38.91247],[-76.94237,38.91252],[-76.94221,38.91256],[-76.94206,38.91261]],[[-76.94206,38.91261],[-76.94193,38.9128],[-76.94176,38.91307],[-76.94172,38.91312],[-76.94161,38.91315],[-76.94162,38.91322],[-76.94168,38.91327]]]},"properties":{"name":"Trails-Aquatic Gardens  Kg","src":"nps"}},{"type":"Feature","geometry":{"type":"LineString","coordinates":[[-76.94657,38.91212],[-76.94656,38.91212],[-76.94653,38.91211],[-76.94651,38.91211],[-76.94649,38.91211],[-76.94648,38.9121],[-76.94646,38.9121],[-76.94644,38.9121],[-76.94642,38.9121],[-76.9464,38.91209],[-76.94638,38.91209],[-76.94635,38.91208],[-76.94633,38.91208],[-76.94632,38.91208],[-76.94629,38.91207],[-76.94627,38.91207],[-76.94625,38.91206],[-76.94623,38.91206],[-76.9462,38.91206],[-76.94618,38.91206],[-76.94615,38.91206],[-76.94614,38.91207],[-76.94611,38.91208],[-76.94609,38.91209],[-76.94607,38.9121],[-76.94606,38.91211],[-76.94604,38.91211],[-76.94603,38.91212],[-76.94601,38.91213],[-76.94599,38.91214],[-76.94597,38.91215],[-76.94595,38.91216],[-76.94594,38.91217],[-76.94592,38.91218],[-76.9459,38.91219],[-76.94588,38.9122],[-76.94587,38.91221],[-76.94585,38.91221],[-76.94583,38.91222],[-76.94581,38.91223],[-76.9458,38.91224],[-76.94578,38.91224],[-76.94576,38.91225],[-76.94575,38.91225],[-76.94573,38.91224],[-76.94572,38.91223],[-76.94571,38.91222],[-76.94569,38.91221],[-76.94568,38.9122],[-76.94565,38.91219],[-76.94562,38.91218],[-76.9456,38.91218],[-76.94559,38.91218],[-76.94557,38.91217],[-76.94557,38.91217],[-76.94554,38.91217],[-76.94552,38.91216],[-76.9455,38.91215],[-76.94548,38.91216],[-76.94547,38.91216],[-76.94546,38.91216],[-76.94544,38.91217],[-76.94543,38.91217],[-76.94541,38.91217],[-76.9454,38.91218],[-76.94538,38.91218],[-76.94536,38.91219],[-76.94535,38.91219],[-76.94534,38.91219],[-76.94532,38.91219],[-76.94529,38.91219],[-76.94526,38.91219],[-76.94524,38.9122],[-76.94522,38.9122],[-76.94521,38.9122],[-76.94519,38.9122],[-76.94518,38.91221],[-76.94517,38.9122],[-76.94516,38.9122],[-76.94514,38.91221],[-76.94513,38.91221],[-76.94512,38.91221],[-76.94509,38.91224],[-76.94508,38.91225],[-76.94506,38.91226],[-76.94506,38.91227],[-76.94505,38.91228],[-76.94505,38.91229],[-76.94504,38.9123],[-76.94504,38.91232],[-76.94503,38.91233],[-76.94503,38.91235],[-76.94503,38.91236],[-76.94502,38.91238],[-76.94502,38.91239],[-76.94502,38.91239],[-76.94494,38.91253]]},"properties":{"name":"Trails-Aquatic Gardens  Kg","src":"nps"}},{"type":"Feature","geometry":{"type":"LineString","coordinates":[[-76.94816,38.91202],[-76.94813,38.91202],[-76.94811,38.91202],[-76.94809,38.91202],[-76.94807,38.91202],[-76.94805,38.91201],[-76.94803,38.91201],[-76.94801,38.91201],[-76.94799,38.91201],[-76.94797,38.91201],[-76.94795,38.91201],[-76.94794,38.91201],[-76.94792,38.91201],[-76.9479,38.91201],[-76.94788,38.91201],[-76.94786,38.91201],[-76.94785,38.91201],[-76.94783,38.912],[-76.94781,38.912],[-76.9478,38.91199],[-76.94778,38.91199],[-76.94777,38.91198],[-76.94776,38.91198],[-76.94774,38.91197],[-76.94773,38.91197],[-76.94772,38.91197],[-76.94769,38.91196],[-76.94767,38.91196],[-76.94765,38.91196],[-76.94763,38.91196],[-76.94761,38.91196],[-76.94759,38.91196],[-76.94756,38.91196],[-76.94755,38.91196],[-76.94753,38.91196],[-76.94751,38.91196],[-76.9475,38.91196],[-76.94748,38.91196],[-76.94747,38.91196],[-76.94745,38.91195],[-76.94743,38.91195],[-76.94741,38.91195],[-76.94739,38.91195],[-76.94737,38.91195],[-76.94735,38.91194],[-76.94733,38.91194],[-76.94732,38.91194],[-76.9473,38.91194],[-76.94728,38.91194],[-76.94727,38.91194],[-76.94726,38.91194],[-76.94724,38.91195],[-76.94714,38.91195],[-76.94712,38.91196],[-76.9471,38.91196],[-76.94708,38.91197],[-76.94706,38.91198],[-76.94705,38.91198],[-76.94703,38.91199],[-76.94702,38.912],[-76.947,38.91201],[-76.94699,38.91202],[-76.94697,38.91202],[-76.94696,38.91203],[-76.94694,38.91203],[-76.94694,38.91204],[-76.94692,38.91204],[-76.9469,38.91204],[-76.94689,38.91205],[-76.94687,38.91205],[-76.94685,38.91206],[-76.94683,38.91207],[-76.94681,38.91208],[-76.94679,38.91208],[-76.94676,38.9121],[-76.94673,38.91211],[-76.94671,38.91211],[-76.9467,38.91212],[-76.94669,38.91212],[-76.94666,38.91212],[-76.94664,38.91213],[-76.9466,38.91212],[-76.94658,38.91212],[-76.94657,38.91212]]},"properties":{"name":"Trails-Aquatic Gardens  Kg","src":"nps"}},{"type":"Feature","geometry":{"type":"LineString","coordinates":[[-76.94662,38.91165],[-76.94659,38.91171],[-76.94659,38.9118],[-76.94653,38.9119],[-76.94653,38.91192],[-76.94659,38.91199],[-76.9466,38.91201],[-76.94658,38.91207],[-76.94657,38.91212]]},"properties":{"name":"Trails-Aquatic Gardens  Kg","src":"nps"}},{"type":"Feature","geometry":{"type":"LineString","coordinates":[[-76.94816,38.91202],[-76.94817,38.91203],[-76.94818,38.91204],[-76.94819,38.91206],[-76.9482,38.91206],[-76.94821,38.91206],[-76.94822,38.91207],[-76.94824,38.91207],[-76.94826,38.91207],[-76.94827,38.91207],[-76.94829,38.91207],[-76.9483,38.91207],[-76.94831,38.91207],[-76.94832,38.91206],[-76.94834,38.91205],[-76.94836,38.91204],[-76.94837,38.91202],[-76.94838,38.91201],[-76.94839,38.91199],[-76.94839,38.91197],[-76.94839,38.91196],[-76.94839,38.91194],[-76.94838,38.91193],[-76.94837,38.91191],[-76.94836,38.91191],[-76.94834,38.91191],[-76.94833,38.91191],[-76.94832,38.91191],[-76.94831,38.91191],[-76.94831,38.9119],[-76.9483,38.9119],[-76.94828,38.9119],[-76.94827,38.9119],[-76.94825,38.91189],[-76.94824,38.9119],[-76.94822,38.9119],[-76.9482,38.91191],[-76.9482,38.91192],[-76.9482,38.91193],[-76.9482,38.91195],[-76.9482,38.91196],[-76.9482,38.91198],[-76.94819,38.91199],[-76.94818,38.912],[-76.94817,38.91201],[-76.94816,38.91202]]},"properties":{"name":"Trails-Aquatic Gardens  Kg","src":"nps"}},{"type":"Feature","geometry":{"type":"LineString","coordinates":[[-76.94662,38.91165],[-76.94664,38.91162],[-76.94667,38.91158],[-76.94671,38.91156],[-76.94672,38.91152],[-76.94672,38.9115],[-76.94669,38.91149],[-76.94658,38.91153],[-76.94652,38.9116],[-76.94657,38.91163],[-76.94662,38.91165]]},"properties":{"name":"Trails-Aquatic Gardens  Kg","src":"nps"}},{"type":"Feature","geometry":{"type":"LineString","coordinates":[[-77.05733,38.90092],[-77.05704,38.90013],[-77.05679,38.89941],[-77.05661,38.89884],[-77.05655,38.89858],[-77.05651,38.89844],[-77.0565,38.89831],[-77.05655,38.8978],[-77.0566,38.89739],[-77.05661,38.89729],[-77.05666,38.89714],[-77.05667,38.89688],[-77.05669,38.89635],[-77.05669,38.8956],[-77.05669,38.89542],[-77.05668,38.89525],[-77.05666,38.89505],[-77.05663,38.89483],[-77.05659,38.89465],[-77.05653,38.89446],[-77.05643,38.89422],[-77.05633,38.89401],[-77.05625,38.89389],[-77.05616,38.89377],[-77.05608,38.89365],[-77.05598,38.89348],[-77.0559,38.89335],[-77.05584,38.89327],[-77.05576,38.89319],[-77.05552,38.89282],[-77.05551,38.89271],[-77.0555,38.89262],[-77.05546,38.89254],[-77.05538,38.89245],[-77.05532,38.89239],[-77.05531,38.89235],[-77.05532,38.89232],[-77.05539,38.89233],[-77.0554,38.89228],[-77.05545,38.8922],[-77.05547,38.89212],[-77.05545,38.89204],[-77.05541,38.89196],[-77.0554,38.8919],[-77.05511,38.8919],[-77.05504,38.89189],[-77.05492,38.89188],[-77.05483,38.89189],[-77.0547,38.89189],[-77.05456,38.89188],[-77.05445,38.89185],[-77.05439,38.89182],[-77.05432,38.89177],[-77.05426,38.89169],[-77.0542,38.89161],[-77.05412,38.89153],[-77.05389,38.89131],[-77.05382,38.89124],[-77.05375,38.89117],[-77.05368,38.89113],[-77.05361,38.89108],[-77.05352,38.89105],[-77.05343,38.89102],[-77.05332,38.89098],[-77.05321,38.89096],[-77.0531,38.89094],[-77.05298,38.89092],[-77.05284,38.89091],[-77.05275,38.89089],[-77.05266,38.89085],[-77.05257,38.89079],[-77.05249,38.89074],[-77.05245,38.8907],[-77.05237,38.89062],[-77.05231,38.89053],[-77.05228,38.89047],[-77.05228,38.89041],[-77.0524,38.89016],[-77.05257,38.88993],[-77.05261,38.88984],[-77.05266,38.88971],[-77.0527,38.8896],[-77.05272,38.88948],[-77.05273,38.88938],[-77.05274,38.88925],[-77.05273,38.88914],[-77.05272,38.88903],[-77.05269,38.88891],[-77.05265,38.88879],[-77.0526,38.88867],[-77.05254,38.88857],[-77.05236,38.88833],[-77.05229,38.88822],[-77.05216,38.88804],[-77.05202,38.88788],[-77.05183,38.88771],[-77.05168,38.88757],[-77.05146,38.8874],[-77.05127,38.88726],[-77.05107,38.88712],[-77.05087,38.88699],[-77.05074,38.88691],[-77.05065,38.88685],[-77.0506,38.88681],[-77.05057,38.88677],[-77.05055,38.88671],[-77.05053,38.88665],[-77.0505,38.88659],[-77.05046,38.88653],[-77.0504,38.88649],[-77.05034,38.88645],[-77.05028,38.88643],[-77.0502,38.88641],[-77.05013,38.8864],[-77.05005,38.88641],[-77.04997,38.88641],[-77.0499,38.8864],[-77.04984,38.88639],[-77.04978,38.88636],[-77.04971,38.88632],[-77.04964,38.88627],[-77.04956,38.88623],[-77.0493,38.88606],[-77.04909,38.88591],[-77.04879,38.8857],[-77.04864,38.88558],[-77.04858,38.88551],[-77.04855,38.88546],[-77.04845,38.88537],[-77.04812,38.88508],[-77.0476,38.88462],[-77.04701,38.88411],[-77.04639,38.88359],[-77.04605,38.88332],[-77.04568,38.88303],[-77.04537,38.88279],[-77.04502,38.88253],[-77.04475,38.88233],[-77.04418,38.8819],[-77.04352,38.88143],[-77.04302,38.88108],[-77.04263,38.88082],[-77.04225,38.88057],[-77.04192,38.88035],[-77.04184,38.8803],[-77.04174,38.88026],[-77.04165,38.88022],[-77.04155,38.8802],[-77.04145,38.88019],[-77.04134,38.88019],[-77.04124,38.8802],[-77.04113,38.88023],[-77.04103,38.88026],[-77.04092,38.88029],[-77.04082,38.88032],[-77.04074,38.88032],[-77.04066,38.88032],[-77.04059,38.88029],[-77.04031,38.88013]]},"properties":{"name":"Potomac River","src":"nps"}},{"type":"Feature","geometry":{"type":"LineString","coordinates":[[-77.03735,38.88805],[-77.03731,38.88808],[-77.03729,38.88811],[-77.03727,38.88814],[-77.03728,38.88818],[-77.03729,38.88822],[-77.03732,38.88828],[-77.03727,38.88837],[-77.03727,38.88847],[-77.03725,38.88855],[-77.03723,38.88862],[-77.03718,38.8887],[-77.03712,38.88878],[-77.03705,38.88884],[-77.03695,38.88891],[-77.03688,38.88894],[-77.03678,38.88896],[-77.03673,38.88898],[-77.03671,38.889],[-77.03671,38.88903],[-77.03677,38.88908],[-77.03684,38.88916],[-77.03689,38.88923],[-77.03692,38.8893],[-77.03694,38.88937],[-77.03695,38.88944],[-77.03695,38.88951],[-77.03694,38.88957],[-77.03692,38.88965],[-77.03688,38.88973],[-77.03681,38.88983],[-77.03671,38.88992],[-77.03659,38.89],[-77.03649,38.89005],[-77.03633,38.89011],[-77.03618,38.89015],[-77.03604,38.89017],[-77.03589,38.89017],[-77.03576,38.89017],[-77.03563,38.89014],[-77.03551,38.89011],[-77.03537,38.89006],[-77.03524,38.88999],[-77.03516,38.88992],[-77.03504,38.88978],[-77.03512,38.8894],[-77.03542,38.88918],[-77.0354,38.88912],[-77.03529,38.889],[-77.03516,38.88891],[-77.03504,38.88885],[-77.03491,38.88881],[-77.03476,38.88878],[-77.03461,38.88876],[-77.03446,38.88876],[-77.0343,38.88877],[-77.03414,38.88879],[-77.03396,38.88884],[-77.03376,38.88892],[-77.03369,38.88895],[-77.03359,38.88894],[-77.03346,38.88893],[-77.03329,38.88888],[-77.0332,38.88888],[-77.03308,38.88896],[-77.0328,38.88887],[-77.03215,38.88869],[-77.0318,38.88872],[-77.02779,38.88878],[-77.02756,38.88879],[-77.02735,38.88886],[-77.02711,38.88899],[-77.02678,38.88917],[-77.02655,38.88926],[-77.02625,38.88929],[-77.02599,38.88929],[-77.02598,38.88902],[-77.02625,38.889],[-77.02644,38.88898],[-77.02673,38.88891],[-77.02683,38.88888],[-77.02685,38.88884],[-77.02685,38.88869],[-77.02676,38.88864],[-77.02667,38.88859],[-77.02662,38.88854],[-77.02658,38.88851],[-77.02652,38.88849],[-77.02645,38.88847],[-77.02637,38.88845],[-77.02626,38.88845],[-77.0257,38.88845],[-77.0256,38.88845],[-77.0255,38.88846],[-77.02544,38.88848],[-77.02536,38.88851],[-77.02526,38.88855],[-77.02515,38.88863],[-77.02509,38.88869],[-77.02511,38.88889],[-77.02506,38.88901],[-77.02484,38.88896],[-77.02458,38.88892],[-77.02414,38.88886],[-77.02372,38.8888],[-77.02212,38.88882],[-77.0217,38.88886],[-77.01541,38.88893],[-77.01536,38.88803],[-77.01536,38.8877],[-77.01502,38.88768],[-77.01358,38.88768],[-77.01359,38.88852],[-77.01502,38.88813],[-77.01502,38.88838],[-77.01502,38.8912],[-77.01542,38.89131],[-77.01743,38.89187],[-77.01779,38.89199],[-77.01845,38.89217],[-77.01897,38.89233],[-77.01972,38.89253],[-77.02012,38.89262],[-77.02175,38.89307],[-77.02216,38.8932],[-77.02368,38.89362],[-77.02426,38.89374],[-77.02575,38.89415],[-77.02622,38.89431],[-77.02789,38.89477],[-77.02791,38.89516],[-77.02724,38.89497],[-77.02685,38.89493],[-77.02614,38.89474],[-77.02582,38.89465],[-77.02585,38.89602],[-77.02588,38.89626],[-77.02587,38.89668]]},"properties":{"name":"Urban Trek","src":"nps"}},{"type":"Feature","geometry":{"type":"LineString","coordinates":[[-76.96099,38.89639],[-76.96091,38.89631],[-76.96084,38.89623],[-76.96079,38.89614],[-76.96077,38.89606],[-76.96073,38.8958],[-76.96068,38.89554],[-76.96066,38.8954],[-76.96065,38.8953],[-76.9606,38.89517],[-76.96046,38.89497],[-76.96043,38.89493]]},"properties":{"name":"Trails And Walks-River Terrace  Ke","src":"nps"}},{"type":"Feature","geometry":{"type":"LineString","coordinates":[[-77.03014,38.8957],[-77.03147,38.89571],[-77.03147,38.89599],[-77.03015,38.89599],[-77.03014,38.8957],[-77.02985,38.8957],[-77.02977,38.89567],[-77.02944,38.89559],[-77.02823,38.89525],[-77.02791,38.89516],[-77.02724,38.89497],[-77.02685,38.89493],[-77.02614,38.89474],[-77.02582,38.89465],[-77.02412,38.89418],[-77.02385,38.89405],[-77.02295,38.89379],[-77.02295,38.89409]]},"properties":{"name":"Pennsylvania Avenue","src":"nps"}},{"type":"Feature","geometry":{"type":"LineString","coordinates":[[-76.96043,38.89493],[-76.96026,38.89486],[-76.96006,38.8948],[-76.96,38.89479]]},"properties":{"name":"Trails And Walks-River Terrace  Ke","src":"nps"}},{"type":"Feature","geometry":{"type":"LineString","coordinates":[[-76.96043,38.89493],[-76.96037,38.89485],[-76.96023,38.89464],[-76.96021,38.89458]]},"properties":{"name":"Trails And Walks-River Terrace  Ke","src":"nps"}},{"type":"Feature","geometry":{"type":"LineString","coordinates":[[-76.96021,38.89458],[-76.96019,38.89464],[-76.96018,38.89468],[-76.96013,38.89472],[-76.96005,38.89477],[-76.96,38.89479]]},"properties":{"name":"Trails And Walks-River Terrace  Ke","src":"nps"}},{"type":"Feature","geometry":{"type":"LineString","coordinates":[[-76.96,38.89479],[-76.95996,38.89479],[-76.95978,38.89477],[-76.95963,38.89476]]},"properties":{"name":"Trails And Walks-River Terrace  Ke","src":"nps"}},{"type":"Feature","geometry":{"type":"LineString","coordinates":[[-76.9622,38.88997],[-76.96207,38.89034],[-76.96194,38.89056],[-76.96183,38.89078],[-76.96177,38.89092],[-76.96168,38.89111],[-76.96161,38.89127],[-76.96154,38.89144],[-76.9615,38.89154],[-76.96148,38.8916],[-76.96146,38.8917],[-76.96145,38.89179],[-76.96144,38.8919],[-76.96144,38.89202],[-76.96144,38.89213],[-76.96146,38.89226],[-76.96146,38.89239],[-76.96144,38.89255],[-76.96143,38.89264],[-76.96141,38.89275],[-76.96135,38.89295],[-76.96132,38.89306],[-76.96129,38.89314],[-76.96126,38.89319],[-76.96122,38.89325],[-76.96112,38.89337],[-76.96104,38.89347],[-76.96094,38.89357],[-76.96076,38.8937],[-76.9605,38.89388],[-76.96035,38.894],[-76.96028,38.89407],[-76.96021,38.89418],[-76.96018,38.8943],[-76.96017,38.89444],[-76.96019,38.89453],[-76.96021,38.89458]]},"properties":{"name":"Trails And Walks-River Terrace  Ke","src":"nps"}},{"type":"Feature","geometry":{"type":"LineString","coordinates":[[-76.94046,38.87514],[-76.94046,38.87535],[-76.94068,38.87556],[-76.94097,38.87569],[-76.94131,38.87572],[-76.94165,38.87577],[-76.94198,38.87584],[-76.94222,38.87585],[-76.94254,38.87595],[-76.94283,38.87606],[-76.9431,38.87624],[-76.94326,38.87651],[-76.9433,38.87652],[-76.94335,38.87651],[-76.94339,38.87647],[-76.94351,38.87632],[-76.94359,38.87628],[-76.94367,38.87624],[-76.94373,38.87623],[-76.94378,38.87623],[-76.94382,38.87626],[-76.94395,38.87637],[-76.94402,38.87642],[-76.94407,38.87642],[-76.9442,38.87637],[-76.94432,38.87635],[-76.94443,38.87635],[-76.94454,38.87639],[-76.9447,38.87651],[-76.9448,38.8766],[-76.94484,38.87667],[-76.94493,38.87672],[-76.94498,38.87682],[-76.945,38.8769],[-76.94498,38.87697],[-76.94495,38.87703],[-76.94486,38.87708],[-76.94471,38.87713],[-76.94462,38.87716],[-76.94453,38.8772],[-76.94446,38.87726],[-76.94433,38.87749],[-76.94433,38.87765],[-76.94438,38.87782],[-76.94448,38.87798],[-76.94456,38.87807],[-76.94489,38.87814],[-76.94511,38.87819],[-76.94521,38.87823],[-76.9453,38.87846],[-76.94528,38.87872],[-76.94547,38.8789],[-76.9458,38.87899],[-76.94606,38.87914],[-76.94629,38.87934],[-76.9465,38.87955],[-76.94651,38.87971],[-76.94647,38.8798],[-76.94629,38.88003],[-76.94602,38.88019],[-76.94593,38.88045],[-76.9459,38.88071],[-76.94583,38.88077],[-76.94564,38.88083],[-76.9457,38.88097],[-76.94569,38.88101],[-76.94563,38.88102],[-76.94566,38.88114],[-76.94569,38.88121],[-76.94567,38.88132],[-76.94555,38.88141],[-76.94521,38.88144],[-76.94501,38.88166],[-76.94494,38.88191],[-76.94498,38.88225],[-76.9449,38.88251],[-76.94485,38.8827],[-76.94485,38.88277],[-76.94489,38.88285],[-76.94493,38.88291],[-76.94494,38.88302],[-76.94493,38.88315],[-76.94493,38.88333],[-76.94493,38.88345],[-76.94497,38.88359],[-76.94499,38.88384],[-76.94502,38.8841],[-76.94501,38.88437],[-76.94504,38.88464],[-76.94509,38.88491],[-76.94522,38.88515],[-76.94535,38.88539],[-76.94554,38.88563],[-76.94572,38.88577],[-76.9459,38.88624],[-76.9459,38.88648],[-76.94533,38.88646],[-76.94526,38.88661],[-76.94517,38.88678],[-76.94514,38.88688],[-76.94495,38.8871],[-76.94491,38.88737],[-76.94472,38.88755],[-76.94482,38.8878],[-76.94505,38.8879],[-76.94537,38.88798],[-76.9457,38.888],[-76.94564,38.88824],[-76.94559,38.88855],[-76.9456,38.88858],[-76.94565,38.88871],[-76.94572,38.8888],[-76.94593,38.88893],[-76.94598,38.88897],[-76.94623,38.88913],[-76.94629,38.88922],[-76.94633,38.88927],[-76.94634,38.8893],[-76.94633,38.88932],[-76.94625,38.88934],[-76.94595,38.88938],[-76.94559,38.88942],[-76.94534,38.88959],[-76.94553,38.88977],[-76.9458,38.88995],[-76.94601,38.89015],[-76.94618,38.89039],[-76.94615,38.89066],[-76.94599,38.8909],[-76.94585,38.89114],[-76.94568,38.89138],[-76.9454,38.89153],[-76.94515,38.89168],[-76.94487,38.89184],[-76.94466,38.89206],[-76.94461,38.8925]]},"properties":{"name":"Trails-Fort Circle  Fc","src":"nps"}},{"type":"Feature","geometry":{"type":"LineString","coordinates":[[-77.04998,38.89193],[-77.04822,38.89193],[-77.04793,38.89189],[-77.04692,38.89189],[-77.04507,38.89189],[-77.04335,38.89189],[-77.04263,38.89189],[-77.04087,38.89189],[-77.04014,38.89189],[-77.04009,38.89192],[-77.03989,38.89198],[-77.03963,38.89198],[-77.03936,38.89196],[-77.03932,38.89193],[-77.03389,38.89192],[-77.03351,38.89192],[-77.03213,38.89192]]},"properties":{"name":"Constitution Avenue","src":"nps"}},{"type":"Feature","geometry":{"type":"LineString","coordinates":[[-77.04998,38.89193],[-77.04998,38.89038]]},"properties":{"name":"23Rd Street","src":"nps"}},{"type":"Feature","geometry":{"type":"LineString","coordinates":[[-77.03655,38.88174],[-77.03601,38.88203],[-77.0358,38.88203],[-77.03561,38.88202],[-77.03548,38.88199],[-77.03535,38.88194],[-77.03518,38.88189],[-77.03504,38.88188],[-77.03491,38.88188],[-77.03473,38.88191],[-77.03461,38.88195],[-77.03447,38.88202],[-77.03435,38.8821],[-77.03419,38.88225],[-77.03411,38.88231],[-77.03401,38.88236],[-77.03389,38.88239],[-77.03358,38.88246],[-77.03343,38.8825],[-77.0333,38.88258],[-77.03318,38.88272],[-77.03299,38.88301],[-77.03293,38.88319],[-77.03292,38.88327],[-77.03293,38.88337],[-77.03296,38.88346],[-77.033,38.88357],[-77.03306,38.88366],[-77.03313,38.88375],[-77.03321,38.88385],[-77.03331,38.88394],[-77.03343,38.88405],[-77.03384,38.88436],[-77.03386,38.88457],[-77.03385,38.88478],[-77.03387,38.88483],[-77.03386,38.88492],[-77.03384,38.88502],[-77.03383,38.88546],[-77.03384,38.88558],[-77.03388,38.88569],[-77.03389,38.88608],[-77.03383,38.88621],[-77.03384,38.88651],[-77.03384,38.88759],[-77.03381,38.88774],[-77.03381,38.88791],[-77.03376,38.88805],[-77.03366,38.88822],[-77.03361,38.88832],[-77.03359,38.8884],[-77.03331,38.88871],[-77.03308,38.88896],[-77.0328,38.88887],[-77.03215,38.88869],[-77.0318,38.88872],[-77.02779,38.88878],[-77.02756,38.88879],[-77.02735,38.88886],[-77.02711,38.88899],[-77.02678,38.88917],[-77.02655,38.88926],[-77.02625,38.88929],[-77.02599,38.88929],[-77.02208,38.88934],[-77.0177,38.88939],[-77.01737,38.8894],[-77.01536,38.88943],[-77.01503,38.88938],[-77.01438,38.88939],[-77.0143,38.88899],[-77.01417,38.88862],[-77.01282,38.88899],[-77.0127,38.88907],[-77.01263,38.88918],[-77.01259,38.88929],[-77.01258,38.88944],[-77.0126,38.8896],[-77.01263,38.88975],[-77.01262,38.88991],[-77.0126,38.8901],[-77.01258,38.89023],[-77.0126,38.89035],[-77.01266,38.89049],[-77.01273,38.8906],[-77.01283,38.89065],[-77.01404,38.89099],[-77.01417,38.89075],[-77.01429,38.89046],[-77.01437,38.89011],[-77.01502,38.89011],[-77.01537,38.89005],[-77.01741,38.89001],[-77.01772,38.89001],[-77.02174,38.88997],[-77.02211,38.88996],[-77.03175,38.88983],[-77.03175,38.89032],[-77.03212,38.89031],[-77.03288,38.89009],[-77.0331,38.89002],[-77.03332,38.89028],[-77.03357,38.89058],[-77.03371,38.89078],[-77.03381,38.891],[-77.03386,38.89117],[-77.03389,38.8914],[-77.03389,38.89192],[-77.03938,38.89193],[-77.03962,38.89193],[-77.03963,38.89175],[-77.04022,38.89126],[-77.04032,38.89119],[-77.04055,38.89088],[-77.04053,38.89009],[-77.04066,38.89007],[-77.0408,38.89003],[-77.04093,38.88996],[-77.041,38.88991],[-77.0411,38.88989],[-77.04135,38.88989],[-77.04835,38.88979],[-77.04845,38.8898],[-77.04854,38.88985],[-77.04863,38.88988],[-77.04872,38.88989],[-77.04878,38.88985],[-77.0488,38.88979],[-77.04887,38.88979],[-77.04894,38.88976],[-77.04917,38.88964],[-77.04917,38.88895],[-77.0492,38.88886],[-77.04927,38.88877],[-77.04935,38.8887],[-77.04941,38.88865],[-77.04923,38.88846],[-77.04941,38.88835],[-77.04948,38.88832],[-77.04964,38.88826],[-77.0499,38.88819],[-77.04999,38.88817],[-77.05036,38.88818],[-77.05063,38.88825],[-77.05084,38.88828],[-77.05094,38.88833],[-77.05104,38.8884],[-77.05113,38.88848],[-77.0512,38.88852],[-77.05134,38.88856],[-77.05144,38.88858],[-77.05156,38.88858],[-77.05168,38.88858],[-77.0518,38.88856],[-77.05193,38.88853],[-77.05211,38.88846],[-77.05252,38.88831]]},"properties":{"name":"Greenway","src":"nps"}},{"type":"Feature","geometry":{"type":"MultiLineString","coordinates":[[[-77.03932,38.89193],[-77.03896,38.89191],[-77.03873,38.89187],[-77.03861,38.89184],[-77.03849,38.8918],[-77.03836,38.89175],[-77.03825,38.8917],[-77.03814,38.89163],[-77.03805,38.89157],[-77.03794,38.89152],[-77.03783,38.89147],[-77.03772,38.89143],[-77.0376,38.89138],[-77.03744,38.89134],[-77.0373,38.8913],[-77.03714,38.89128],[-77.03699,38.89124],[-77.03687,38.89122],[-77.03675,38.89117],[-77.03665,38.89111],[-77.03656,38.89105],[-77.03649,38.891],[-77.03643,38.89091],[-77.03636,38.8908],[-77.03636,38.89072],[-77.03634,38.89063],[-77.03635,38.89055],[-77.03636,38.89046],[-77.03639,38.89039],[-77.03645,38.89028],[-77.03652,38.8902],[-77.03656,38.89014],[-77.03662,38.89006],[-77.03662,38.89002],[-77.03659,38.89]],[[-77.03956,38.88991],[-77.03933,38.88991],[-77.0369,38.88994],[-77.03659,38.89]],[[-77.03934,38.88892],[-77.03719,38.88896],[-77.03691,38.88896],[-77.03659,38.88894],[-77.03648,38.88889],[-77.03636,38.88884],[-77.03626,38.88881],[-77.03617,38.88879],[-77.03606,38.88878],[-77.03595,38.88877],[-77.03583,38.88877],[-77.03572,38.88878],[-77.03562,38.8888],[-77.03551,38.88883],[-77.0354,38.88888],[-77.0353,38.88892],[-77.03521,38.88898],[-77.03515,38.88904],[-77.03509,38.8891],[-77.03504,38.88917],[-77.03505,38.88925]],[[-77.03659,38.89],[-77.03649,38.89005],[-77.03633,38.89011],[-77.03618,38.89015],[-77.03604,38.89017],[-77.03589,38.89017],[-77.03576,38.89017],[-77.03563,38.89014],[-77.03551,38.89011],[-77.03537,38.89006],[-77.03524,38.88999]],[[-77.03505,38.88925],[-77.03508,38.88923],[-77.03512,38.88922],[-77.03515,38.88921],[-77.03519,38.88921],[-77.03523,38.8892],[-77.03527,38.8892],[-77.03531,38.88921],[-77.03534,38.88922],[-77.03538,38.88923],[-77.03541,38.88924],[-77.03544,38.88926],[-77.03547,38.88927],[-77.0355,38.88929],[-77.03552,38.88932],[-77.03554,38.88934],[-77.03556,38.88937],[-77.03557,38.8894],[-77.03558,38.88943],[-77.03559,38.88946],[-77.03559,38.88949],[-77.03558,38.88952],[-77.03558,38.88955],[-77.03556,38.88957],[-77.03555,38.8896],[-77.03553,38.88963],[-77.03551,38.88965],[-77.03548,38.88967],[-77.03545,38.88969],[-77.03542,38.88971],[-77.03539,38.88972],[-77.03535,38.88973],[-77.03531,38.88974],[-77.03528,38.88975],[-77.03524,38.88975],[-77.03521,38.88975],[-77.03517,38.88974],[-77.03514,38.88974],[-77.03511,38.88973],[-77.03508,38.88972],[-77.03505,38.88971]],[[-77.03524,38.88999],[-77.0352,38.89001],[-77.03508,38.89008],[-77.03495,38.89013],[-77.03481,38.89016],[-77.03467,38.89018],[-77.03451,38.89019],[-77.03436,38.89018],[-77.03422,38.89017],[-77.03408,38.89014],[-77.03394,38.8901],[-77.03383,38.89005],[-77.03373,38.89],[-77.03362,38.88996],[-77.03353,38.88994],[-77.03344,38.88994],[-77.03334,38.88996],[-77.03324,38.88997],[-77.0331,38.89002]],[[-77.03524,38.88999],[-77.03516,38.88992],[-77.03504,38.88978],[-77.03505,38.88971]],[[-77.03505,38.88971],[-77.03502,38.88969],[-77.035,38.88967],[-77.03497,38.88965],[-77.03495,38.88963],[-77.03493,38.8896],[-77.03492,38.88958],[-77.0349,38.88955],[-77.0349,38.88952],[-77.03489,38.88949],[-77.03489,38.88946],[-77.03489,38.88943],[-77.0349,38.88941],[-77.03491,38.88938],[-77.03493,38.88935],[-77.03495,38.88933],[-77.03497,38.8893],[-77.03499,38.88928],[-77.03502,38.88926],[-77.03505,38.88925]]]},"properties":{"name":"Washington Monument","src":"nps"}},{"type":"Feature","geometry":{"type":"LineString","coordinates":[[-77.03389,38.89192],[-77.03389,38.8914],[-77.03386,38.89117],[-77.03381,38.891],[-77.03371,38.89078],[-77.03357,38.89058],[-77.03332,38.89028],[-77.03318,38.89003],[-77.03318,38.88997],[-77.03322,38.88988],[-77.03325,38.8898],[-77.03326,38.88971],[-77.03325,38.88961],[-77.03324,38.88937],[-77.03326,38.8893],[-77.03327,38.88923],[-77.03325,38.88917],[-77.03321,38.88909],[-77.03315,38.88902],[-77.0332,38.88888],[-77.03326,38.88877],[-77.03359,38.8884],[-77.03361,38.88832],[-77.03366,38.88822],[-77.03376,38.88805],[-77.03381,38.88791],[-77.03381,38.88774],[-77.03384,38.88759],[-77.03384,38.88651],[-77.03383,38.88621],[-77.03389,38.88608],[-77.03388,38.88569],[-77.03384,38.88558],[-77.03383,38.88546],[-77.03384,38.88502],[-77.03386,38.88492],[-77.03387,38.88483],[-77.03385,38.88478],[-77.03386,38.88457],[-77.03384,38.88436]]},"properties":{"name":"15Th Street","src":"nps"}},{"type":"Feature","geometry":{"type":"LineString","coordinates":[[-77.03213,38.89192],[-77.03213,38.8914],[-77.03212,38.89056],[-77.03213,38.89026],[-77.03212,38.88869]]},"properties":{"name":"14Th Street","src":"nps"}},{"type":"Feature","geometry":{"type":"MultiLineString","coordinates":[[[-77.0547,38.89189],[-77.05469,38.8918],[-77.05465,38.89169],[-77.05458,38.89157],[-77.05447,38.89143],[-77.05437,38.89131],[-77.05424,38.89117],[-77.05408,38.891],[-77.05389,38.89085],[-77.05369,38.8907],[-77.05351,38.89058],[-77.05335,38.89049],[-77.05316,38.89039],[-77.05301,38.89032],[-77.05275,38.89022],[-77.05237,38.89011],[-77.05226,38.89007]],[[-77.05226,38.89007],[-77.05237,38.88986],[-77.05244,38.88974],[-77.05248,38.88965],[-77.0525,38.88957],[-77.05252,38.88943],[-77.05253,38.88931],[-77.05253,38.88918],[-77.05252,38.88908],[-77.05249,38.88897],[-77.05246,38.88888],[-77.05242,38.88876],[-77.05236,38.88864],[-77.05219,38.88836],[-77.05211,38.88824],[-77.05205,38.88817],[-77.05199,38.88811],[-77.05192,38.88806],[-77.05186,38.88801],[-77.0518,38.88797],[-77.05173,38.88795],[-77.05164,38.88794],[-77.05151,38.88794],[-77.0514,38.88795],[-77.05125,38.88797],[-77.0511,38.88799],[-77.05102,38.88801],[-77.05095,38.88804],[-77.0509,38.88807],[-77.05087,38.88811],[-77.05086,38.88816],[-77.05087,38.88821],[-77.05089,38.88826],[-77.05091,38.8883],[-77.05094,38.88833],[-77.05084,38.88828],[-77.05063,38.88825],[-77.05036,38.88818],[-77.04999,38.88817],[-77.0499,38.88819],[-77.04964,38.88826],[-77.04948,38.88832],[-77.04941,38.88835],[-77.04923,38.88846],[-77.04913,38.88853],[-77.04898,38.88868],[-77.04887,38.88882],[-77.04878,38.88895],[-77.04877,38.88974],[-77.0488,38.88979],[-77.04889,38.88979],[-77.04896,38.88987],[-77.04901,38.88994],[-77.04908,38.89001],[-77.04922,38.89011],[-77.0493,38.89017],[-77.0495,38.89026],[-77.04956,38.89029],[-77.04967,38.89032],[-77.04978,38.89035],[-77.04989,38.89037],[-77.04998,38.89038],[-77.05031,38.89038],[-77.05036,38.89037],[-77.05042,38.89036],[-77.05046,38.89032],[-77.05051,38.8903],[-77.0506,38.89028],[-77.05073,38.89024],[-77.0509,38.89019],[-77.05099,38.89016]],[[-77.05226,38.89007],[-77.05225,38.8901],[-77.05209,38.8904],[-77.05201,38.89052],[-77.05194,38.89058],[-77.05187,38.89063],[-77.0518,38.89066],[-77.05173,38.89068],[-77.05166,38.89069],[-77.05159,38.89069],[-77.05138,38.89066],[-77.05128,38.89064],[-77.05121,38.89063],[-77.05117,38.8906],[-77.05112,38.89056],[-77.05107,38.89049],[-77.05104,38.89043],[-77.05101,38.89036],[-77.05099,38.89029],[-77.05098,38.89022],[-77.05099,38.89016]],[[-77.05226,38.89007],[-77.05203,38.89],[-77.05188,38.88996],[-77.05177,38.88995],[-77.05165,38.88994],[-77.05154,38.88994],[-77.05143,38.88996],[-77.05131,38.88998],[-77.05121,38.89001],[-77.05115,38.89007],[-77.05106,38.89012],[-77.05099,38.89016]]]},"properties":{"name":"Lincoln Memorial","src":"nps"}},{"type":"Feature","geometry":{"type":"LineString","coordinates":[[-77.0493,38.89017],[-77.04793,38.89189]]},"properties":{"name":"Henry Bacon Drive","src":"nps"}},{"type":"Feature","geometry":{"type":"MultiLineString","coordinates":[[[-77.033,38.88886],[-77.03216,38.88863],[-77.03179,38.88862],[-77.02779,38.88867],[-77.0276,38.88868],[-77.02742,38.88872],[-77.02725,38.88879],[-77.02709,38.88886],[-77.02688,38.88894],[-77.02663,38.889],[-77.02648,38.88903],[-77.02627,38.88906],[-77.02605,38.88907],[-77.02585,38.88907],[-77.02558,38.88905],[-77.02524,38.88899],[-77.02499,38.88893],[-77.02476,38.88887],[-77.02446,38.8888],[-77.02424,38.88875],[-77.02403,38.88873],[-77.02358,38.88873],[-77.02305,38.88874],[-77.02209,38.88875],[-77.02173,38.88875],[-77.01534,38.88884]],[[-77.01534,38.89063],[-77.03179,38.89042],[-77.0321,38.8904],[-77.03301,38.89014]]]},"properties":{"name":"The Mall","src":"nps"}},{"type":"Feature","geometry":{"type":"MultiLineString","coordinates":[[[-77.04896,38.88975],[-77.04894,38.88976],[-77.04887,38.88979],[-77.0488,38.88979],[-77.04878,38.88985],[-77.04872,38.88989],[-77.04863,38.88988],[-77.04854,38.88985],[-77.04845,38.8898],[-77.04835,38.88979],[-77.0411,38.88989],[-77.041,38.88991],[-77.04093,38.88996],[-77.0408,38.89003],[-77.04066,38.89007],[-77.04053,38.89009],[-77.04042,38.89008],[-77.04031,38.89006],[-77.04021,38.89001],[-77.04014,38.88997],[-77.04007,38.88992],[-77.03996,38.8899],[-77.03984,38.88991],[-77.03956,38.88991]],[[-77.04888,38.8888],[-77.04866,38.8888],[-77.04822,38.88881],[-77.04112,38.8889],[-77.04102,38.88889],[-77.04095,38.88887],[-77.04089,38.88883],[-77.04081,38.88879],[-77.04072,38.88875],[-77.04063,38.88873],[-77.04054,38.88872],[-77.04046,38.88872],[-77.04038,38.88873],[-77.0403,38.88875],[-77.04022,38.88878],[-77.04014,38.88883],[-77.04009,38.88887],[-77.04001,38.88891],[-77.03991,38.88892],[-77.03963,38.88892]]]},"properties":{"name":"Reflecting Pool","src":"nps"}},{"type":"Feature","geometry":{"type":"MultiLineString","coordinates":[[[-77.0482,38.88729],[-77.04803,38.88727],[-77.04587,38.88718],[-77.04478,38.88714],[-77.04361,38.8871],[-77.04337,38.8871],[-77.04322,38.8871],[-77.04305,38.88711],[-77.04289,38.88714],[-77.04274,38.88716],[-77.04259,38.8872],[-77.04247,38.88723],[-77.04233,38.88729],[-77.04214,38.88737],[-77.04185,38.88751],[-77.04148,38.88769],[-77.04124,38.88781],[-77.04076,38.88803],[-77.04019,38.8883],[-77.03999,38.88841],[-77.03988,38.88849],[-77.03979,38.88856],[-77.03976,38.8886],[-77.03976,38.88864],[-77.03977,38.88874],[-77.03977,38.8888],[-77.03969,38.88884],[-77.03964,38.88887],[-77.03963,38.88892],[-77.03934,38.88892],[-77.03933,38.88883],[-77.03931,38.88875],[-77.03928,38.88867],[-77.03924,38.8886],[-77.03919,38.88854],[-77.03913,38.88848],[-77.03907,38.88844],[-77.03901,38.88839],[-77.03894,38.88836],[-77.03886,38.88832],[-77.03876,38.88828],[-77.03867,38.88825],[-77.03858,38.88821],[-77.03845,38.88817],[-77.03833,38.88813],[-77.03818,38.88809],[-77.03805,38.88806],[-77.03753,38.88796],[-77.03717,38.88791],[-77.03692,38.88787],[-77.0366,38.88781],[-77.03633,38.88777],[-77.03612,38.88773],[-77.03594,38.88769],[-77.03574,38.88767],[-77.03559,38.88766],[-77.03543,38.88765],[-77.03518,38.88766],[-77.03498,38.88768],[-77.03468,38.88774],[-77.03457,38.88776],[-77.03441,38.8878],[-77.03425,38.88784],[-77.0341,38.88787],[-77.03398,38.8879],[-77.03389,38.88791],[-77.03381,38.88791],[-77.0338,38.88795],[-77.03356,38.88796]],[[-77.03356,38.88796],[-77.0335,38.88801],[-77.03342,38.88806],[-77.03333,38.8881],[-77.03326,38.88816],[-77.03318,38.88824],[-77.03312,38.88832],[-77.03308,38.8884],[-77.03306,38.88846],[-77.03305,38.88852],[-77.03302,38.88858],[-77.03296,38.88866],[-77.03291,38.88871],[-77.03221,38.88852],[-77.03214,38.88852]],[[-77.03356,38.88796],[-77.03353,38.88792],[-77.03343,38.88793],[-77.03329,38.88794],[-77.03316,38.88793],[-77.03301,38.88792],[-77.03289,38.8879],[-77.03274,38.88787],[-77.03249,38.8878],[-77.03228,38.88775],[-77.03218,38.88773],[-77.03213,38.88773]]]},"properties":{"name":"Independence Avenue","src":"nps"}},{"type":"Feature","geometry":{"type":"LineString","coordinates":[[-77.04923,38.88846],[-77.04912,38.88833],[-77.04843,38.88761],[-77.04832,38.88753],[-77.04826,38.88749],[-77.04822,38.88743],[-77.04821,38.88737],[-77.0482,38.88729]]},"properties":{"name":"Daniel French Drive","src":"nps"}},{"type":"Feature","geometry":{"type":"MultiLineString","coordinates":[[[-77.03291,38.8827],[-77.03284,38.88282],[-77.0328,38.88287],[-77.03279,38.88291],[-77.03279,38.88299],[-77.03265,38.88325],[-77.0326,38.88332],[-77.03255,38.88338],[-77.03248,38.88344],[-77.03242,38.88347],[-77.03237,38.88347],[-77.03208,38.88334],[-77.03179,38.88318]],[[-77.03947,38.87886],[-77.03934,38.87896],[-77.03924,38.87903],[-77.03914,38.87909],[-77.03904,38.87915],[-77.03895,38.8792],[-77.03893,38.87924],[-77.03888,38.87927],[-77.03876,38.87932],[-77.03856,38.87941],[-77.03842,38.87948],[-77.03831,38.87953],[-77.03817,38.87959],[-77.03805,38.87964],[-77.03797,38.87968],[-77.03785,38.87971],[-77.03775,38.87973],[-77.03765,38.87974],[-77.03752,38.87974],[-77.0374,38.87975],[-77.03734,38.87977],[-77.03732,38.87982],[-77.03732,38.87993]],[[-77.03732,38.87993],[-77.03749,38.87993],[-77.03764,38.87993],[-77.03777,38.87993],[-77.03792,38.87993],[-77.03804,38.87993],[-77.03817,38.87995],[-77.0383,38.87996],[-77.03843,38.87998],[-77.03855,38.88001],[-77.03866,38.88003],[-77.03878,38.88006],[-77.03892,38.8801],[-77.03903,38.88013],[-77.03914,38.88014],[-77.03922,38.88014],[-77.0393,38.88014],[-77.03943,38.88011],[-77.03963,38.88007],[-77.03973,38.88004],[-77.0398,38.88004],[-77.03989,38.88005],[-77.03996,38.88008],[-77.04022,38.88023],[-77.04043,38.88034],[-77.04052,38.88039],[-77.04056,38.88043],[-77.04058,38.8805],[-77.04059,38.88056],[-77.04059,38.88061],[-77.04058,38.88066],[-77.04055,38.88072],[-77.04051,38.88077],[-77.04048,38.8808],[-77.04048,38.88085],[-77.0405,38.88096],[-77.04052,38.88103],[-77.04055,38.8811],[-77.04061,38.8812],[-77.04066,38.88127],[-77.04072,38.88135],[-77.04079,38.88144],[-77.04085,38.88152],[-77.04089,38.88159],[-77.04092,38.88166],[-77.04095,38.88172],[-77.04097,38.88178],[-77.041,38.88188],[-77.04104,38.88209],[-77.04108,38.8823],[-77.04112,38.88246],[-77.04115,38.88256],[-77.04121,38.88274],[-77.04125,38.88283],[-77.0413,38.88291],[-77.04136,38.88299],[-77.04144,38.88308],[-77.04157,38.8832],[-77.04168,38.88328],[-77.04176,38.88334],[-77.04183,38.88337],[-77.04196,38.88344],[-77.04205,38.88348],[-77.04213,38.88352],[-77.04222,38.88355],[-77.04228,38.88358],[-77.04237,38.88361],[-77.04245,38.88365],[-77.04255,38.88368],[-77.04263,38.88371],[-77.04272,38.88374],[-77.0428,38.88376],[-77.04288,38.88378],[-77.04297,38.88381],[-77.04307,38.88384],[-77.04316,38.88387],[-77.04325,38.8839],[-77.04335,38.88393],[-77.04346,38.88399],[-77.04358,38.88404],[-77.04367,38.8841],[-77.04377,38.88416],[-77.04388,38.88422],[-77.04396,38.88428],[-77.04404,38.88434],[-77.04412,38.88441],[-77.04419,38.88447],[-77.04426,38.88455],[-77.04432,38.88462],[-77.04438,38.88469],[-77.04443,38.88478],[-77.04448,38.88487],[-77.04451,38.88495],[-77.04454,38.88502],[-77.04456,38.8851],[-77.04457,38.88518],[-77.04457,38.88527],[-77.04456,38.88536],[-77.04452,38.88546],[-77.04447,38.88555],[-77.04441,38.88564],[-77.04434,38.88573],[-77.04427,38.88581],[-77.0443,38.88583],[-77.04431,38.88584],[-77.0443,38.88587],[-77.04429,38.88589],[-77.04427,38.8859],[-77.04425,38.88593],[-77.04422,38.88599],[-77.0442,38.88603],[-77.04416,38.88606],[-77.044,38.88614],[-77.04374,38.88626],[-77.0436,38.88632],[-77.04345,38.88639],[-77.04331,38.88646],[-77.04315,38.88654],[-77.04302,38.8866],[-77.04293,38.88665],[-77.0428,38.88669],[-77.04249,38.88674],[-77.04223,38.88677],[-77.04195,38.88681],[-77.04173,38.88683],[-77.04152,38.88685],[-77.04129,38.88685],[-77.04109,38.88687],[-77.04094,38.88688],[-77.04057,38.88688],[-77.03837,38.88689],[-77.03801,38.88688],[-77.03788,38.88687],[-77.0378,38.88687],[-77.0376,38.88687],[-77.03751,38.88687],[-77.03748,38.88685],[-77.03744,38.88685],[-77.03737,38.88687],[-77.03731,38.88688],[-77.03719,38.88687],[-77.03692,38.88687],[-77.0368,38.88687],[-77.0367,38.88686],[-77.03659,38.88684],[-77.03648,38.88682],[-77.03638,38.8868],[-77.03627,38.88677],[-77.03615,38.88674],[-77.03605,38.8867],[-77.03598,38.88667],[-77.0359,38.88664],[-77.03581,38.8866],[-77.03573,38.88655],[-77.03565,38.8865],[-77.03557,38.88645],[-77.03549,38.88639],[-77.03541,38.88633],[-77.03535,38.88627],[-77.0353,38.88621],[-77.03524,38.88615],[-77.0352,38.88609],[-77.03513,38.886],[-77.03505,38.88588],[-77.03499,38.88576],[-77.03493,38.88565],[-77.03488,38.88556],[-77.03482,38.88546],[-77.03476,38.88535],[-77.0347,38.88526],[-77.03462,38.88514],[-77.03456,38.88504],[-77.03449,38.88497],[-77.03444,38.88491],[-77.03437,38.88484],[-77.03432,38.88478],[-77.03424,38.88469],[-77.03415,38.88461],[-77.03403,38.88451],[-77.03384,38.88436],[-77.03343,38.88405],[-77.03321,38.88385],[-77.03306,38.88366],[-77.033,38.88357],[-77.03296,38.88346],[-77.03293,38.88337],[-77.03292,38.88327],[-77.03293,38.88319],[-77.03299,38.88301],[-77.03318,38.88272],[-77.0333,38.88258],[-77.03334,38.88251],[-77.03342,38.88243],[-77.03355,38.88231],[-77.03369,38.8822],[-77.03378,38.88211],[-77.03391,38.88198],[-77.03403,38.88185],[-77.03414,38.88171],[-77.03423,38.88158],[-77.03431,38.88148],[-77.03439,38.88138],[-77.03446,38.8813],[-77.03456,38.88121],[-77.03466,38.88113],[-77.03471,38.88105],[-77.03475,38.88098],[-77.03476,38.88091],[-77.03475,38.88082],[-77.03474,38.88072],[-77.03476,38.88065],[-77.0348,38.88058],[-77.03486,38.88053],[-77.03492,38.88049],[-77.03499,38.88046],[-77.03506,38.88042],[-77.03511,38.88037],[-77.03513,38.88032],[-77.03516,38.88027],[-77.03518,38.88021],[-77.03523,38.88012],[-77.03529,38.88005],[-77.03535,38.88002],[-77.03547,38.87998],[-77.03561,38.87995],[-77.03573,38.87994],[-77.03586,38.87993],[-77.03613,38.87993],[-77.03698,38.87993],[-77.03724,38.87993],[-77.03732,38.87993]]]},"properties":{"name":"Tidal Basin","src":"nps"}},{"type":"Feature","geometry":{"type":"MultiLineString","coordinates":[[[-77.03378,38.88175],[-77.03374,38.88169],[-77.03363,38.88161],[-77.03336,38.88141],[-77.03315,38.88125],[-77.03285,38.88102],[-77.03168,38.88017],[-77.02971,38.87873],[-77.02962,38.87866]],[[-77.04026,38.88018],[-77.04002,38.88005],[-77.03992,38.88],[-77.03987,38.87994],[-77.03984,38.87988],[-77.03985,38.87978],[-77.03986,38.87967],[-77.03986,38.87953],[-77.03984,38.87943],[-77.03979,38.87935],[-77.03971,38.87926],[-77.03959,38.87916],[-77.03946,38.87909],[-77.03904,38.87885],[-77.03735,38.87784],[-77.0368,38.87745],[-77.03584,38.87678],[-77.03504,38.87613],[-77.03395,38.87518]],[[-77.03395,38.87518],[-77.03384,38.87527],[-77.03302,38.87581],[-77.03269,38.87605],[-77.03216,38.87649],[-77.03175,38.87685],[-77.03134,38.87719],[-77.03062,38.87781],[-77.03003,38.87831],[-77.02962,38.87866]],[[-77.03395,38.87518],[-77.03309,38.87436],[-77.03271,38.87397],[-77.03218,38.87341],[-77.03198,38.87319],[-77.03177,38.87295],[-77.03098,38.87203],[-77.03074,38.87172],[-77.03052,38.87143],[-77.02991,38.87061],[-77.02892,38.86902],[-77.02803,38.86749],[-77.02759,38.86673],[-77.02664,38.86503],[-77.02565,38.86318],[-77.02477,38.86153],[-77.02415,38.86031],[-77.02384,38.85976],[-77.02349,38.85913],[-77.02323,38.85865],[-77.02316,38.85854],[-77.02309,38.85847],[-77.02301,38.85842],[-77.02291,38.85838],[-77.0228,38.85835],[-77.02271,38.85834],[-77.02259,38.85834],[-77.02249,38.85836],[-77.02237,38.85839],[-77.02228,38.85844],[-77.0222,38.8585],[-77.02215,38.85856],[-77.0221,38.85864],[-77.02207,38.85873],[-77.02206,38.85884],[-77.02208,38.85992],[-77.02213,38.86067],[-77.02217,38.86124],[-77.0222,38.86168],[-77.02222,38.86203],[-77.02226,38.86282],[-77.02228,38.86337],[-77.02228,38.86454],[-77.02229,38.86517],[-77.02229,38.86582],[-77.02231,38.86626],[-77.02233,38.86663],[-77.02237,38.86738],[-77.02239,38.86761],[-77.02243,38.86815],[-77.02246,38.86846],[-77.02251,38.86881],[-77.02258,38.86918],[-77.02267,38.86951],[-77.02274,38.86975],[-77.02288,38.87015],[-77.02304,38.8706],[-77.02312,38.87083],[-77.02321,38.87107],[-77.02333,38.87144],[-77.02343,38.87176],[-77.02358,38.87219],[-77.02367,38.87244],[-77.02377,38.87269],[-77.02402,38.87323],[-77.0242,38.87357],[-77.02442,38.87393],[-77.02475,38.87443],[-77.02513,38.87498],[-77.02534,38.87525],[-77.02547,38.87538],[-77.02565,38.87547],[-77.02584,38.87555],[-77.02595,38.87562],[-77.02627,38.87593],[-77.02685,38.87648],[-77.02722,38.87681],[-77.02792,38.8774],[-77.02834,38.87772],[-77.02879,38.87806],[-77.02948,38.87857],[-77.02962,38.87866]]]},"properties":{"name":"Hains Point","src":"nps"}},{"type":"Feature","geometry":{"type":"LineString","coordinates":[[-76.95979,38.87959],[-76.95975,38.87967],[-76.95968,38.87987],[-76.95967,38.87993],[-76.95964,38.88002],[-76.95953,38.88013],[-76.95952,38.88015],[-76.95952,38.88015],[-76.95951,38.88017],[-76.95951,38.88018],[-76.9595,38.8802],[-76.95948,38.88021],[-76.95948,38.88022],[-76.95943,38.8803],[-76.9594,38.88039],[-76.95939,38.88043],[-76.95938,38.88043],[-76.95935,38.88046],[-76.95935,38.88047],[-76.95933,38.88047],[-76.95933,38.88048],[-76.95932,38.88049],[-76.95932,38.88049],[-76.9593,38.88052],[-76.95926,38.88055],[-76.95922,38.88058],[-76.95919,38.8806],[-76.95913,38.88062],[-76.95911,38.88061],[-76.95901,38.88063],[-76.95894,38.88064],[-76.9589,38.88064],[-76.95885,38.88064],[-76.95881,38.88063],[-76.95875,38.88061],[-76.9587,38.8806],[-76.95866,38.88059],[-76.95861,38.88057],[-76.95855,38.88057],[-76.95847,38.88057],[-76.95838,38.88057],[-76.95829,38.88058],[-76.95821,38.88058],[-76.95818,38.88059],[-76.95811,38.88065],[-76.95807,38.88069]]},"properties":{"name":"Trails-Fort Dupont  Fd","src":"nps"}},{"type":"Feature","geometry":{"type":"MultiLineString","coordinates":[[[-76.9546,38.87784],[-76.95462,38.87783],[-76.95463,38.87783],[-76.95464,38.87782],[-76.95465,38.87782],[-76.95477,38.87777],[-76.95484,38.87772],[-76.95488,38.87768],[-76.95491,38.87771],[-76.95493,38.87777],[-76.955,38.8778],[-76.95506,38.87782],[-76.95507,38.87783],[-76.95509,38.87784],[-76.95512,38.87784],[-76.95513,38.87787],[-76.95517,38.87787],[-76.9552,38.87788],[-76.95522,38.8779],[-76.95525,38.8779],[-76.95528,38.87792],[-76.95531,38.87793],[-76.95526,38.87799],[-76.95526,38.878],[-76.95526,38.878],[-76.95527,38.878],[-76.95527,38.87801],[-76.95528,38.87801],[-76.95528,38.87803],[-76.9553,38.87804],[-76.9553,38.87805],[-76.95532,38.87805],[-76.95533,38.87805],[-76.95533,38.87805],[-76.95533,38.87805],[-76.95533,38.87805],[-76.95534,38.87805],[-76.95535,38.87805],[-76.95535,38.87805],[-76.95535,38.87805],[-76.95536,38.87805],[-76.95536,38.87805],[-76.95536,38.87805],[-76.95537,38.87805],[-76.95537,38.87805],[-76.95538,38.87805],[-76.95538,38.87805],[-76.95539,38.87805],[-76.95539,38.87804],[-76.9554,38.87804],[-76.95543,38.87804],[-76.95544,38.87804],[-76.95546,38.87803],[-76.95547,38.87802],[-76.95548,38.87802],[-76.95555,38.878],[-76.95562,38.87798],[-76.95568,38.87797],[-76.95577,38.87796],[-76.95583,38.87796],[-76.95589,38.87796],[-76.95593,38.87795],[-76.95593,38.87795],[-76.95594,38.87795],[-76.95595,38.87794],[-76.95596,38.87794],[-76.95598,38.87794],[-76.95599,38.87794],[-76.956,38.87793],[-76.95601,38.87793],[-76.95602,38.87793],[-76.95604,38.87793],[-76.95604,38.87793],[-76.95604,38.87793],[-76.95605,38.87793],[-76.95606,38.87792],[-76.95608,38.87792],[-76.95624,38.87786],[-76.95625,38.87786],[-76.95626,38.87785],[-76.95627,38.87786],[-76.95628,38.87786],[-76.95628,38.87786],[-76.95629,38.87786],[-76.9563,38.87786],[-76.95631,38.87786],[-76.95633,38.87788],[-76.95633,38.87788],[-76.95636,38.87788],[-76.9564,38.87788],[-76.9564,38.87788],[-76.95641,38.87787],[-76.95641,38.87787],[-76.95641,38.87786],[-76.95641,38.87786],[-76.95644,38.87786],[-76.95645,38.87786],[-76.95647,38.87786],[-76.95648,38.87786],[-76.95649,38.87786],[-76.95649,38.87786],[-76.9565,38.87786],[-76.95651,38.87785],[-76.95651,38.87785],[-76.95658,38.87779],[-76.95659,38.87779],[-76.9566,38.8778],[-76.95661,38.87779],[-76.95662,38.87779],[-76.95664,38.87779],[-76.95664,38.87779],[-76.95666,38.87778],[-76.95667,38.87778],[-76.95667,38.87778],[-76.95669,38.87778],[-76.95671,38.87777],[-76.95672,38.87777],[-76.95673,38.87777]],[[-76.95761,38.87992],[-76.95762,38.87988],[-76.95764,38.87982],[-76.95768,38.87975],[-76.95772,38.8797],[-76.95776,38.87967],[-76.95783,38.87962],[-76.95793,38.87955],[-76.95798,38.87951],[-76.95806,38.87946],[-76.95813,38.87941],[-76.95819,38.87936],[-76.9583,38.8793],[-76.95834,38.87927],[-76.95837,38.87924],[-76.95839,38.87921],[-76.9584,38.8792],[-76.95841,38.87918],[-76.95842,38.87917],[-76.95844,38.87916],[-76.95846,38.87914],[-76.95847,38.87913],[-76.95849,38.87912],[-76.95851,38.87911],[-76.95851,38.87909],[-76.95853,38.87907],[-76.95856,38.87906],[-76.95857,38.87906],[-76.9586,38.87903],[-76.95861,38.87903],[-76.95863,38.87901],[-76.95863,38.879],[-76.95867,38.87895],[-76.95868,38.87894],[-76.95869,38.87891],[-76.9587,38.8789],[-76.9587,38.87889],[-76.9587,38.87888],[-76.95871,38.87887],[-76.95872,38.87886],[-76.95872,38.87885],[-76.95872,38.87881],[-76.95874,38.87879],[-76.95874,38.87879],[-76.95873,38.87878],[-76.95874,38.87877],[-76.95873,38.87876],[-76.95874,38.87874],[-76.95875,38.87872],[-76.95876,38.87868],[-76.95877,38.87863],[-76.95878,38.87861],[-76.95877,38.87856],[-76.95876,38.87854],[-76.95874,38.87851],[-76.95871,38.87848],[-76.95867,38.87846],[-76.95863,38.87844],[-76.95859,38.87842],[-76.9585,38.8784],[-76.9584,38.87837],[-76.95833,38.87833],[-76.95829,38.87827],[-76.95829,38.87827],[-76.95827,38.8782],[-76.95823,38.87806],[-76.95817,38.87806],[-76.95815,38.87803]],[[-76.95965,38.87871],[-76.95966,38.87866],[-76.95968,38.87858],[-76.95969,38.87853],[-76.9597,38.87849],[-76.95969,38.87842],[-76.95968,38.87835],[-76.95965,38.87829],[-76.95963,38.87825],[-76.95961,38.87818],[-76.95961,38.87815],[-76.95958,38.87809],[-76.95956,38.87805],[-76.95954,38.87801],[-76.95953,38.87798],[-76.95951,38.87796],[-76.95949,38.87794],[-76.95946,38.87793],[-76.95944,38.87792],[-76.95934,38.87787],[-76.95935,38.87786],[-76.95924,38.87785],[-76.95921,38.87786],[-76.95917,38.87786],[-76.95909,38.87784],[-76.95906,38.87784],[-76.95906,38.87784],[-76.95888,38.87784],[-76.95881,38.87788],[-76.95864,38.8779],[-76.95858,38.87795],[-76.95843,38.87798],[-76.9583,38.878],[-76.95824,38.87801],[-76.95815,38.87803]],[[-76.95815,38.87803],[-76.95803,38.87808],[-76.95792,38.87806],[-76.95789,38.87802],[-76.95788,38.87802],[-76.95787,38.87802],[-76.95787,38.87801],[-76.95786,38.87801],[-76.95786,38.87801],[-76.95786,38.87801],[-76.95786,38.878],[-76.95785,38.878],[-76.95784,38.87799],[-76.95784,38.87799],[-76.95783,38.87799],[-76.95779,38.87794],[-76.95777,38.87793],[-76.95776,38.87793],[-76.95775,38.87792],[-76.95774,38.87792],[-76.95773,38.87792],[-76.95772,38.87792],[-76.95771,38.87792],[-76.95771,38.87792],[-76.9577,38.87791],[-76.95765,38.87793],[-76.95764,38.87793],[-76.95763,38.87793],[-76.95762,38.87793],[-76.95762,38.87792],[-76.95761,38.87792],[-76.9576,38.87792],[-76.95756,38.87791],[-76.95756,38.87791],[-76.95755,38.87791],[-76.95755,38.8779],[-76.95753,38.8779],[-76.95753,38.8779],[-76.95752,38.8779],[-76.95751,38.87789],[-76.95751,38.87789],[-76.9575,38.87788],[-76.95749,38.87787],[-76.95741,38.87788],[-76.9574,38.87788],[-76.9574,38.87788],[-76.95735,38.87787],[-76.95734,38.87787],[-76.95733,38.87787],[-76.95733,38.87787],[-76.95732,38.87787],[-76.95732,38.87787],[-76.95732,38.87787],[-76.95731,38.87787],[-76.95726,38.87786],[-76.95725,38.87786],[-76.95724,38.87786],[-76.95723,38.87786],[-76.95722,38.87786],[-76.95721,38.87786],[-76.95721,38.87785],[-76.95721,38.87785],[-76.95721,38.87785],[-76.9572,38.87784],[-76.9572,38.87781],[-76.95719,38.8778],[-76.95719,38.8778],[-76.95715,38.8778],[-76.95715,38.87779],[-76.95714,38.87779],[-76.95713,38.87779],[-76.95712,38.87779],[-76.95711,38.87779],[-76.9571,38.87778],[-76.95709,38.87778],[-76.95706,38.87778],[-76.95706,38.87778],[-76.95706,38.8778],[-76.95705,38.8778],[-76.95704,38.87779],[-76.95703,38.87779],[-76.95703,38.87779],[-76.95702,38.87779],[-76.95702,38.87779],[-76.957,38.87779],[-76.95699,38.87778],[-76.95698,38.87778],[-76.95697,38.87778],[-76.95696,38.87778],[-76.95695,38.87777],[-76.95695,38.87777],[-76.95694,38.87777],[-76.95693,38.87777],[-76.95692,38.87777],[-76.95691,38.87776],[-76.95691,38.87776],[-76.95688,38.87775],[-76.95687,38.87775],[-76.95686,38.87774],[-76.95683,38.87776],[-76.95683,38.87776],[-76.95682,38.87776],[-76.95681,38.87776],[-76.9568,38.87776],[-76.95679,38.87776],[-76.95678,38.87776],[-76.95677,38.87776],[-76.95676,38.87777],[-76.95675,38.87777],[-76.95674,38.87777],[-76.95673,38.87777]],[[-76.95673,38.87777],[-76.95669,38.87773],[-76.95669,38.87773],[-76.95667,38.87758],[-76.95667,38.87758],[-76.95667,38.87757],[-76.95666,38.87757],[-76.95667,38.87757],[-76.95666,38.87757],[-76.95666,38.87757],[-76.95663,38.8775],[-76.95662,38.87749],[-76.95662,38.87748],[-76.95662,38.87748],[-76.95661,38.87747],[-76.95661,38.87747],[-76.95659,38.87745],[-76.95659,38.87745],[-76.95659,38.87745],[-76.9566,38.87745],[-76.95654,38.8774],[-76.95654,38.8774],[-76.95654,38.8774],[-76.95653,38.8774],[-76.95653,38.87739],[-76.95652,38.87739],[-76.9565,38.87737],[-76.95639,38.87734],[-76.95637,38.87733],[-76.95636,38.87733],[-76.95635,38.87733],[-76.95634,38.87734],[-76.95633,38.87734],[-76.95632,38.87734],[-76.95631,38.87734],[-76.9563,38.87734],[-76.95626,38.87734],[-76.95625,38.87734],[-76.95621,38.87733],[-76.9562,38.87733],[-76.95619,38.87733],[-76.95614,38.87732],[-76.95613,38.87731],[-76.95611,38.87731],[-76.95606,38.87729],[-76.95604,38.87728],[-76.95602,38.87724],[-76.95601,38.8772],[-76.95601,38.8772],[-76.95588,38.87704],[-76.95587,38.87702],[-76.95586,38.877],[-76.95583,38.87693],[-76.95581,38.87689],[-76.95579,38.87682],[-76.95579,38.8768],[-76.95579,38.87676],[-76.9558,38.8767],[-76.9558,38.87666],[-76.95581,38.87664],[-76.95582,38.8766],[-76.95582,38.87655],[-76.95581,38.87651],[-76.95581,38.87649],[-76.95581,38.87647],[-76.9558,38.87645],[-76.95579,38.87643],[-76.95578,38.87641],[-76.95577,38.87639],[-76.95577,38.87637],[-76.95576,38.87635],[-76.95574,38.87633],[-76.95572,38.87629],[-76.9557,38.87627],[-76.95566,38.87625],[-76.95561,38.87623],[-76.95557,38.87622],[-76.95554,38.87622],[-76.95551,38.87622],[-76.95548,38.87623],[-76.95546,38.87623],[-76.95545,38.87623],[-76.95542,38.87621],[-76.95538,38.8762],[-76.95535,38.87618],[-76.95533,38.87616],[-76.9553,38.87615],[-76.95525,38.87614],[-76.95521,38.87614],[-76.95515,38.87614],[-76.95509,38.87614],[-76.95504,38.87614],[-76.95502,38.87613],[-76.95499,38.87613],[-76.95497,38.87611],[-76.95494,38.87609],[-76.95489,38.87605],[-76.95484,38.87601],[-76.95478,38.87596],[-76.95474,38.87595],[-76.9547,38.87595],[-76.95466,38.87594],[-76.95458,38.87594],[-76.95451,38.87595],[-76.95446,38.87596],[-76.9544,38.87595],[-76.95435,38.87595],[-76.95431,38.87594],[-76.95425,38.87593],[-76.95417,38.87592],[-76.9541,38.8759],[-76.95406,38.87588],[-76.954,38.87585],[-76.95398,38.87584],[-76.95394,38.8758],[-76.95389,38.87576],[-76.95385,38.87573],[-76.9538,38.87571],[-76.95372,38.87568],[-76.95361,38.87565],[-76.95353,38.87562],[-76.95345,38.87558],[-76.95342,38.87557]]]},"properties":{"name":"Trails-Fort Dupont  Fd","src":"nps"}},{"type":"Feature","geometry":{"type":"MultiLineString","coordinates":[[[-77.02039,38.87385],[-77.02018,38.87346],[-77.02,38.87313],[-77.01977,38.87268],[-77.01944,38.87207],[-77.01922,38.87207],[-77.01775,38.87206]],[[-77.02599,38.87978],[-77.02545,38.87937],[-77.02513,38.87911],[-77.02461,38.8787],[-77.02375,38.87803],[-77.02318,38.87757],[-77.0226,38.87712],[-77.02204,38.87668],[-77.02188,38.87656],[-77.02183,38.8765],[-77.0218,38.87643],[-77.02167,38.8762],[-77.02153,38.87594],[-77.02137,38.87565],[-77.02126,38.87542]]]},"properties":{"name":"Waterfront Park","src":"nps"}},{"type":"Feature","geometry":{"type":"LineString","coordinates":[[-76.97582,38.85666],[-76.97566,38.85685],[-76.97519,38.85676],[-76.97529,38.85705],[-76.97546,38.85708],[-76.97554,38.85715],[-76.97563,38.8572],[-76.97571,38.85723],[-76.9758,38.85727],[-76.97583,38.85732],[-76.97587,38.85736],[-76.97593,38.85739],[-76.97597,38.85741],[-76.97603,38.85743],[-76.97607,38.85744],[-76.97608,38.85748],[-76.97608,38.85751],[-76.97606,38.85755],[-76.97602,38.85758],[-76.97594,38.8576],[-76.97567,38.85777],[-76.97563,38.85779],[-76.97562,38.85781],[-76.97562,38.85784],[-76.9757,38.8579],[-76.97583,38.85796],[-76.97606,38.85817],[-76.97608,38.85824],[-76.97607,38.85831],[-76.97602,38.85837],[-76.97598,38.8584],[-76.97578,38.85863],[-76.9755,38.85878],[-76.97541,38.85882],[-76.97537,38.85892],[-76.97535,38.85902],[-76.97536,38.85914],[-76.97535,38.85923],[-76.97536,38.85929],[-76.97537,38.85935],[-76.97534,38.85949],[-76.97531,38.85955],[-76.97524,38.85962],[-76.97522,38.85974],[-76.97523,38.8598],[-76.97521,38.86008],[-76.97525,38.86028],[-76.9752,38.86037],[-76.97524,38.86043],[-76.9751,38.86067],[-76.975,38.8609],[-76.97495,38.86107],[-76.97495,38.86119],[-76.97496,38.8613],[-76.97486,38.86144],[-76.97478,38.86168],[-76.9747,38.86194],[-76.97449,38.86215],[-76.97425,38.8623],[-76.97374,38.86261],[-76.97365,38.86269],[-76.97361,38.86278],[-76.9736,38.86283],[-76.97364,38.86292],[-76.97378,38.86315],[-76.9737,38.86334],[-76.97356,38.86348],[-76.97346,38.86359],[-76.97331,38.86382],[-76.97311,38.86404],[-76.97292,38.86424],[-76.97274,38.86448],[-76.97255,38.86466],[-76.97236,38.86489],[-76.97206,38.865],[-76.97192,38.8649],[-76.97153,38.86494],[-76.97164,38.86515],[-76.97184,38.86536],[-76.97168,38.8656],[-76.97154,38.86584],[-76.97149,38.86611],[-76.97138,38.86632],[-76.97107,38.86642],[-76.97076,38.86635],[-76.97044,38.86632],[-76.97012,38.86639],[-76.96979,38.86645],[-76.96947,38.86655],[-76.96913,38.86666],[-76.96901,38.86679],[-76.96895,38.86688],[-76.96898,38.86695],[-76.96895,38.86698],[-76.96881,38.86703],[-76.96869,38.86704],[-76.96854,38.86704],[-76.96842,38.86693],[-76.96831,38.86673],[-76.96826,38.86666],[-76.96827,38.86654],[-76.96826,38.86642],[-76.96821,38.8664],[-76.96813,38.86639],[-76.96806,38.86638],[-76.968,38.86636],[-76.96784,38.86637],[-76.96772,38.86666],[-76.9677,38.86687],[-76.96768,38.86699],[-76.96766,38.86716],[-76.96742,38.86722],[-76.96692,38.86719],[-76.96686,38.86716],[-76.96679,38.86712],[-76.96674,38.86709],[-76.96672,38.86704],[-76.96683,38.86671],[-76.96666,38.86648],[-76.96637,38.86664],[-76.96604,38.86673],[-76.96571,38.86673],[-76.96538,38.86668],[-76.96503,38.86667],[-76.96469,38.86663],[-76.96435,38.86667],[-76.96417,38.86663],[-76.96387,38.86655],[-76.96354,38.8665],[-76.9632,38.86652],[-76.96286,38.86651],[-76.96253,38.86641],[-76.9622,38.86634],[-76.96186,38.86637],[-76.96153,38.86638],[-76.96121,38.86627],[-76.96103,38.86607],[-76.9609,38.86582],[-76.96063,38.86575],[-76.96029,38.86579],[-76.95995,38.86583],[-76.95965,38.86585],[-76.95961,38.86586],[-76.9595,38.86589],[-76.95935,38.86593],[-76.95908,38.86609],[-76.9588,38.86623],[-76.95848,38.86632],[-76.95817,38.86641],[-76.95785,38.86638],[-76.95773,38.86635],[-76.95754,38.86633],[-76.9574,38.86631],[-76.95723,38.8663],[-76.95702,38.86624],[-76.95677,38.86622],[-76.95644,38.86613],[-76.95614,38.86604],[-76.95588,38.86592],[-76.95554,38.86584],[-76.95529,38.8657],[-76.95496,38.86563],[-76.95462,38.86561],[-76.95428,38.8656],[-76.95396,38.86568],[-76.95367,38.86581],[-76.95325,38.86603],[-76.95306,38.86626],[-76.95295,38.86651],[-76.95288,38.86677],[-76.95268,38.86699],[-76.9526,38.86723],[-76.95265,38.86749],[-76.9526,38.86768],[-76.95265,38.86786],[-76.95268,38.86798],[-76.95267,38.86805],[-76.95264,38.86812],[-76.95256,38.86818],[-76.95248,38.86821],[-76.95238,38.86823],[-76.95213,38.8682],[-76.95197,38.86819],[-76.9518,38.86814],[-76.95166,38.86809],[-76.95158,38.86804],[-76.95153,38.86798],[-76.95138,38.86791],[-76.95122,38.86788],[-76.95105,38.86791],[-76.95098,38.86793],[-76.9509,38.86797],[-76.95097,38.86817],[-76.95109,38.86842],[-76.95117,38.86866],[-76.95121,38.86885],[-76.9512,38.86892],[-76.95114,38.86901],[-76.95097,38.8691],[-76.9507,38.86913],[-76.95042,38.86919],[-76.95024,38.86939],[-76.95002,38.86956],[-76.94992,38.86967],[-76.94994,38.86977],[-76.94995,38.86983],[-76.95,38.86996],[-76.95001,38.87003],[-76.94997,38.87009],[-76.94981,38.87019],[-76.94952,38.87034],[-76.94934,38.87052],[-76.94917,38.87069],[-76.949,38.87082],[-76.94892,38.87088],[-76.94874,38.87118],[-76.94871,38.87128],[-76.94873,38.87145],[-76.94873,38.87173],[-76.94874,38.87195],[-76.94874,38.872],[-76.94851,38.87219],[-76.94832,38.87241],[-76.9481,38.87263],[-76.94798,38.87269],[-76.9478,38.87273],[-76.94746,38.87266],[-76.94714,38.87257],[-76.94704,38.87255],[-76.94697,38.87256],[-76.94689,38.87258],[-76.94685,38.87261],[-76.9468,38.87269],[-76.94675,38.87282],[-76.94667,38.87295],[-76.94651,38.8731],[-76.94644,38.87313],[-76.94631,38.87315],[-76.94608,38.87317],[-76.94587,38.87315],[-76.94575,38.87312],[-76.94546,38.87303],[-76.94524,38.87293],[-76.94512,38.87291],[-76.94498,38.8729],[-76.94485,38.87292],[-76.94478,38.87296],[-76.94475,38.873],[-76.94481,38.8732],[-76.94483,38.87328],[-76.94483,38.87331],[-76.94489,38.87337],[-76.94494,38.87342],[-76.94493,38.87346],[-76.94487,38.8735],[-76.94451,38.87351],[-76.94431,38.87328],[-76.94413,38.87305],[-76.94397,38.87282],[-76.94377,38.8726],[-76.94365,38.87249],[-76.94349,38.87243],[-76.94339,38.87239],[-76.94333,38.8724],[-76.94327,38.87258],[-76.94315,38.87283],[-76.94296,38.87304],[-76.94278,38.87324],[-76.94305,38.87341],[-76.94335,38.87353],[-76.94355,38.87375],[-76.94368,38.87402],[-76.94371,38.87408],[-76.94372,38.87411],[-76.9437,38.87415],[-76.9437,38.87417],[-76.94371,38.87424],[-76.94374,38.87436],[-76.94377,38.87443],[-76.94378,38.87455],[-76.94381,38.87463],[-76.94382,38.8747],[-76.94379,38.87476],[-76.94371,38.87486],[-76.94361,38.87489],[-76.94337,38.87489],[-76.94303,38.87492],[-76.9427,38.875],[-76.9424,38.87512],[-76.94209,38.87522],[-76.94175,38.87528],[-76.94141,38.87533],[-76.94107,38.87532],[-76.94075,38.87522],[-76.94046,38.87514]]},"properties":{"name":"Trails-Fort Circle  Fc","src":"nps"}},{"type":"Feature","geometry":{"type":"LineString","coordinates":[[-76.94046,38.87514],[-76.94042,38.87513],[-76.94031,38.87509],[-76.94034,38.87482],[-76.94047,38.87458],[-76.94062,38.87434],[-76.94069,38.8741],[-76.94089,38.87374],[-76.94085,38.87339]]},"properties":{"name":"Trails-Fort Dupont  Fd","src":"nps"}},{"type":"Feature","geometry":{"type":"LineString","coordinates":[[-77.01194,38.81297],[-77.01181,38.81296],[-77.01129,38.81294],[-77.01078,38.81268],[-77.0103,38.81234],[-77.00988,38.81222],[-77.00937,38.8123],[-77.00896,38.81216],[-77.00885,38.81177],[-77.00881,38.81152],[-77.00899,38.81127],[-77.00899,38.81112],[-77.0085,38.81073],[-77.00878,38.81058],[-77.00904,38.81052],[-77.00911,38.81047],[-77.0104,38.80988],[-77.01227,38.80896],[-77.01278,38.80873],[-77.01288,38.80849],[-77.01294,38.80809],[-77.01293,38.80783],[-77.0131,38.80762],[-77.01316,38.80726],[-77.01481,38.80597],[-77.015,38.80551],[-77.01521,38.80508],[-77.01546,38.80486],[-77.01652,38.80413],[-77.01694,38.80378],[-77.01701,38.80335],[-77.01608,38.80333],[-77.0147,38.80329],[-77.01419,38.80323],[-77.01361,38.80323],[-77.01326,38.8029],[-77.01213,38.80207],[-77.01185,38.80184],[-77.01144,38.80158],[-77.01105,38.80124],[-77.01005,38.80059],[-77.00979,38.80039],[-77.00958,38.80018],[-77.00925,38.79997],[-77.00878,38.7996],[-77.00846,38.79961],[-77.0074,38.80052],[-77.00701,38.80078],[-77.00641,38.80083],[-77.00563,38.8008],[-77.00492,38.80083],[-77.00448,38.80099],[-77.00414,38.80126]]},"properties":{"name":"Trails-Oxon Hill  Ox","src":"nps"}},{"type":"Feature","geometry":{"type":"LineString","coordinates":[[-77.01012,38.80306],[-77.00988,38.80319],[-77.00967,38.80331],[-77.00965,38.8035],[-77.00965,38.8039],[-77.00953,38.8042],[-77.00951,38.80436],[-77.00939,38.80454],[-77.00931,38.80471],[-77.00898,38.80485],[-77.00852,38.80484],[-77.00811,38.80473],[-77.00783,38.80455],[-77.0073,38.80425],[-77.00708,38.80408],[-77.00661,38.80392],[-77.00624,38.80367],[-77.00608,38.80356],[-77.00594,38.80343],[-77.00577,38.80328],[-77.00556,38.80318],[-77.00508,38.80306],[-77.00481,38.80311],[-77.00472,38.80317],[-77.00448,38.8033]]},"properties":{"name":"Trails-Oxon Hill  Ox","src":"nps"}},{"type":"Feature","geometry":{"type":"LineString","coordinates":[[-77.02922,38.77076],[-77.02922,38.77076],[-77.02919,38.77077],[-77.02916,38.77081],[-77.02916,38.77081],[-77.02908,38.77089],[-77.02908,38.77096],[-77.02908,38.77098],[-77.02906,38.771],[-77.02904,38.77103],[-77.02902,38.77107],[-77.02901,38.77109],[-77.02901,38.77111],[-77.02899,38.77114],[-77.02899,38.77115],[-77.02899,38.77119],[-77.02899,38.77119],[-77.029,38.77121],[-77.02901,38.77122],[-77.029,38.77123],[-77.02901,38.77125],[-77.02903,38.77128],[-77.02902,38.77129],[-77.02902,38.77131],[-77.02902,38.77132],[-77.02902,38.77135],[-77.02902,38.77137],[-77.02902,38.77139],[-77.02902,38.77142],[-77.02902,38.77144],[-77.02902,38.77147],[-77.02902,38.77149],[-77.02902,38.77151],[-77.02902,38.77154],[-77.02901,38.77158],[-77.029,38.77161],[-77.029,38.77162],[-77.029,38.77162],[-77.029,38.77163],[-77.029,38.77165],[-77.02899,38.77167],[-77.02898,38.77168],[-77.02898,38.77169],[-77.02898,38.77172],[-77.02899,38.77175],[-77.02899,38.77177],[-77.02899,38.77178],[-77.02898,38.77181],[-77.02898,38.77181],[-77.02898,38.77181],[-77.02898,38.77185],[-77.02898,38.77188],[-77.02897,38.77193],[-77.02897,38.77196],[-77.02896,38.77198],[-77.02895,38.77201],[-77.02895,38.77203],[-77.02895,38.77207],[-77.02893,38.77216],[-77.02892,38.77221],[-77.02891,38.77223],[-77.02891,38.77225],[-77.02891,38.77229],[-77.0289,38.77232],[-77.02889,38.77234],[-77.02889,38.77237],[-77.02888,38.7724],[-77.02888,38.77242],[-77.02887,38.77245],[-77.02887,38.77246],[-77.02885,38.77249],[-77.02885,38.7725],[-77.02884,38.77251],[-77.02882,38.77254],[-77.02883,38.77256],[-77.02883,38.77258],[-77.02887,38.77262],[-77.02887,38.77263],[-77.02889,38.77264],[-77.02889,38.77265],[-77.0289,38.77265],[-77.02892,38.77268],[-77.02894,38.77269],[-77.02896,38.7727],[-77.02898,38.77271],[-77.02901,38.77273],[-77.02904,38.77274],[-77.02904,38.77275],[-77.02906,38.77276],[-77.02908,38.77279],[-77.0291,38.77281],[-77.0291,38.77284],[-77.0291,38.77286],[-77.0291,38.77289],[-77.02909,38.7729],[-77.02906,38.77296],[-77.02904,38.77298],[-77.02903,38.77301],[-77.02901,38.77303],[-77.02899,38.77305],[-77.02897,38.77308],[-77.02896,38.77311],[-77.02894,38.77315],[-77.02893,38.77318],[-77.02894,38.7732],[-77.02894,38.77322],[-77.02893,38.77326],[-77.02893,38.77328],[-77.02893,38.77331],[-77.02894,38.77336],[-77.02894,38.77338],[-77.02894,38.77341],[-77.02894,38.77344],[-77.02893,38.77347],[-77.02892,38.7735],[-77.02891,38.77352],[-77.0289,38.77354],[-77.02889,38.77357],[-77.02888,38.77359],[-77.02886,38.77363],[-77.02887,38.77363],[-77.02887,38.77365],[-77.02887,38.77368],[-77.02887,38.77371],[-77.02888,38.77375],[-77.0289,38.77377],[-77.02891,38.7738],[-77.02893,38.77383],[-77.02895,38.77385],[-77.02897,38.77388],[-77.02899,38.7739],[-77.02901,38.77393],[-77.02903,38.77395],[-77.02906,38.77397],[-77.02908,38.77399],[-77.02911,38.77402],[-77.02914,38.77405],[-77.02917,38.77407],[-77.02919,38.7741],[-77.02924,38.77416],[-77.02924,38.77416],[-77.02924,38.77416],[-77.02924,38.77416]]},"properties":{"name":"Trails-Fort Foote  Fc","src":"nps"}},{"type":"Feature","geometry":{"type":"LineString","coordinates":[[-77.02659,38.76749],[-77.02668,38.76753],[-77.02686,38.76761],[-77.02702,38.76769],[-77.02705,38.76771],[-77.02711,38.76774],[-77.02717,38.76777],[-77.02732,38.76784],[-77.02739,38.76788],[-77.02745,38.76791],[-77.02753,38.76794],[-77.02765,38.76801],[-77.02771,38.76805],[-77.02777,38.76808],[-77.02782,38.76813],[-77.02785,38.7682],[-77.02789,38.76826],[-77.02792,38.76832],[-77.02794,38.76838],[-77.02796,38.76845],[-77.02801,38.76852],[-77.02821,38.76871],[-77.02828,38.76876],[-77.02834,38.7688],[-77.0284,38.76883],[-77.02847,38.76888],[-77.02854,38.76893],[-77.0286,38.76898],[-77.02866,38.76903],[-77.02872,38.76909],[-77.02878,38.76914],[-77.02884,38.76919],[-77.02889,38.76924],[-77.02895,38.7693],[-77.029,38.76935],[-77.02906,38.7694],[-77.02911,38.76945],[-77.02916,38.76951],[-77.0292,38.76957],[-77.02923,38.76963],[-77.02925,38.7697],[-77.02926,38.76977],[-77.02926,38.76984],[-77.02926,38.76991],[-77.02925,38.76997],[-77.02925,38.77004],[-77.02925,38.77011],[-77.02925,38.77018],[-77.02925,38.77024],[-77.02926,38.77031],[-77.02926,38.77037],[-77.02925,38.77043],[-77.02926,38.7705],[-77.02929,38.77056],[-77.02929,38.77063],[-77.02926,38.77068],[-77.02923,38.77075],[-77.02922,38.77076]]},"properties":{"name":"Trails-Fort Foote  Fc","src":"nps"}},{"type":"Feature","geometry":{"type":"MultiLineString","coordinates":[[[-77.0284,38.76746],[-77.02841,38.76746],[-77.02847,38.76749],[-77.02854,38.76753],[-77.02861,38.76756],[-77.02865,38.76758],[-77.0287,38.76761],[-77.02873,38.76763],[-77.02878,38.76765],[-77.02883,38.76767],[-77.02887,38.76771],[-77.02892,38.76774],[-77.02897,38.76778],[-77.02903,38.7678],[-77.02908,38.76783],[-77.02913,38.76784],[-77.02917,38.76784],[-77.02922,38.76784],[-77.02927,38.76782],[-77.02932,38.76783],[-77.02938,38.76785],[-77.02943,38.76787],[-77.02944,38.7679],[-77.02944,38.76795],[-77.02944,38.768],[-77.02945,38.76805],[-77.02946,38.7681],[-77.02946,38.76814],[-77.02945,38.76815]],[[-77.02798,38.76817],[-77.02798,38.76817],[-77.02803,38.7682],[-77.02809,38.76824],[-77.0282,38.76829],[-77.02825,38.7683],[-77.02831,38.76832],[-77.02836,38.76834],[-77.02843,38.76835],[-77.02848,38.76837],[-77.02858,38.76841],[-77.02864,38.76843],[-77.02872,38.76846],[-77.02877,38.76848],[-77.02882,38.76849],[-77.02887,38.76851],[-77.02893,38.76855],[-77.02897,38.76859]],[[-77.02998,38.76977],[-77.02998,38.76977],[-77.02998,38.76976],[-77.02998,38.76976],[-77.02998,38.76973],[-77.02998,38.7697],[-77.02995,38.76968],[-77.02992,38.76965],[-77.02991,38.76961],[-77.0299,38.76956],[-77.02989,38.76951],[-77.02989,38.76947],[-77.02989,38.76942],[-77.02988,38.76936],[-77.02988,38.76933],[-77.02988,38.76929],[-77.02986,38.76925],[-77.02986,38.7692],[-77.02983,38.76916],[-77.02982,38.76912],[-77.0298,38.76908],[-77.02977,38.76905],[-77.02973,38.76901],[-77.0297,38.76897],[-77.02966,38.76896],[-77.02962,38.76894],[-77.0296,38.76891],[-77.02954,38.76889],[-77.02952,38.76886],[-77.02946,38.76884],[-77.02942,38.76882],[-77.02935,38.76881],[-77.02931,38.76879],[-77.02929,38.76876],[-77.02927,38.76874],[-77.02922,38.7687],[-77.0292,38.76868],[-77.02918,38.76867],[-77.02914,38.76866],[-77.0291,38.76864],[-77.02905,38.76863],[-77.029,38.7686],[-77.02897,38.76859]],[[-77.02841,38.76746],[-77.02841,38.76746],[-77.0284,38.76743],[-77.02835,38.76739],[-77.02832,38.76735],[-77.02828,38.76733],[-77.02825,38.76731],[-77.02824,38.76728],[-77.02822,38.76725],[-77.0282,38.76721],[-77.0282,38.76718],[-77.02817,38.76714],[-77.02813,38.76711],[-77.02803,38.76709],[-77.02796,38.76707],[-77.0279,38.76706],[-77.02786,38.76704],[-77.02781,38.76704],[-77.02777,38.76704],[-77.02772,38.76704],[-77.02766,38.76702],[-77.02765,38.76701],[-77.02762,38.76699]],[[-77.02732,38.76694],[-77.02735,38.76695],[-77.02736,38.76696],[-77.02738,38.76699],[-77.0274,38.76703],[-77.02743,38.76705],[-77.02746,38.76706],[-77.02746,38.76707],[-77.02747,38.76706],[-77.02748,38.76706],[-77.02749,38.76707],[-77.02749,38.76706],[-77.0275,38.76706],[-77.02751,38.76706],[-77.02751,38.76705],[-77.02756,38.76703],[-77.02758,38.76701],[-77.02762,38.76699]],[[-77.02962,38.76827],[-77.02961,38.76827],[-77.02962,38.7683],[-77.02958,38.76835],[-77.02954,38.76839],[-77.02949,38.7684],[-77.02944,38.76841],[-77.02938,38.76841],[-77.02932,38.76841],[-77.02918,38.7684],[-77.02912,38.7684],[-77.02904,38.76843],[-77.02897,38.76844],[-77.02895,38.76844],[-77.02897,38.76847],[-77.029,38.76848],[-77.02897,38.76854],[-77.02897,38.76859]],[[-77.02962,38.76827],[-77.02958,38.76826],[-77.02954,38.76822],[-77.0295,38.76819],[-77.02945,38.76815]],[[-77.02962,38.76827],[-77.02962,38.76827],[-77.02963,38.76824],[-77.02963,38.76819],[-77.02964,38.76814],[-77.02965,38.76808],[-77.02967,38.76798],[-77.02967,38.76793],[-77.02968,38.76788],[-77.02969,38.76784],[-77.0297,38.7678],[-77.02972,38.76778],[-77.0297,38.76776],[-77.02966,38.76774],[-77.02963,38.76771],[-77.02962,38.76766],[-77.02957,38.76758],[-77.02953,38.76754],[-77.02951,38.76752],[-77.02948,38.76746],[-77.02946,38.76741],[-77.02945,38.76737],[-77.02941,38.76734],[-77.0294,38.76732],[-77.02941,38.76728],[-77.02941,38.76725],[-77.0294,38.76722],[-77.02937,38.76721],[-77.02933,38.76719],[-77.02929,38.76718],[-77.02924,38.76713],[-77.0292,38.76712],[-77.02918,38.76711],[-77.02914,38.76709],[-77.02913,38.76706],[-77.02911,38.76703],[-77.02908,38.767],[-77.02904,38.76697],[-77.029,38.76694],[-77.02896,38.7669],[-77.02894,38.76687],[-77.0289,38.76687],[-77.02887,38.76685],[-77.02879,38.76682],[-77.02877,38.76682],[-77.0287,38.76681],[-77.02864,38.76682],[-77.0286,38.76682],[-77.02858,38.76685],[-77.02856,38.76685],[-77.0285,38.76685],[-77.02844,38.76684],[-77.0284,38.76682],[-77.02824,38.76685],[-77.02821,38.76686],[-77.02816,38.76685],[-77.02813,38.76685],[-77.0281,38.76685],[-77.02806,38.76683],[-77.02797,38.7668],[-77.02794,38.76681],[-77.0279,38.76682],[-77.02785,38.76682],[-77.02781,38.76682],[-77.02777,38.76684],[-77.02774,38.76686],[-77.0277,38.76688],[-77.02766,38.76692],[-77.02765,38.76695],[-77.02762,38.76699]],[[-77.02945,38.76815],[-77.02943,38.76817],[-77.02937,38.76817],[-77.02931,38.76815],[-77.02925,38.76814],[-77.0292,38.76815],[-77.02907,38.76812],[-77.02901,38.76809],[-77.02895,38.76806],[-77.02891,38.76801],[-77.02887,38.76797],[-77.02884,38.76794],[-77.0288,38.76792],[-77.02874,38.76789],[-77.0287,38.76785],[-77.02865,38.76782],[-77.02859,38.76779],[-77.02854,38.76777],[-77.02849,38.76773],[-77.02843,38.7677],[-77.02838,38.76768],[-77.02837,38.76767]],[[-77.02837,38.76767],[-77.02832,38.76771],[-77.02829,38.76777],[-77.02825,38.76783],[-77.02821,38.76787],[-77.02817,38.76791],[-77.02813,38.76795],[-77.02809,38.768],[-77.02805,38.76804],[-77.02802,38.76808],[-77.02799,38.76813],[-77.02798,38.76816],[-77.02797,38.76817]],[[-77.02837,38.76767],[-77.02833,38.76765],[-77.02828,38.76762],[-77.02824,38.76759],[-77.02819,38.76757],[-77.02814,38.76755],[-77.02807,38.7675],[-77.02806,38.7675],[-77.02803,38.76746],[-77.02798,38.76742],[-77.02793,38.76743],[-77.02787,38.76742],[-77.02783,38.76738]]]},"properties":{"name":"Trails-Fort Foote  Fc","src":"nps"}},{"type":"Feature","geometry":{"type":"LineString","coordinates":[[-77.02673,38.76729],[-77.02673,38.76729],[-77.02674,38.76729],[-77.02675,38.76728],[-77.02675,38.76728],[-77.02677,38.76727],[-77.02677,38.76726],[-77.02678,38.76726],[-77.02679,38.76725],[-77.0268,38.76724],[-77.02681,38.76723],[-77.02682,38.76723],[-77.02683,38.76722],[-77.02684,38.76721],[-77.02685,38.76721],[-77.02686,38.7672],[-77.02687,38.76719],[-77.02688,38.76719],[-77.02689,38.76718],[-77.0269,38.76717],[-77.02691,38.76717],[-77.02692,38.76716],[-77.02693,38.76715],[-77.02694,38.76714],[-77.02695,38.76714],[-77.02696,38.76713],[-77.02697,38.76713],[-77.02698,38.76712],[-77.027,38.76712],[-77.02701,38.76711],[-77.02707,38.76708],[-77.02708,38.76708],[-77.0271,38.76707],[-77.02711,38.76707],[-77.02712,38.76706],[-77.02713,38.76705],[-77.02714,38.76705],[-77.02716,38.76704],[-77.02717,38.76704],[-77.02718,38.76703],[-77.02719,38.76702],[-77.0272,38.76702],[-77.02722,38.76701],[-77.02722,38.76701],[-77.02723,38.767],[-77.02724,38.76699],[-77.02726,38.76699],[-77.02727,38.76698],[-77.02727,38.76697],[-77.02728,38.76696],[-77.02729,38.76695],[-77.02729,38.76695]]},"properties":{"name":"Trails-Fort Foote  Fc","src":"nps"}},{"type":"Feature","geometry":{"type":"LineString","coordinates":[[-77.00208,38.74601],[-77.00207,38.74602],[-77.00207,38.74607],[-77.00206,38.74612],[-77.00205,38.74618],[-77.00202,38.74622],[-77.002,38.74627],[-77.002,38.74634],[-77.002,38.74638],[-77.002,38.74643],[-77.002,38.74647],[-77.002,38.74655],[-77.00197,38.74674],[-77.00199,38.74683],[-77.00199,38.74685],[-77.00199,38.74686],[-77.00199,38.74686],[-77.002,38.74687],[-77.00206,38.74688],[-77.00207,38.74689],[-77.00209,38.74689],[-77.0021,38.74689],[-77.00212,38.7469],[-77.00213,38.7469],[-77.00215,38.7469],[-77.00217,38.74691],[-77.00221,38.74691],[-77.00222,38.74691],[-77.00223,38.74691],[-77.00225,38.74691],[-77.00226,38.74691],[-77.00227,38.7469],[-77.00227,38.7469],[-77.00233,38.7469],[-77.00235,38.7469],[-77.00237,38.74691],[-77.00238,38.74691],[-77.0024,38.74691],[-77.00258,38.74695],[-77.00265,38.74694],[-77.00272,38.74695],[-77.00279,38.74696],[-77.00286,38.74696],[-77.00293,38.74697],[-77.00299,38.74698],[-77.00306,38.74698],[-77.00313,38.747],[-77.0032,38.74701],[-77.00326,38.74702],[-77.00332,38.74703],[-77.00339,38.74705],[-77.00346,38.74706],[-77.00354,38.74706],[-77.00361,38.74707],[-77.00369,38.74707],[-77.00376,38.74708],[-77.00396,38.74709],[-77.00403,38.74711],[-77.00411,38.74712],[-77.00417,38.74714],[-77.00423,38.74716],[-77.00429,38.74717],[-77.00437,38.74717],[-77.00443,38.74718],[-77.00449,38.74718],[-77.00455,38.7472],[-77.0046,38.74722],[-77.00467,38.74722],[-77.00475,38.74721],[-77.00482,38.74721],[-77.00489,38.74722],[-77.00497,38.74724],[-77.005,38.74725],[-77.00503,38.74726],[-77.00509,38.74726],[-77.00515,38.74727],[-77.00522,38.74728],[-77.00528,38.74728],[-77.00535,38.74729],[-77.00541,38.7473],[-77.00547,38.7473],[-77.00551,38.7473],[-77.00551,38.74731],[-77.00552,38.74732],[-77.00552,38.74733],[-77.00555,38.74736],[-77.00556,38.7474],[-77.00551,38.74745],[-77.0055,38.74746],[-77.00548,38.74751],[-77.00545,38.74754],[-77.00543,38.74757],[-77.00543,38.74761],[-77.00543,38.74765],[-77.00545,38.74768],[-77.00547,38.74773],[-77.00546,38.74778],[-77.00545,38.74782],[-77.00543,38.74789],[-77.00544,38.74793],[-77.00543,38.74797],[-77.00543,38.74799],[-77.00542,38.74803],[-77.0054,38.74808],[-77.00538,38.74812],[-77.00534,38.74814],[-77.00532,38.74817],[-77.00529,38.7482],[-77.0053,38.74826],[-77.0053,38.7483],[-77.0053,38.7483],[-77.0053,38.74834],[-77.00532,38.7484],[-77.00533,38.74844],[-77.00535,38.74847],[-77.00536,38.74851],[-77.00537,38.74854],[-77.00536,38.74858],[-77.00536,38.74862],[-77.00536,38.74867],[-77.00534,38.74871],[-77.00534,38.74875],[-77.00534,38.7488],[-77.00532,38.74884],[-77.0053,38.74889],[-77.00528,38.74894],[-77.00527,38.74899],[-77.00525,38.74904],[-77.00525,38.74908],[-77.00523,38.74913],[-77.00522,38.74916],[-77.00521,38.74916]]},"properties":{"name":"Trails-Harmony Hall  Hh","src":"nps"}},{"type":"Feature","geometry":{"type":"MultiLineString","coordinates":[[[-77.02913,38.70383],[-77.02916,38.70382],[-77.02919,38.7038],[-77.02921,38.70379],[-77.02925,38.70378],[-77.02929,38.70377],[-77.02933,38.70374],[-77.02936,38.70373],[-77.02939,38.70372],[-77.02944,38.70371],[-77.02946,38.70372],[-77.02948,38.70373],[-77.0295,38.70373],[-77.02952,38.70373],[-77.02955,38.70373],[-77.02957,38.70374],[-77.02959,38.70374],[-77.02962,38.70373],[-77.02964,38.70373],[-77.02965,38.70374],[-77.02967,38.70374],[-77.02969,38.70374],[-77.0297,38.70374],[-77.02972,38.70374],[-77.02974,38.70374],[-77.02975,38.70375],[-77.02976,38.70375],[-77.02978,38.70375],[-77.02978,38.70375],[-77.02978,38.70376],[-77.0298,38.70375],[-77.02981,38.70377],[-77.0298,38.70377],[-77.02979,38.70378],[-77.02978,38.7038],[-77.0298,38.70381],[-77.02978,38.70383],[-77.02979,38.70384],[-77.02977,38.70387],[-77.02978,38.7039],[-77.02978,38.70392],[-77.02979,38.70392],[-77.0298,38.70394],[-77.02981,38.70396],[-77.02983,38.704],[-77.02983,38.70403],[-77.02985,38.70408],[-77.02991,38.70416],[-77.02991,38.70418],[-77.02993,38.70419],[-77.02995,38.7042],[-77.02997,38.70421],[-77.02997,38.70421],[-77.02999,38.70425],[-77.02996,38.70431],[-77.02999,38.70432],[-77.03004,38.70432],[-77.03004,38.70435],[-77.03007,38.70437],[-77.03008,38.70439],[-77.0301,38.70442],[-77.03011,38.70447],[-77.0301,38.70449],[-77.0301,38.70453],[-77.03009,38.70454],[-77.03008,38.70456],[-77.03009,38.70457],[-77.03008,38.7046],[-77.03008,38.70461],[-77.03008,38.70463],[-77.03009,38.70467],[-77.03006,38.70466],[-77.03005,38.70467],[-77.03002,38.70469],[-77.03,38.7047],[-77.02999,38.70473],[-77.02996,38.70478],[-77.02994,38.7048],[-77.02994,38.70481],[-77.02992,38.70483],[-77.02991,38.70485],[-77.0299,38.70486],[-77.0299,38.70486],[-77.02989,38.70488],[-77.02987,38.70489],[-77.02987,38.7049],[-77.02986,38.70492],[-77.02985,38.70492],[-77.02983,38.70493],[-77.02983,38.70495],[-77.02982,38.70497],[-77.0298,38.70499],[-77.02979,38.705],[-77.02983,38.70502],[-77.02985,38.70503],[-77.02985,38.70505],[-77.02986,38.70506],[-77.02986,38.70509],[-77.02985,38.70512]],[[-77.03615,38.71233],[-77.0362,38.71227],[-77.03623,38.71218],[-77.03626,38.71205],[-77.03627,38.71197],[-77.03625,38.71188],[-77.03623,38.71178],[-77.03621,38.7117],[-77.03621,38.71163],[-77.0362,38.71151],[-77.03622,38.71146],[-77.03626,38.71137],[-77.0363,38.71131],[-77.03632,38.71121],[-77.03633,38.71112],[-77.03634,38.71102],[-77.03633,38.71095],[-77.03633,38.71089],[-77.03632,38.7106],[-77.03636,38.71053],[-77.03644,38.71039],[-77.03648,38.71034],[-77.03657,38.71018],[-77.0366,38.7101],[-77.03675,38.70992],[-77.03672,38.70988],[-77.03676,38.7098],[-77.03681,38.70972],[-77.03687,38.70953],[-77.03687,38.70943],[-77.03687,38.70933],[-77.03683,38.7091],[-77.03684,38.70907],[-77.03681,38.70902],[-77.03679,38.70899],[-77.03663,38.70881],[-77.03659,38.70877],[-77.03653,38.70873],[-77.036,38.70841],[-77.03597,38.7084],[-77.0359,38.70839],[-77.03585,38.70838],[-77.03575,38.70836],[-77.03571,38.70835],[-77.03567,38.70833],[-77.03562,38.70832],[-77.03557,38.7083],[-77.03551,38.70829],[-77.03547,38.70827],[-77.03542,38.70825],[-77.03537,38.70824],[-77.03531,38.70822],[-77.03526,38.70821],[-77.0352,38.7082],[-77.03514,38.70819],[-77.03511,38.70816],[-77.03507,38.70812],[-77.03503,38.7081],[-77.03498,38.70807],[-77.03492,38.70805],[-77.0349,38.70804],[-77.03484,38.70803],[-77.03479,38.70803],[-77.03474,38.70803],[-77.03463,38.70804],[-77.03459,38.70805],[-77.03455,38.70806],[-77.03451,38.70807],[-77.03447,38.70808],[-77.03439,38.70809],[-77.03437,38.70809],[-77.03433,38.7081],[-77.03427,38.70811],[-77.03422,38.70811],[-77.03417,38.70813],[-77.03413,38.70815],[-77.03407,38.70814],[-77.03397,38.70812],[-77.03392,38.70812],[-77.03387,38.70812],[-77.03383,38.70811],[-77.03378,38.7081],[-77.03373,38.70808],[-77.0337,38.70806],[-77.03366,38.70806],[-77.03361,38.70804],[-77.03356,38.70802],[-77.03351,38.70801],[-77.03346,38.708],[-77.03342,38.70798],[-77.03339,38.70796],[-77.03334,38.70795],[-77.03329,38.70793],[-77.03323,38.70792],[-77.03318,38.7079],[-77.03313,38.70789],[-77.03307,38.70787],[-77.03302,38.70785],[-77.03296,38.70782],[-77.03292,38.7078],[-77.03286,38.70778],[-77.0328,38.70777],[-77.03274,38.70775],[-77.0327,38.70775],[-77.03267,38.70774],[-77.03264,38.70769],[-77.03262,38.7077],[-77.03257,38.70762],[-77.03252,38.70762],[-77.03249,38.70755],[-77.03243,38.70753],[-77.03234,38.70751],[-77.03227,38.70748],[-77.03223,38.70748],[-77.03211,38.70748],[-77.03204,38.70743],[-77.03189,38.70737],[-77.03185,38.70736],[-77.03178,38.7073],[-77.03172,38.70728],[-77.03169,38.70727],[-77.03166,38.70724],[-77.03163,38.70721],[-77.0316,38.70718],[-77.03158,38.70715],[-77.03155,38.70713],[-77.0315,38.70707],[-77.03143,38.70699],[-77.0314,38.70696],[-77.03137,38.70692],[-77.03134,38.70687],[-77.03132,38.70682],[-77.03129,38.70679],[-77.03127,38.70676],[-77.03126,38.70671],[-77.03124,38.70664],[-77.03122,38.7066],[-77.0312,38.70657],[-77.0312,38.70653],[-77.03118,38.70651],[-77.03116,38.70645],[-77.03113,38.70641],[-77.0311,38.70639],[-77.03109,38.70639],[-77.03105,38.70639],[-77.03103,38.70637],[-77.03103,38.70636],[-77.03097,38.70635],[-77.03094,38.70635],[-77.03093,38.70634],[-77.03093,38.7063],[-77.03095,38.70627],[-77.03096,38.70618],[-77.03097,38.70613],[-77.03095,38.70611],[-77.0309,38.70611],[-77.03086,38.7061],[-77.03082,38.70609],[-77.0308,38.70605],[-77.03076,38.70602],[-77.03073,38.70601],[-77.03069,38.70597],[-77.03066,38.70594],[-77.03063,38.70591],[-77.03059,38.70589],[-77.03056,38.70588],[-77.03053,38.70588],[-77.0305,38.70587],[-77.03047,38.70586],[-77.03044,38.70583],[-77.03045,38.70582],[-77.03043,38.70578],[-77.0304,38.70575],[-77.03035,38.70571],[-77.03032,38.70571],[-77.03028,38.70572],[-77.03019,38.70566],[-77.03015,38.70565],[-77.03012,38.70562],[-77.03011,38.7056],[-77.0301,38.70559],[-77.03008,38.70557],[-77.03007,38.70555],[-77.03005,38.70549],[-77.03004,38.70545],[-77.03004,38.70545],[-77.03004,38.70544],[-77.03004,38.7054],[-77.03003,38.70537],[-77.03001,38.70536],[-77.03,38.70534],[-77.02999,38.70531],[-77.02998,38.7053],[-77.03,38.70526],[-77.02999,38.70523],[-77.02997,38.70523],[-77.02996,38.70521],[-77.02993,38.70519],[-77.0299,38.70514],[-77.02987,38.70513],[-77.02985,38.70512]],[[-77.02985,38.70512],[-77.02984,38.70514],[-77.02984,38.70516],[-77.02982,38.70516],[-77.02981,38.70516],[-77.02979,38.70518],[-77.02977,38.70519],[-77.02976,38.70521],[-77.02974,38.70522],[-77.02972,38.70524],[-77.02969,38.70526],[-77.02969,38.70527],[-77.02968,38.7053],[-77.02968,38.70532],[-77.02967,38.70534],[-77.02967,38.70536],[-77.02965,38.70538],[-77.02963,38.7054],[-77.0296,38.70542],[-77.02957,38.70548],[-77.02956,38.70549],[-77.02954,38.7055],[-77.02952,38.70553],[-77.02949,38.70556],[-77.02946,38.7056],[-77.02946,38.70561]]]},"properties":{"name":"Trails-Fort Washington  Fw","src":"nps"}},{"type":"Feature","geometry":{"type":"LineString","coordinates":[[-77.02597,38.70824],[-77.02601,38.70817],[-77.02606,38.70804],[-77.02609,38.70799],[-77.02609,38.70796],[-77.0261,38.70794],[-77.02609,38.70793],[-77.02609,38.7079],[-77.02611,38.70785],[-77.0261,38.70782],[-77.02609,38.70779],[-77.02609,38.70774],[-77.02605,38.70767],[-77.02602,38.70764],[-77.026,38.70761],[-77.02596,38.70758],[-77.02594,38.70755],[-77.02592,38.70751],[-77.02589,38.70745],[-77.02587,38.70741],[-77.02588,38.70728],[-77.02588,38.70725],[-77.02591,38.70722],[-77.02592,38.70719],[-77.02593,38.70717],[-77.02595,38.70714],[-77.02597,38.70712],[-77.026,38.70705],[-77.02604,38.70696],[-77.02604,38.70694],[-77.02607,38.70689],[-77.02609,38.70686],[-77.02611,38.70683],[-77.02612,38.7068],[-77.02614,38.70677],[-77.02617,38.70669],[-77.02619,38.70667],[-77.0262,38.7066],[-77.02622,38.70657],[-77.02628,38.70648],[-77.02629,38.70645],[-77.02629,38.70644],[-77.02629,38.70638],[-77.02633,38.70636],[-77.02634,38.70633],[-77.02635,38.70629],[-77.02638,38.70625],[-77.0264,38.7062],[-77.02641,38.70616],[-77.02641,38.70614],[-77.02643,38.7061],[-77.02645,38.70607],[-77.02648,38.70602],[-77.02654,38.70594],[-77.02655,38.70592],[-77.02658,38.70584],[-77.0266,38.70581],[-77.02662,38.70576],[-77.02665,38.70567],[-77.02668,38.70563],[-77.02669,38.70559],[-77.0267,38.70556],[-77.02671,38.7055],[-77.02673,38.70547],[-77.02675,38.70544],[-77.0268,38.70533],[-77.02685,38.70527],[-77.02687,38.70522],[-77.0269,38.70514],[-77.02689,38.70509],[-77.02691,38.70508],[-77.02699,38.70503],[-77.02703,38.70501],[-77.02709,38.70499],[-77.02713,38.70497],[-77.02716,38.70496],[-77.0272,38.70495],[-77.02724,38.70493],[-77.02731,38.70493],[-77.02736,38.70493],[-77.02742,38.70493],[-77.02748,38.70494],[-77.02753,38.70493],[-77.02765,38.70491],[-77.02771,38.70491],[-77.02774,38.70491],[-77.02777,38.70491],[-77.02784,38.70491],[-77.02786,38.70488],[-77.02789,38.70486],[-77.0279,38.70483],[-77.02792,38.70482],[-77.02794,38.70481],[-77.02795,38.70479],[-77.02797,38.70477],[-77.02799,38.70475],[-77.02802,38.70472],[-77.02804,38.7047],[-77.02805,38.70467],[-77.02806,38.70465],[-77.02807,38.7046],[-77.0281,38.70454],[-77.02809,38.70449],[-77.02809,38.70446],[-77.02809,38.70443],[-77.02809,38.70438],[-77.02809,38.70435],[-77.02809,38.70431],[-77.02808,38.70428],[-77.02809,38.70424],[-77.02808,38.70417],[-77.02809,38.70414],[-77.02817,38.70408],[-77.02819,38.70407],[-77.02823,38.70407],[-77.02827,38.70405],[-77.02836,38.70403],[-77.02841,38.70401],[-77.02846,38.704],[-77.02851,38.70399],[-77.02857,38.70399],[-77.02861,38.70398],[-77.02867,38.70397],[-77.02875,38.70392],[-77.02879,38.7039],[-77.02885,38.70388],[-77.02894,38.70387],[-77.02899,38.70386],[-77.02904,38.70386],[-77.02909,38.70384],[-77.02911,38.70384],[-77.02912,38.70384],[-77.02913,38.70383]]},"properties":{"name":"Trails-Fort Washington  Fw","src":"nps"}},{"type":"Feature","geometry":{"type":"LineString","coordinates":[[-77.02059,38.70375],[-77.0206,38.70375],[-77.0206,38.70375],[-77.02059,38.70375],[-77.02053,38.70372],[-77.02046,38.70369],[-77.02032,38.70363],[-77.02024,38.7036],[-77.02016,38.70357],[-77.02009,38.70354],[-77.02,38.70351],[-77.01993,38.70348],[-77.01985,38.70346],[-77.01979,38.70344],[-77.01976,38.70341],[-77.01974,38.70342],[-77.01974,38.70342],[-77.01964,38.70341],[-77.0194,38.70338],[-77.01933,38.70337],[-77.01916,38.70335],[-77.0191,38.70336],[-77.01908,38.70334],[-77.01886,38.70333],[-77.01881,38.70333],[-77.01873,38.70333],[-77.01846,38.70337],[-77.01842,38.70338],[-77.01833,38.7034],[-77.01829,38.70339],[-77.01809,38.70336],[-77.01803,38.70337],[-77.01797,38.70337],[-77.01785,38.70335],[-77.01779,38.70334],[-77.01745,38.70326],[-77.01738,38.70324],[-77.01729,38.70321],[-77.01727,38.7032],[-77.01721,38.70317],[-77.01713,38.70314],[-77.01706,38.70312],[-77.01699,38.70309],[-77.01693,38.70305],[-77.01688,38.70301],[-77.01675,38.70293],[-77.01669,38.70289],[-77.01662,38.70286],[-77.0166,38.70284],[-77.0166,38.70284],[-77.0166,38.70284],[-77.01659,38.70285],[-77.01654,38.70283],[-77.01645,38.70281],[-77.01637,38.70281],[-77.01629,38.70281],[-77.0162,38.70281],[-77.01612,38.70281],[-77.01588,38.70282],[-77.01581,38.70283],[-77.01574,38.70285],[-77.01567,38.70287],[-77.01561,38.70288],[-77.01556,38.70286],[-77.01548,38.70285],[-77.0154,38.70284],[-77.01533,38.70283],[-77.01526,38.70282],[-77.01519,38.70279],[-77.01512,38.70277],[-77.01505,38.70275],[-77.01498,38.70273],[-77.01491,38.7027],[-77.01484,38.70268],[-77.01469,38.70264],[-77.01463,38.70262],[-77.01456,38.70259],[-77.0145,38.70256],[-77.01444,38.70254],[-77.01438,38.70252],[-77.01431,38.7025],[-77.01425,38.70247],[-77.01419,38.70245],[-77.01419,38.70245],[-77.01415,38.70244],[-77.01408,38.70241],[-77.01401,38.70238],[-77.01395,38.70234],[-77.01389,38.7023],[-77.01384,38.70226],[-77.01379,38.70221],[-77.01375,38.70216],[-77.01369,38.70212],[-77.01363,38.70208],[-77.01355,38.70205],[-77.01348,38.70203],[-77.01341,38.70199],[-77.01336,38.70195],[-77.0133,38.70191],[-77.01325,38.70187],[-77.01321,38.70181],[-77.01316,38.70177],[-77.0131,38.70173],[-77.01304,38.70169],[-77.01298,38.70164],[-77.01299,38.70163],[-77.01292,38.7016],[-77.01287,38.70156],[-77.01281,38.70151],[-77.01274,38.70149],[-77.0127,38.70147],[-77.01268,38.70147],[-77.01268,38.70148],[-77.01267,38.70148],[-77.01265,38.70146],[-77.01259,38.70142],[-77.01253,38.70138],[-77.01248,38.70133],[-77.01236,38.70125],[-77.0123,38.70121],[-77.01215,38.70115],[-77.01203,38.70108],[-77.01183,38.70099],[-77.01177,38.70096],[-77.01164,38.7009],[-77.01156,38.70087],[-77.01149,38.70086],[-77.01142,38.70088],[-77.01132,38.70096],[-77.01129,38.70102],[-77.01126,38.70108],[-77.01119,38.70118],[-77.01114,38.70121],[-77.01096,38.70123],[-77.01084,38.70127],[-77.01078,38.70131],[-77.01066,38.70145],[-77.01062,38.70149],[-77.01055,38.70152],[-77.01046,38.70158],[-77.01042,38.70163],[-77.01038,38.70166],[-77.01034,38.70169],[-77.0103,38.70172],[-77.01026,38.70176],[-77.01023,38.7018],[-77.01022,38.70182]]},"properties":{"name":"Trails-Piscataway  Pi","src":"nps"}},{"type":"Feature","geometry":{"type":"LineString","coordinates":[[-77.05263,38.69525],[-77.0526,38.69526],[-77.05254,38.69528],[-77.05248,38.69531],[-77.05238,38.69537],[-77.05234,38.69541],[-77.0523,38.69543],[-77.0523,38.69546],[-77.05233,38.69551],[-77.05235,38.69556],[-77.05234,38.69561],[-77.05233,38.69565],[-77.05231,38.69571],[-77.05228,38.69575],[-77.05225,38.6958],[-77.05221,38.69585],[-77.05217,38.69589],[-77.05213,38.69593],[-77.05209,38.69598],[-77.05205,38.69602],[-77.05201,38.69607],[-77.05198,38.69612],[-77.05194,38.69616],[-77.0519,38.6962],[-77.05186,38.69625],[-77.05183,38.69629],[-77.05179,38.69634],[-77.05175,38.69638],[-77.05171,38.69643],[-77.05167,38.69647],[-77.05163,38.69652],[-77.05158,38.69656],[-77.05154,38.69661],[-77.0515,38.69666],[-77.05146,38.69671],[-77.05142,38.69676],[-77.05138,38.6968],[-77.05134,38.69685],[-77.0513,38.6969],[-77.05125,38.69695],[-77.05121,38.697],[-77.05117,38.69705],[-77.05114,38.69711],[-77.0511,38.69716],[-77.05106,38.69721],[-77.05094,38.69735],[-77.05091,38.69739],[-77.05087,38.69744],[-77.05084,38.69749],[-77.0508,38.69753],[-77.05077,38.69758],[-77.05073,38.69763],[-77.0507,38.69768],[-77.05066,38.69773],[-77.05063,38.69778],[-77.0506,38.69783],[-77.05056,38.69787],[-77.05052,38.69793],[-77.05048,38.69797],[-77.05044,38.69801],[-77.05031,38.69816],[-77.05027,38.6982],[-77.0502,38.6983],[-77.05011,38.69839],[-77.05003,38.69849],[-77.0499,38.69863],[-77.04986,38.69868],[-77.04982,38.69873],[-77.04978,38.69878],[-77.04973,38.69882],[-77.04969,38.69887],[-77.04964,38.69892],[-77.0496,38.69896],[-77.04955,38.69901],[-77.04947,38.69909],[-77.04943,38.69914],[-77.04938,38.69918],[-77.04934,38.69922],[-77.04929,38.69927],[-77.04924,38.69931],[-77.04919,38.69935],[-77.04909,38.69943],[-77.049,38.6995],[-77.04895,38.69954],[-77.0489,38.69958],[-77.04885,38.69961],[-77.04868,38.69972],[-77.04863,38.69975],[-77.04857,38.69977],[-77.04851,38.6998],[-77.04845,38.69982],[-77.04839,38.69983],[-77.04834,38.69985],[-77.04828,38.69986],[-77.04823,38.69988],[-77.04817,38.69989],[-77.04811,38.6999],[-77.04806,38.69991],[-77.04801,38.69994],[-77.04797,38.69997],[-77.04792,38.69999],[-77.04788,38.70002],[-77.04783,38.70005],[-77.04778,38.70007],[-77.04772,38.7001],[-77.04767,38.70013],[-77.04762,38.70016],[-77.04756,38.70019],[-77.04739,38.70026],[-77.04734,38.7003],[-77.04728,38.70033],[-77.04722,38.70036],[-77.04717,38.70039],[-77.04705,38.70045],[-77.04699,38.70047],[-77.04693,38.70051],[-77.04687,38.70055],[-77.04681,38.70058],[-77.04675,38.70061],[-77.04668,38.70064],[-77.04662,38.70066],[-77.04655,38.70067],[-77.04648,38.70067],[-77.04641,38.70065],[-77.04621,38.7006],[-77.04617,38.70058],[-77.04611,38.70056],[-77.04604,38.70053],[-77.04598,38.70051],[-77.04591,38.70049],[-77.04586,38.70047],[-77.04582,38.70046],[-77.04564,38.70041],[-77.04553,38.70039],[-77.04543,38.70032],[-77.04536,38.70024],[-77.04534,38.7002],[-77.04532,38.70017],[-77.0453,38.69998],[-77.04532,38.69989],[-77.04535,38.6998],[-77.04535,38.69975],[-77.04537,38.6997],[-77.04537,38.6996],[-77.04536,38.6995],[-77.04536,38.69919],[-77.04536,38.69916],[-77.04534,38.69906],[-77.04532,38.69901],[-77.0453,38.69897],[-77.04527,38.69892],[-77.04523,38.69882],[-77.04522,38.69871],[-77.04516,38.69861],[-77.04513,38.69851],[-77.04511,38.69846],[-77.04507,38.69836],[-77.04502,38.69827],[-77.045,38.69823],[-77.04497,38.69818],[-77.04494,38.69814],[-77.04489,38.69804],[-77.04483,38.69796],[-77.04476,38.69785],[-77.04473,38.6978],[-77.04467,38.6977],[-77.04463,38.69765],[-77.04457,38.69754],[-77.04454,38.69749],[-77.04446,38.6974],[-77.04443,38.69735],[-77.04434,38.69726],[-77.0443,38.69724],[-77.04422,38.69724]]},"properties":{"name":"Trails-Piscataway  Pi","src":"nps"}},{"type":"Feature","geometry":{"type":"LineString","coordinates":[[-77.06595,38.69532],[-77.06595,38.69532],[-77.06595,38.69538],[-77.06594,38.69543],[-77.06593,38.69549],[-77.06593,38.69555],[-77.06591,38.69562],[-77.06592,38.69567],[-77.06593,38.69572]]},"properties":{"name":"Trails-Piscataway  Pi","src":"nps"}},{"type":"Feature","geometry":{"type":"LineString","coordinates":[[-77.06602,38.69526],[-77.06605,38.69526],[-77.06612,38.69524],[-77.0662,38.69522],[-77.06627,38.69519],[-77.06635,38.69518],[-77.06639,38.69521],[-77.06639,38.69522],[-77.06646,38.69525],[-77.06652,38.69529],[-77.06657,38.69534],[-77.06662,38.69539],[-77.06665,38.69544],[-77.06668,38.69549],[-77.06673,38.6955],[-77.0668,38.69551],[-77.06685,38.69553],[-77.0669,38.69556],[-77.06696,38.69557],[-77.06702,38.69556],[-77.06709,38.69554],[-77.06717,38.69553],[-77.06724,38.69551],[-77.0673,38.6955],[-77.06737,38.69548],[-77.06743,38.69547],[-77.0675,38.69547],[-77.06757,38.69546],[-77.06764,38.69545],[-77.06772,38.69543],[-77.06779,38.69541],[-77.06784,38.6954],[-77.06789,38.69542],[-77.06794,38.69542],[-77.068,38.69542],[-77.06806,38.69541],[-77.06814,38.69539],[-77.06821,38.69536],[-77.06827,38.69533],[-77.06833,38.6953],[-77.06839,38.69528],[-77.06846,38.69525],[-77.06852,38.69522],[-77.06857,38.69519],[-77.06861,38.69516],[-77.06866,38.69511],[-77.06871,38.69507],[-77.06874,38.69502],[-77.06875,38.69497],[-77.06878,38.69492],[-77.06879,38.69491]]},"properties":{"name":"Trails-Piscataway  Pi","src":"nps"}},{"type":"Feature","geometry":{"type":"LineString","coordinates":[[-77.06308,38.69524],[-77.06305,38.69523],[-77.06299,38.69522],[-77.06296,38.69522],[-77.06293,38.69522],[-77.06291,38.69521],[-77.06288,38.69521],[-77.06284,38.69521],[-77.0628,38.6952],[-77.06278,38.69518],[-77.06276,38.69516],[-77.06267,38.69514],[-77.06264,38.69514],[-77.06261,38.69515],[-77.06258,38.69516],[-77.06249,38.69516],[-77.06245,38.69517],[-77.06244,38.69518],[-77.06243,38.69517],[-77.0624,38.69517],[-77.06236,38.69518],[-77.06233,38.69517],[-77.06228,38.69518],[-77.06225,38.69518],[-77.06219,38.69519],[-77.06215,38.6952],[-77.06211,38.69522],[-77.06208,38.69523],[-77.06206,38.69524],[-77.06202,38.69525],[-77.06198,38.69526],[-77.06195,38.69526],[-77.06192,38.69528],[-77.06188,38.69529],[-77.06186,38.69529],[-77.06186,38.69529],[-77.06185,38.69529],[-77.06181,38.69531],[-77.06177,38.69533],[-77.06172,38.69535],[-77.06166,38.69537],[-77.06161,38.69538],[-77.06156,38.6954],[-77.06151,38.69541],[-77.06148,38.69542],[-77.06148,38.69542],[-77.0614,38.69543],[-77.06136,38.69543],[-77.0613,38.69543],[-77.06125,38.69543],[-77.0612,38.69543],[-77.06116,38.69541],[-77.06111,38.6954],[-77.06107,38.69539],[-77.06103,38.69538],[-77.061,38.69535],[-77.06098,38.69532],[-77.06096,38.6953],[-77.06089,38.69524],[-77.06086,38.69523],[-77.06086,38.69523]]},"properties":{"name":"Trails-Piscataway  Pi","src":"nps"}},{"type":"Feature","geometry":{"type":"LineString","coordinates":[[-77.06593,38.69529],[-77.06587,38.6953],[-77.0658,38.69532],[-77.06573,38.69533],[-77.06565,38.69533],[-77.06559,38.69533],[-77.06553,38.69531],[-77.06548,38.69528],[-77.06543,38.69524],[-77.06539,38.69519],[-77.06534,38.69514],[-77.06528,38.69509],[-77.06522,38.69506],[-77.06516,38.69502],[-77.06515,38.69501],[-77.06512,38.69497],[-77.06509,38.69491],[-77.06509,38.69483],[-77.06509,38.69482]]},"properties":{"name":"Trails-Piscataway  Pi","src":"nps"}},{"type":"Feature","geometry":{"type":"LineString","coordinates":[[-77.0649,38.69264],[-77.06487,38.69264],[-77.06483,38.69265],[-77.06479,38.69266],[-77.06474,38.69267],[-77.06466,38.69267],[-77.06461,38.69268],[-77.06457,38.69268],[-77.06452,38.69268],[-77.06448,38.69267],[-77.06443,38.69267],[-77.06436,38.69264],[-77.0643,38.69262],[-77.06425,38.69263],[-77.0642,38.69263],[-77.06415,38.69263],[-77.06412,38.69263],[-77.06394,38.69263],[-77.06381,38.69264],[-77.06372,38.69262],[-77.06372,38.6926],[-77.06351,38.69261],[-77.06346,38.6926],[-77.06343,38.6926],[-77.0634,38.6926],[-77.06323,38.69257],[-77.06319,38.69257],[-77.0631,38.69255],[-77.06306,38.69255],[-77.06302,38.69255],[-77.06283,38.69256],[-77.06275,38.69255],[-77.06275,38.69255],[-77.06274,38.69257],[-77.06269,38.6926],[-77.06261,38.69264],[-77.06256,38.6926],[-77.06254,38.6926],[-77.06252,38.6926],[-77.06244,38.69261],[-77.06236,38.69264],[-77.06233,38.69265],[-77.06228,38.69265],[-77.06226,38.69265],[-77.06225,38.69265],[-77.06222,38.69267],[-77.06222,38.69269],[-77.06223,38.69271],[-77.06222,38.69276],[-77.06219,38.69278],[-77.06218,38.69279],[-77.06215,38.69282],[-77.06216,38.69283],[-77.06214,38.69285],[-77.06209,38.69286],[-77.06206,38.69288],[-77.06201,38.69288],[-77.06199,38.69289],[-77.06193,38.6929],[-77.06189,38.6929],[-77.06186,38.69292],[-77.06183,38.69293],[-77.0618,38.69296],[-77.06173,38.693],[-77.06171,38.69304],[-77.06166,38.69304],[-77.06163,38.69305],[-77.06162,38.69306],[-77.0616,38.69306],[-77.06155,38.69308],[-77.06148,38.69309],[-77.06145,38.69308],[-77.06142,38.69307],[-77.06141,38.69308],[-77.06138,38.69308],[-77.06135,38.69307],[-77.06131,38.69307],[-77.06126,38.69306],[-77.06121,38.69305],[-77.06118,38.69306],[-77.06113,38.69308],[-77.06112,38.69307],[-77.06106,38.69307],[-77.06105,38.69308],[-77.06101,38.69309],[-77.061,38.69308],[-77.06097,38.69308],[-77.06094,38.69307],[-77.06094,38.69306],[-77.06094,38.69306],[-77.06093,38.69304],[-77.06092,38.69301],[-77.06087,38.69299],[-77.06083,38.69295],[-77.0608,38.69292],[-77.06077,38.69291],[-77.06072,38.69291],[-77.06065,38.69289],[-77.06061,38.6929],[-77.06059,38.69292],[-77.06057,38.69292],[-77.06057,38.69292],[-77.06053,38.69291],[-77.06051,38.6929],[-77.0605,38.69289],[-77.06047,38.69288],[-77.06047,38.69285],[-77.06044,38.69284],[-77.06042,38.69283],[-77.0604,38.69283],[-77.06038,38.69283],[-77.06032,38.69283],[-77.06029,38.69284],[-77.06027,38.69283],[-77.06024,38.69284],[-77.06022,38.69286],[-77.0602,38.69289],[-77.06018,38.69291],[-77.06017,38.69294],[-77.06015,38.69296],[-77.06014,38.69299],[-77.06012,38.69303],[-77.06011,38.69304],[-77.06009,38.69306],[-77.06009,38.69307],[-77.06008,38.69313],[-77.06009,38.69314],[-77.06009,38.69318],[-77.06008,38.69321],[-77.06009,38.69323],[-77.06008,38.69324],[-77.06008,38.69326],[-77.06007,38.69329],[-77.06006,38.6933],[-77.05999,38.69335],[-77.05996,38.69338],[-77.05995,38.69339],[-77.05995,38.69342],[-77.05992,38.6935],[-77.05991,38.69352],[-77.05989,38.69355],[-77.05988,38.69358],[-77.05988,38.6936],[-77.05988,38.6936],[-77.05987,38.69361],[-77.05987,38.69365],[-77.05986,38.69368],[-77.05986,38.6937],[-77.05986,38.69372],[-77.05988,38.69372],[-77.05992,38.69373],[-77.05994,38.69375],[-77.05997,38.69377],[-77.05999,38.69378],[-77.06001,38.69382],[-77.06005,38.69383],[-77.06008,38.69388],[-77.06007,38.69391],[-77.06007,38.69392],[-77.06008,38.69395],[-77.06011,38.69398],[-77.06015,38.69401],[-77.06018,38.69403],[-77.06022,38.69406],[-77.06029,38.69412],[-77.06034,38.69414],[-77.06037,38.69418],[-77.06041,38.69421],[-77.06045,38.69425],[-77.06049,38.69427],[-77.06052,38.6943],[-77.06055,38.69431],[-77.06061,38.69437],[-77.06065,38.6944],[-77.06068,38.69444],[-77.06073,38.69445],[-77.06076,38.69447],[-77.06079,38.6945],[-77.06082,38.69454],[-77.06085,38.69457],[-77.06089,38.69458],[-77.06098,38.69466],[-77.06107,38.69474],[-77.06112,38.69478],[-77.06115,38.6948],[-77.06118,38.69482],[-77.06121,38.69485],[-77.06125,38.69487],[-77.06128,38.69489],[-77.06131,38.69492],[-77.06134,38.69495],[-77.06138,38.69497],[-77.06141,38.695],[-77.06145,38.69503],[-77.06148,38.69506],[-77.06152,38.69507],[-77.06155,38.69508],[-77.06159,38.69509],[-77.06162,38.69511],[-77.06166,38.69512],[-77.06169,38.69512],[-77.06172,38.69514],[-77.06175,38.69517],[-77.06178,38.69519],[-77.0618,38.69521],[-77.06182,38.69524],[-77.06184,38.69527],[-77.06185,38.69529]]},"properties":{"name":"Trails-Piscataway  Pi","src":"nps"}},{"type":"Feature","geometry":{"type":"MultiLineString","coordinates":[[[-77.06506,38.69477],[-77.06504,38.69477],[-77.065,38.69478],[-77.06495,38.69478],[-77.06491,38.69478],[-77.06487,38.69479],[-77.06484,38.69481],[-77.06482,38.69482],[-77.06481,38.69483],[-77.0648,38.69484],[-77.06476,38.6949],[-77.06475,38.69492],[-77.06472,38.69495],[-77.06471,38.69497],[-77.0647,38.69498],[-77.0647,38.69499]],[[-77.06515,38.69501],[-77.06513,38.69502],[-77.06508,38.69503],[-77.06502,38.69505],[-77.06499,38.69504],[-77.06495,38.69505],[-77.06492,38.69503],[-77.06489,38.69502],[-77.06485,38.69501],[-77.06482,38.69501],[-77.06477,38.695],[-77.0647,38.69499]],[[-77.0647,38.69499],[-77.0647,38.69502],[-77.06467,38.69505],[-77.06466,38.69508],[-77.06464,38.69512],[-77.06463,38.69515],[-77.06463,38.69518],[-77.0646,38.69522],[-77.06457,38.69525],[-77.06455,38.69527],[-77.06453,38.69528]],[[-77.0647,38.69499],[-77.0647,38.69498],[-77.06463,38.69496],[-77.06459,38.69495],[-77.06456,38.69494],[-77.06452,38.69494],[-77.06449,38.69494],[-77.06443,38.69495],[-77.06438,38.69495],[-77.06437,38.69495],[-77.06435,38.69495],[-77.06431,38.69496],[-77.06422,38.69499],[-77.06421,38.69498],[-77.06419,38.69498],[-77.06416,38.69498],[-77.06413,38.69499],[-77.06412,38.69499],[-77.0641,38.695],[-77.06408,38.69501],[-77.06408,38.69501]]]},"properties":{"name":"Trails-Piscataway  Pi","src":"nps"}},{"type":"Feature","geometry":{"type":"LineString","coordinates":[[-77.05531,38.69331],[-77.05529,38.69333],[-77.05511,38.69341],[-77.05507,38.69343],[-77.05502,38.69345],[-77.05498,38.69347],[-77.05493,38.69349],[-77.05489,38.69352],[-77.05484,38.69354],[-77.0548,38.69355],[-77.05475,38.69358],[-77.0547,38.6936],[-77.05465,38.69362],[-77.05461,38.69364],[-77.05457,38.69366],[-77.05455,38.69369],[-77.05452,38.69373],[-77.05449,38.69377],[-77.05446,38.69381],[-77.05443,38.69385],[-77.0544,38.69389],[-77.05438,38.69392],[-77.05435,38.69394],[-77.0543,38.69397],[-77.05426,38.694],[-77.05421,38.69404],[-77.05416,38.69407],[-77.05411,38.6941],[-77.05406,38.69413],[-77.05401,38.69417],[-77.05396,38.6942],[-77.05391,38.69424],[-77.05386,38.69427],[-77.05381,38.69431],[-77.05376,38.69434],[-77.05371,38.69438],[-77.05366,38.69442],[-77.05361,38.69445],[-77.05356,38.69449],[-77.05351,38.69453],[-77.05346,38.69456],[-77.05341,38.6946],[-77.05336,38.69464],[-77.05331,38.69467],[-77.05326,38.69471],[-77.05322,38.69474],[-77.05318,38.69478],[-77.05316,38.69481],[-77.05313,38.69482],[-77.0531,38.69484],[-77.05308,38.69485],[-77.05303,38.69487],[-77.05297,38.6949],[-77.05292,38.69493],[-77.05287,38.69495],[-77.05284,38.69497],[-77.05283,38.69499],[-77.0528,38.69502],[-77.05277,38.69506],[-77.05274,38.6951],[-77.05272,38.69514],[-77.05269,38.69518],[-77.05266,38.69522],[-77.05263,38.69525]]},"properties":{"name":"Trails-Piscataway  Pi","src":"nps"}},{"type":"Feature","geometry":{"type":"LineString","coordinates":[[-77.06408,38.69501],[-77.06407,38.69502],[-77.06404,38.69502],[-77.064,38.69503],[-77.06396,38.69504],[-77.06392,38.69505],[-77.06391,38.69505],[-77.06387,38.69504],[-77.06384,38.69504],[-77.0638,38.69505],[-77.06376,38.69505],[-77.06373,38.69505],[-77.0637,38.69504],[-77.06368,38.69504],[-77.06365,38.69505],[-77.06363,38.69505],[-77.0636,38.69507],[-77.06358,38.6951],[-77.06355,38.69511],[-77.06351,38.69512],[-77.06347,38.69514],[-77.06343,38.69515],[-77.06341,38.69516],[-77.06339,38.69516],[-77.06336,38.69517],[-77.06333,38.69518],[-77.06328,38.69519],[-77.06323,38.6952],[-77.06318,38.69521],[-77.06314,38.69522],[-77.06311,38.69523],[-77.06308,38.69524]]},"properties":{"name":"Trails-Piscataway  Pi","src":"nps"}},{"type":"Feature","geometry":{"type":"LineString","coordinates":[[-77.06879,38.69491],[-77.0688,38.6949],[-77.06886,38.69486],[-77.06892,38.69484],[-77.06899,38.69482],[-77.06904,38.69478],[-77.06907,38.69474],[-77.0691,38.69472],[-77.0691,38.69471],[-77.06906,38.69466],[-77.06904,38.69461],[-77.06901,38.69455],[-77.06897,38.6945],[-77.06894,38.69445],[-77.06894,38.69445],[-77.06895,38.69444],[-77.06901,38.6944],[-77.06906,38.69435],[-77.06913,38.69432],[-77.06919,38.69428],[-77.06926,38.69424],[-77.06932,38.6942],[-77.06937,38.69415],[-77.06942,38.69411],[-77.06947,38.69408],[-77.06956,38.69402],[-77.06962,38.69399],[-77.06969,38.69397],[-77.06977,38.69396],[-77.06985,38.69394],[-77.06992,38.69393],[-77.06998,38.69391]]},"properties":{"name":"Trails-Piscataway  Pi","src":"nps"}},{"type":"Feature","geometry":{"type":"MultiLineString","coordinates":[[[-77.0531,38.69484],[-77.0531,38.69484],[-77.05307,38.69481],[-77.05304,38.69477],[-77.053,38.69473],[-77.05297,38.69469],[-77.05293,38.69465],[-77.05289,38.69461],[-77.05285,38.69457],[-77.05281,38.69453],[-77.05276,38.6945],[-77.05271,38.69449],[-77.05269,38.69447],[-77.05267,38.69445],[-77.05263,38.69442],[-77.05256,38.69439],[-77.05246,38.69431],[-77.05246,38.69429],[-77.05241,38.69422],[-77.05236,38.6942],[-77.05231,38.69417],[-77.05225,38.69413],[-77.05223,38.69408],[-77.0522,38.69407],[-77.05216,38.69402],[-77.05211,38.69399],[-77.05208,38.69395],[-77.05203,38.6939],[-77.052,38.69386],[-77.05192,38.69376],[-77.05182,38.69371],[-77.05176,38.69368],[-77.05175,38.69364],[-77.05171,38.69359],[-77.05168,38.69354],[-77.05165,38.6935],[-77.05162,38.69345],[-77.0516,38.69334],[-77.05158,38.69329],[-77.05154,38.69323],[-77.05152,38.69317],[-77.05148,38.69313],[-77.05143,38.69312],[-77.05139,38.6931],[-77.05137,38.69306],[-77.05134,38.69301],[-77.05132,38.69296],[-77.05129,38.69291],[-77.05126,38.69288],[-77.05122,38.69283],[-77.0512,38.69279],[-77.05119,38.69276],[-77.05121,38.69275],[-77.05122,38.69271],[-77.05125,38.69266],[-77.05124,38.69261],[-77.05124,38.69257]],[[-77.05124,38.69257],[-77.05126,38.69253],[-77.05127,38.69248],[-77.05131,38.69242],[-77.05133,38.69238],[-77.05135,38.69233],[-77.05136,38.69227],[-77.05135,38.69222],[-77.05131,38.69218],[-77.05128,38.69215],[-77.05125,38.69211],[-77.05122,38.69207],[-77.05117,38.69203],[-77.05114,38.69196],[-77.05112,38.69194],[-77.0511,38.69191],[-77.05102,38.69187],[-77.05099,38.69184],[-77.05097,38.6918],[-77.05095,38.69176],[-77.05092,38.69173],[-77.05089,38.69169],[-77.0509,38.69164],[-77.05087,38.69159],[-77.05088,38.69154],[-77.05088,38.69149],[-77.05089,38.69144],[-77.05087,38.69138],[-77.05083,38.69134],[-77.05078,38.69132],[-77.05072,38.6913]],[[-77.05124,38.69257],[-77.05119,38.69253],[-77.05114,38.69248],[-77.0511,38.69242],[-77.05107,38.69232],[-77.05107,38.6923],[-77.05106,38.69226],[-77.05098,38.69215],[-77.05094,38.69214],[-77.05089,38.69211],[-77.05084,38.69209],[-77.05084,38.69209],[-77.05085,38.69206],[-77.05084,38.692],[-77.05081,38.69189],[-77.0508,38.69183],[-77.05078,38.69178],[-77.05077,38.69167],[-77.05076,38.69162],[-77.05074,38.69157],[-77.05073,38.69151],[-77.0507,38.69146],[-77.05071,38.69135],[-77.05072,38.6913]],[[-77.05072,38.6913],[-77.05067,38.69126],[-77.05065,38.69121],[-77.05064,38.69104],[-77.05068,38.69099],[-77.05071,38.69093],[-77.05074,38.69087],[-77.05076,38.69081],[-77.05079,38.69075],[-77.05079,38.69069],[-77.05076,38.69063],[-77.05074,38.69058],[-77.05072,38.69052],[-77.05069,38.69046],[-77.05067,38.6904],[-77.05064,38.69035],[-77.05062,38.69029],[-77.05059,38.69024],[-77.05058,38.6902],[-77.05057,38.69019],[-77.05055,38.69015],[-77.05052,38.69009],[-77.0505,38.69003],[-77.05048,38.68997],[-77.05046,38.68992],[-77.05043,38.68988],[-77.05043,38.68988]]]},"properties":{"name":"Trails-Piscataway  Pi","src":"nps"}},{"type":"Feature","geometry":{"type":"LineString","coordinates":[[-77.0703,38.69429],[-77.07029,38.69429],[-77.07024,38.69426],[-77.07022,38.69421],[-77.07021,38.69416],[-77.07019,38.6941],[-77.07013,38.69407],[-77.07007,38.69405],[-77.07003,38.69401],[-77.07001,38.69394],[-77.06998,38.69391]]},"properties":{"name":"Trails-Piscataway  Pi","src":"nps"}},{"type":"Feature","geometry":{"type":"LineString","coordinates":[[-77.0722,38.69257],[-77.07225,38.69261],[-77.07228,38.69263],[-77.07228,38.69268],[-77.07229,38.69272],[-77.07228,38.69275],[-77.07227,38.6928],[-77.07225,38.69285],[-77.0722,38.69288],[-77.07213,38.69289],[-77.07206,38.69291],[-77.07201,38.69296],[-77.07196,38.69301],[-77.07191,38.69305],[-77.07185,38.69309],[-77.07178,38.69313],[-77.07171,38.69315],[-77.07163,38.69317],[-77.07155,38.69319],[-77.07148,38.69322],[-77.07141,38.69325],[-77.07135,38.69328],[-77.07129,38.69331],[-77.07123,38.69334],[-77.07115,38.69338],[-77.07108,38.69341],[-77.07101,38.69345],[-77.07094,38.69348],[-77.07088,38.69351],[-77.07081,38.69354],[-77.07075,38.69357],[-77.07068,38.69361],[-77.07062,38.69364],[-77.07056,38.69368],[-77.0705,38.69371],[-77.07044,38.69374],[-77.0704,38.69376],[-77.07038,38.69379],[-77.07031,38.69382],[-77.07024,38.69384],[-77.07016,38.69386],[-77.07007,38.69387],[-77.07001,38.69389],[-77.06998,38.69391]]},"properties":{"name":"Trails-Piscataway  Pi","src":"nps"}},{"type":"Feature","geometry":{"type":"LineString","coordinates":[[-77.05531,38.69314],[-77.05531,38.69315],[-77.0553,38.6932],[-77.05531,38.69331]]},"properties":{"name":"Trails-Piscataway  Pi","src":"nps"}},{"type":"Feature","geometry":{"type":"LineString","coordinates":[[-77.05531,38.69314],[-77.05529,38.69314],[-77.05527,38.69315],[-77.05524,38.69312],[-77.05521,38.69309],[-77.05519,38.69307],[-77.05517,38.69304],[-77.05515,38.69302],[-77.05512,38.69299],[-77.0551,38.69296],[-77.05509,38.69293],[-77.05509,38.69289],[-77.05507,38.69286],[-77.05506,38.69282],[-77.05504,38.6928],[-77.055,38.69278],[-77.05497,38.69277],[-77.05493,38.69276],[-77.0549,38.69275],[-77.05486,38.69274],[-77.05483,38.69272],[-77.0548,38.69271],[-77.05478,38.6927],[-77.05475,38.69267],[-77.05473,38.69264],[-77.05471,38.69262],[-77.05468,38.69259],[-77.05465,38.69257],[-77.05463,38.69255],[-77.05463,38.69252],[-77.05465,38.6925],[-77.05466,38.69246],[-77.05466,38.69243],[-77.05467,38.6924],[-77.05466,38.69236],[-77.05466,38.69233],[-77.05464,38.69231],[-77.05463,38.69228],[-77.05462,38.69225],[-77.05462,38.69222],[-77.0546,38.69219],[-77.05459,38.69217],[-77.05458,38.69216],[-77.05457,38.69213],[-77.05457,38.69212],[-77.05455,38.6921],[-77.05453,38.69208],[-77.05449,38.69204],[-77.05447,38.69202],[-77.05445,38.69199],[-77.05445,38.69197],[-77.05443,38.69195],[-77.05441,38.69193],[-77.0544,38.6919],[-77.0544,38.69188],[-77.0544,38.69185],[-77.0544,38.69182],[-77.0544,38.6918],[-77.05439,38.69178],[-77.05436,38.69176],[-77.05435,38.69175],[-77.05433,38.69174],[-77.0543,38.69171],[-77.05429,38.69168],[-77.05429,38.69165],[-77.05428,38.69163],[-77.05427,38.69161],[-77.05425,38.69158],[-77.05422,38.69157],[-77.05416,38.69154],[-77.05415,38.69152],[-77.05413,38.6915],[-77.0541,38.69148],[-77.05409,38.69145],[-77.05409,38.69143],[-77.05409,38.69142],[-77.05409,38.69139],[-77.05408,38.69135],[-77.05407,38.69132],[-77.05405,38.69129],[-77.05403,38.69126],[-77.054,38.69124],[-77.05397,38.69121],[-77.05395,38.69119],[-77.05393,38.69115],[-77.05392,38.69112],[-77.05389,38.69107],[-77.05388,38.69105],[-77.05387,38.69102],[-77.05386,38.69099],[-77.05386,38.69096],[-77.05387,38.69093],[-77.05391,38.69091],[-77.05395,38.6909],[-77.05396,38.69088],[-77.05396,38.69084],[-77.05394,38.69082],[-77.05389,38.69078],[-77.05388,38.69077],[-77.05388,38.69075],[-77.0539,38.69074],[-77.05391,38.69074],[-77.05392,38.69073],[-77.05394,38.69072],[-77.05396,38.6907],[-77.05397,38.69069],[-77.05397,38.69067],[-77.05398,38.69064],[-77.054,38.69062],[-77.054,38.6906],[-77.05401,38.69057],[-77.05402,38.69055],[-77.05404,38.69053],[-77.05405,38.69051],[-77.05405,38.69048],[-77.05405,38.69044],[-77.05404,38.69037],[-77.05402,38.69033],[-77.05399,38.69031],[-77.05395,38.6903],[-77.05392,38.69028],[-77.0539,38.69025],[-77.05384,38.6902],[-77.05377,38.69018],[-77.05373,38.69018],[-77.05369,38.69017],[-77.05367,38.69014],[-77.05366,38.69012],[-77.05365,38.69009],[-77.05363,38.69006],[-77.05359,38.69001],[-77.05356,38.68997],[-77.05357,38.68991],[-77.05357,38.68988],[-77.05358,38.68985],[-77.05355,38.68982],[-77.05354,38.6898],[-77.05351,38.68978],[-77.05347,38.68977],[-77.05343,38.68975],[-77.0534,38.68973],[-77.05337,38.6897],[-77.05334,38.68968],[-77.0533,38.68965],[-77.05327,38.68963],[-77.05325,38.6896],[-77.05325,38.68958],[-77.05324,38.68955],[-77.05323,38.68952],[-77.05321,38.6895],[-77.05317,38.68949],[-77.05313,38.68951],[-77.0531,38.68949],[-77.05309,38.68947],[-77.05306,38.68944],[-77.05303,38.68943],[-77.05298,38.68942],[-77.05294,38.68941],[-77.0529,38.6894],[-77.05286,38.68941],[-77.05282,38.68941],[-77.05279,38.68938],[-77.05276,38.68935],[-77.05273,38.68932],[-77.05269,38.6893],[-77.05266,38.68928],[-77.05262,38.68927],[-77.05258,38.68927],[-77.05254,38.68926],[-77.0525,38.68924],[-77.05246,38.68923],[-77.05241,38.68923],[-77.05236,38.68922],[-77.05232,38.68921],[-77.05229,38.68919],[-77.05226,38.68918],[-77.05223,38.68918],[-77.05219,38.68919],[-77.05215,38.68919],[-77.05211,38.68919],[-77.05208,38.68919],[-77.05207,38.68919],[-77.05207,38.68919]]},"properties":{"name":"Trails-Piscataway  Pi","src":"nps"}},{"type":"Feature","geometry":{"type":"LineString","coordinates":[[-77.05615,38.69284],[-77.05613,38.69287],[-77.05606,38.69289],[-77.05597,38.69289],[-77.05581,38.69291],[-77.05561,38.69295],[-77.05547,38.69299],[-77.0554,38.69302],[-77.05535,38.69305],[-77.05533,38.69307],[-77.05531,38.6931],[-77.05531,38.69314]]},"properties":{"name":"Trails-Piscataway  Pi","src":"nps"}},{"type":"Feature","geometry":{"type":"LineString","coordinates":[[-77.0705,38.69228],[-77.07045,38.69232],[-77.07041,38.69237],[-77.07037,38.69242],[-77.07034,38.69247],[-77.07031,38.69254],[-77.07028,38.6926],[-77.07026,38.69266],[-77.07022,38.69271],[-77.07019,38.69275],[-77.07017,38.69281],[-77.07014,38.69286],[-77.07007,38.69289],[-77.07,38.69291],[-77.06993,38.69293],[-77.06991,38.69293]]},"properties":{"name":"Trails-Piscataway  Pi","src":"nps"}},{"type":"Feature","geometry":{"type":"MultiLineString","coordinates":[[[-77.0688,38.69274],[-77.06881,38.69274],[-77.06892,38.6927],[-77.06903,38.69264],[-77.06916,38.69259],[-77.06929,38.69253],[-77.06942,38.69248],[-77.06956,38.69242],[-77.0697,38.69236],[-77.06982,38.69227],[-77.06983,38.69215],[-77.06958,38.69152],[-77.06943,38.6912],[-77.06937,38.6911],[-77.06936,38.69108],[-77.06933,38.69102],[-77.0693,38.69094],[-77.06927,38.69086],[-77.06924,38.69079],[-77.06923,38.69072],[-77.06928,38.69066],[-77.06944,38.69062],[-77.0696,38.69058],[-77.06975,38.69054],[-77.06989,38.6905],[-77.07003,38.69045],[-77.07019,38.69039],[-77.07034,38.69033],[-77.07047,38.69028],[-77.07062,38.69023],[-77.07074,38.69019],[-77.07083,38.69015],[-77.07093,38.69012],[-77.07105,38.69009],[-77.07118,38.69005],[-77.07144,38.68996],[-77.07153,38.68993],[-77.07163,38.68988],[-77.07173,38.68985],[-77.07183,38.68982],[-77.07195,38.68978],[-77.07212,38.6897],[-77.07212,38.68969],[-77.07213,38.68969],[-77.07226,38.68962],[-77.07231,38.68959]],[[-77.07407,38.6889],[-77.07409,38.68891],[-77.07413,38.68891],[-77.07416,38.6889],[-77.0742,38.6889],[-77.07426,38.68893],[-77.07438,38.68898],[-77.07444,38.68901],[-77.07449,38.68904],[-77.0745,38.68905],[-77.07454,38.68909],[-77.07457,38.68914],[-77.0746,38.6892],[-77.07464,38.68926],[-77.07467,38.68931],[-77.0747,38.68937],[-77.07473,38.68942],[-77.07475,38.68948],[-77.07479,38.68954],[-77.07483,38.68959],[-77.07486,38.68964],[-77.07489,38.68969],[-77.07492,38.68974],[-77.07495,38.68978],[-77.07495,38.68978],[-77.07497,38.68981],[-77.075,38.68986],[-77.07504,38.68991],[-77.07507,38.68996],[-77.07509,38.69002],[-77.07511,38.69008],[-77.07515,38.69013],[-77.07519,38.69019],[-77.07523,38.69024],[-77.07526,38.69029],[-77.07529,38.69035],[-77.07532,38.69041],[-77.07535,38.69046],[-77.07539,38.69051],[-77.07542,38.69057],[-77.07546,38.69061],[-77.07549,38.69065],[-77.07548,38.69068],[-77.07545,38.69072],[-77.0754,38.69076],[-77.07534,38.69081],[-77.07528,38.69085],[-77.07521,38.69088],[-77.07515,38.69092],[-77.07508,38.69094],[-77.07501,38.69097],[-77.07498,38.69098],[-77.07497,38.69098],[-77.07489,38.691],[-77.07481,38.69102],[-77.07472,38.69104],[-77.07464,38.69107],[-77.07456,38.69111],[-77.07449,38.69115],[-77.07443,38.69119],[-77.07436,38.69124],[-77.07429,38.69128],[-77.07423,38.69133],[-77.07417,38.69137],[-77.0741,38.69141],[-77.07404,38.69143],[-77.07396,38.69144],[-77.07386,38.69141],[-77.0735,38.69094],[-77.07337,38.69078],[-77.07314,38.69044],[-77.07309,38.69037],[-77.07302,38.69032],[-77.07297,38.69026],[-77.07293,38.69019],[-77.07289,38.69013],[-77.07286,38.69005],[-77.07282,38.68998],[-77.07279,38.68991],[-77.07275,38.68983],[-77.07272,38.68976],[-77.07269,38.68969],[-77.07266,38.68962],[-77.07262,38.68955],[-77.07259,38.68949]],[[-77.07407,38.6889],[-77.07397,38.68895],[-77.07385,38.689],[-77.07372,38.68906],[-77.07357,38.68913],[-77.07341,38.6892],[-77.07325,38.68925],[-77.07313,38.68929],[-77.07302,38.68934],[-77.07293,38.68938],[-77.07289,38.68939],[-77.07279,38.68942],[-77.07275,38.68944],[-77.07264,38.68947],[-77.07259,38.68949]],[[-77.07407,38.6889],[-77.07406,38.68887],[-77.07401,38.68883],[-77.07394,38.68881],[-77.07387,38.68879],[-77.07375,38.68871],[-77.07368,38.68868],[-77.07362,38.68865],[-77.0735,38.68862],[-77.07345,38.68861],[-77.0734,38.68862],[-77.07332,38.68866],[-77.07319,38.68871],[-77.07312,38.68872],[-77.07305,38.68873],[-77.07298,38.68877],[-77.07292,38.68878],[-77.07285,38.6888],[-77.07278,38.68882],[-77.07265,38.68887],[-77.07258,38.68888],[-77.07251,38.6889],[-77.07237,38.68893],[-77.0723,38.68895],[-77.07223,38.68898],[-77.07217,38.68902],[-77.07212,38.68906],[-77.07213,38.68912],[-77.07213,38.68917],[-77.07215,38.68923],[-77.07219,38.68929],[-77.07221,38.68932],[-77.07222,38.68938],[-77.07224,38.68944],[-77.07228,38.68949],[-77.0723,38.68954],[-77.0723,38.68957],[-77.07231,38.68959]],[[-77.07259,38.68949],[-77.0725,38.68952],[-77.07237,38.68957],[-77.07231,38.68959]]]},"properties":{"name":"Trails-Piscataway  Pi","src":"nps"}},{"type":"Feature","geometry":{"type":"LineString","coordinates":[[-77.0705,38.69228],[-77.07055,38.69231],[-77.07062,38.69235],[-77.07069,38.69237],[-77.07077,38.69238],[-77.07084,38.69239],[-77.0709,38.69242],[-77.07096,38.69246],[-77.07101,38.6925],[-77.07106,38.69254],[-77.0711,38.69258],[-77.07115,38.69262],[-77.07123,38.69264],[-77.07131,38.69265],[-77.07139,38.69265],[-77.07147,38.69265],[-77.07155,38.69265],[-77.07163,38.69265],[-77.0717,38.69265],[-77.07178,38.69265],[-77.07186,38.69267],[-77.07194,38.69268],[-77.07201,38.69267],[-77.07209,38.69266],[-77.07214,38.69262],[-77.07216,38.69261],[-77.0722,38.69257]]},"properties":{"name":"Trails-Piscataway  Pi","src":"nps"}},{"type":"Feature","geometry":{"type":"LineString","coordinates":[[-77.0722,38.69257],[-77.07221,38.69251],[-77.07222,38.69246],[-77.07222,38.6924],[-77.07222,38.69233],[-77.07222,38.69227],[-77.07223,38.6922],[-77.07222,38.69215],[-77.07222,38.69209],[-77.0722,38.69206],[-77.07216,38.69202],[-77.07211,38.69201]]},"properties":{"name":"Trails-Piscataway  Pi","src":"nps"}},{"type":"Feature","geometry":{"type":"LineString","coordinates":[[-77.07211,38.69201],[-77.07207,38.69201],[-77.07202,38.69201],[-77.07197,38.69203],[-77.07192,38.69205],[-77.07185,38.69208],[-77.07178,38.69207],[-77.07173,38.69204],[-77.07171,38.69201],[-77.07169,38.69196],[-77.07167,38.69191],[-77.07161,38.69189],[-77.07155,38.69187],[-77.07149,38.69186],[-77.07144,38.69187],[-77.07137,38.69188],[-77.07132,38.69189],[-77.07126,38.69192],[-77.07121,38.69195],[-77.07115,38.69198],[-77.07109,38.69202],[-77.07103,38.69205],[-77.07097,38.69207],[-77.0709,38.69206],[-77.07084,38.69205],[-77.07078,38.69202],[-77.07072,38.69199],[-77.07068,38.69195],[-77.07065,38.6919],[-77.07059,38.69187],[-77.07053,38.69183],[-77.07047,38.6918],[-77.0704,38.6918],[-77.07034,38.69181],[-77.07029,38.69184],[-77.07023,38.69187],[-77.07018,38.6919],[-77.07012,38.69192],[-77.07007,38.69195],[-77.07003,38.69199],[-77.07,38.69204],[-77.07001,38.69209],[-77.07002,38.69213],[-77.07004,38.69216],[-77.07007,38.69221],[-77.07013,38.69221],[-77.0702,38.6922],[-77.07026,38.69219],[-77.07033,38.69219],[-77.0704,38.69221],[-77.07046,38.69224],[-77.07049,38.69227],[-77.07049,38.69227],[-77.0705,38.69228]]},"properties":{"name":"Trails-Piscataway  Pi","src":"nps"}},{"type":"Feature","geometry":{"type":"LineString","coordinates":[[-77.07351,38.69193],[-77.07351,38.69193],[-77.07348,38.69194],[-77.07342,38.69197],[-77.07336,38.69197],[-77.07323,38.69199],[-77.07318,38.69197],[-77.07313,38.69201],[-77.0731,38.69205],[-77.07304,38.69207],[-77.07297,38.69209],[-77.07292,38.69211],[-77.07289,38.69212],[-77.07282,38.69212],[-77.07275,38.69213],[-77.07267,38.69213],[-77.07259,38.69213],[-77.07253,38.69213],[-77.07248,38.69211],[-77.07242,38.69207],[-77.07236,38.69203],[-77.07229,38.69201],[-77.07228,38.692],[-77.07227,38.692],[-77.07221,38.69199],[-77.07216,38.692],[-77.07211,38.69201]]},"properties":{"name":"Trails-Piscataway  Pi","src":"nps"}},{"type":"Feature","geometry":{"type":"LineString","coordinates":[[-77.07345,38.68861],[-77.07347,38.68857],[-77.07345,38.68853],[-77.0734,38.68851],[-77.07336,38.68847],[-77.07332,38.68845],[-77.07329,38.68841],[-77.07327,38.68839],[-77.07322,38.68838],[-77.07318,38.68841],[-77.07315,38.68843],[-77.07306,38.68842],[-77.07297,38.68842],[-77.07292,38.68841],[-77.07285,38.6884],[-77.07282,38.68837],[-77.07277,38.68835],[-77.07273,38.68835],[-77.07266,38.68837],[-77.07262,38.68836],[-77.07255,38.68837],[-77.07248,38.6884],[-77.07243,38.68838],[-77.07238,38.68837],[-77.07237,38.68836],[-77.07229,38.68837],[-77.07225,38.68837],[-77.07224,38.68835],[-77.07216,38.68837],[-77.07211,38.68835],[-77.07206,38.68836],[-77.07201,38.68836],[-77.07194,38.68839],[-77.07188,38.68836],[-77.07183,38.68833],[-77.07179,38.68829],[-77.07166,38.6883],[-77.07162,38.68831],[-77.07153,38.68829],[-77.07147,38.68827],[-77.07141,38.68828],[-77.0714,38.68826],[-77.07125,38.68824],[-77.0712,38.68821],[-77.07116,38.68817],[-77.07111,38.68815],[-77.07108,38.68818],[-77.07105,38.68817],[-77.071,38.68817],[-77.07098,38.68813],[-77.07088,38.68811],[-77.07082,38.68807],[-77.07075,38.68808],[-77.07069,38.68808],[-77.07065,38.68806],[-77.07062,38.68801],[-77.07056,38.68799],[-77.07054,38.68799],[-77.07039,38.688],[-77.07035,38.68798],[-77.07029,38.68801],[-77.07028,38.68802],[-77.07021,38.6881],[-77.07018,38.68814],[-77.07013,38.68815],[-77.07007,38.68832],[-77.07002,38.68837],[-77.07,38.68838],[-77.06995,38.68841],[-77.06992,38.68856],[-77.06989,38.68863],[-77.06987,38.68875],[-77.06988,38.68881],[-77.06989,38.68886],[-77.06989,38.68891],[-77.06986,38.68891],[-77.06983,38.68894],[-77.0698,38.68896],[-77.06979,38.68899],[-77.06975,38.689],[-77.06974,38.68904],[-77.06963,38.68904],[-77.06961,38.68902],[-77.0696,38.68901],[-77.06951,38.68911],[-77.06946,38.68913],[-77.06946,38.68914],[-77.06942,38.68918],[-77.06941,38.6892],[-77.06949,38.68927],[-77.06952,38.6893],[-77.06957,38.68932],[-77.06966,38.68935],[-77.06968,38.68938],[-77.0697,38.68942],[-77.0697,38.68948],[-77.06968,38.68953],[-77.06961,38.68956],[-77.06956,38.6896],[-77.06952,38.68964],[-77.06947,38.68968],[-77.06941,38.68971],[-77.06934,38.68973],[-77.06928,38.68976],[-77.06922,38.6898],[-77.06917,38.68984],[-77.06913,38.68988],[-77.0691,38.68993],[-77.06907,38.68998],[-77.06905,38.69004],[-77.06904,38.69009],[-77.06905,38.69015],[-77.06907,38.6902],[-77.06908,38.69025],[-77.06911,38.69031],[-77.06912,38.69036],[-77.06915,38.69041],[-77.06918,38.69047],[-77.06922,38.69051],[-77.06924,38.69056],[-77.06927,38.6906],[-77.06926,38.69061],[-77.06928,38.69066]]},"properties":{"name":"Trails-Piscataway  Pi","src":"nps"}}]}